country_code,country,indicator,year,value
DZA,Algeria,current_account_pct_gdp,2025,-8.8140015755314
DZA,Algeria,current_account_pct_gdp,2024,-1.08187898215015
DZA,Algeria,current_account_pct_gdp,2023,2.61523908656851
DZA,Algeria,current_account_pct_gdp,2022,8.62297009518779
DZA,Algeria,current_account_pct_gdp,2021,-2.42326388144805
DZA,Algeria,current_account_pct_gdp,2020,-11.0309095376358
DZA,Algeria,current_account_pct_gdp,2019,-8.76373598794007
DZA,Algeria,current_account_pct_gdp,2018,-8.68941296193565
DZA,Algeria,current_account_pct_gdp,2017,-11.6217683736912
DZA,Algeria,current_account_pct_gdp,2016,-14.4962877563746
DZA,Algeria,current_account_pct_gdp,2015,-14.4205446442815
DZA,Algeria,current_account_pct_gdp,2014,-3.8772158836163
DZA,Algeria,current_account_pct_gdp,2013,0.517147116303438
DZA,Algeria,current_account_pct_gdp,2012,5.32371106942359
DZA,Algeria,current_account_pct_gdp,2011,8.09495300569717
DZA,Algeria,current_account_pct_gdp,2010,6.8736192928034
DZA,Algeria,reserves_months_imports,2025,11.6330571871275
DZA,Algeria,reserves_months_imports,2024,16.5350401385663
DZA,Algeria,reserves_months_imports,2023,17.0519643382633
DZA,Algeria,reserves_months_imports,2022,16.336474497122
DZA,Algeria,reserves_months_imports,2021,13.7665681887564
DZA,Algeria,reserves_months_imports,2020,15.4414562891347
DZA,Algeria,reserves_months_imports,2019,14.4665752336272
DZA,Algeria,reserves_months_imports,2018,15.926933826264
DZA,Algeria,reserves_months_imports,2017,19.3716083235172
DZA,Algeria,reserves_months_imports,2016,22.5792566104523
DZA,Algeria,reserves_months_imports,2015,25.8569065523584
DZA,Algeria,reserves_months_imports,2014,28.1922504423475
DZA,Algeria,reserves_months_imports,2013,32.7812904978346
DZA,Algeria,reserves_months_imports,2012,34.3073971199894
DZA,Algeria,reserves_months_imports,2011,34.8238177143753
DZA,Algeria,reserves_months_imports,2010,36.7819414773253
DZA,Algeria,gdp_growth,2025,3.815543719231
DZA,Algeria,gdp_growth,2024,3.69999999907979
DZA,Algeria,gdp_growth,2023,4.10000000005964
DZA,Algeria,gdp_growth,2022,3.60000000094915
DZA,Algeria,gdp_growth,2021,3.79999999900707
DZA,Algeria,gdp_growth,2020,-4.99999999908597
DZA,Algeria,gdp_growth,2019,0.899999999219148
DZA,Algeria,gdp_growth,2018,1.40000000088281
DZA,Algeria,gdp_growth,2017,1.49999999895587
DZA,Algeria,gdp_growth,2016,3.90000000017621
DZA,Algeria,gdp_growth,2015,3.20000000089023
DZA,Algeria,gdp_growth,2014,4.09999999866501
DZA,Algeria,gdp_growth,2013,2.60000000061164
DZA,Algeria,gdp_growth,2012,2.40000000034432
DZA,Algeria,gdp_growth,2011,2.99999999941909
DZA,Algeria,gdp_growth,2010,4.80000000093564
DZA,Algeria,inflation,2025,1.41835151429016
DZA,Algeria,inflation,2024,4.04611455313434
DZA,Algeria,inflation,2023,9.32217375928322
DZA,Algeria,inflation,2022,9.26551551551552
DZA,Algeria,inflation,2021,7.22606307415477
DZA,Algeria,inflation,2020,2.41513094083413
DZA,Algeria,inflation,2019,1.95176821052891
DZA,Algeria,inflation,2018,4.26999020467083
DZA,Algeria,inflation,2017,5.59111590961663
DZA,Algeria,inflation,2016,6.39769480268756
DZA,Algeria,inflation,2015,4.78444700693889
DZA,Algeria,inflation,2014,2.91692692067458
DZA,Algeria,inflation,2013,3.25423910998847
DZA,Algeria,inflation,2012,8.89145091062317
DZA,Algeria,inflation,2011,4.5242115050527
DZA,Algeria,inflation,2010,3.91106195534028
DZA,Algeria,political_stability,2025,-0.6627361
DZA,Algeria,political_stability,2024,-0.6734924
DZA,Algeria,political_stability,2023,-0.7587739
DZA,Algeria,political_stability,2022,-0.8203027
DZA,Algeria,political_stability,2021,-0.9042696
DZA,Algeria,political_stability,2020,-0.8852519
DZA,Algeria,political_stability,2019,-1.0481506
DZA,Algeria,political_stability,2018,-0.6227951
DZA,Algeria,political_stability,2017,-0.9096673
DZA,Algeria,political_stability,2016,-1.1073349
DZA,Algeria,political_stability,2015,-1.0451594
DZA,Algeria,political_stability,2014,-1.1704616
DZA,Algeria,political_stability,2013,-1.3328531
DZA,Algeria,political_stability,2012,-1.282581
DZA,Algeria,political_stability,2011,-1.4437748
DZA,Algeria,political_stability,2010,-1.3153527
DZA,Algeria,government_effectiveness,2025,-0.1931638
DZA,Algeria,government_effectiveness,2024,-0.2141856
DZA,Algeria,government_effectiveness,2023,-0.3355386
DZA,Algeria,government_effectiveness,2022,-0.331612
DZA,Algeria,government_effectiveness,2021,-0.4508428
DZA,Algeria,government_effectiveness,2020,-0.3186999
DZA,Algeria,government_effectiveness,2019,-0.3482937
DZA,Algeria,government_effectiveness,2018,-0.3494497
DZA,Algeria,government_effectiveness,2017,-0.5690754
DZA,Algeria,government_effectiveness,2016,-0.4665027
DZA,Algeria,government_effectiveness,2015,-0.3499881
DZA,Algeria,government_effectiveness,2014,-0.3138885
DZA,Algeria,government_effectiveness,2013,-0.5332693
DZA,Algeria,government_effectiveness,2012,-0.6356516
DZA,Algeria,government_effectiveness,2011,-0.7011605
DZA,Algeria,government_effectiveness,2010,-0.6015702
DZA,Algeria,rule_of_law,2025,-0.6523622
DZA,Algeria,rule_of_law,2024,-0.6987303
DZA,Algeria,rule_of_law,2023,-0.771769
DZA,Algeria,rule_of_law,2022,-0.81123
DZA,Algeria,rule_of_law,2021,-0.7754522
DZA,Algeria,rule_of_law,2020,-0.7904048
DZA,Algeria,rule_of_law,2019,-0.8527886
DZA,Algeria,rule_of_law,2018,-0.8587955
DZA,Algeria,rule_of_law,2017,-0.8685729
DZA,Algeria,rule_of_law,2016,-0.8551875
DZA,Algeria,rule_of_law,2015,-0.8675151
DZA,Algeria,rule_of_law,2014,-0.846677
DZA,Algeria,rule_of_law,2013,-0.6961405
DZA,Algeria,rule_of_law,2012,-0.8030214
DZA,Algeria,rule_of_law,2011,-0.818808
DZA,Algeria,rule_of_law,2010,-0.7611434
DZA,Algeria,regulatory_quality,2025,-0.7890922
DZA,Algeria,regulatory_quality,2024,-0.8029055
DZA,Algeria,regulatory_quality,2023,-0.8527341
DZA,Algeria,regulatory_quality,2022,-0.914939
DZA,Algeria,regulatory_quality,2021,-1.031772
DZA,Algeria,regulatory_quality,2020,-1.1221162
DZA,Algeria,regulatory_quality,2019,-1.1655096
DZA,Algeria,regulatory_quality,2018,-1.0681927
DZA,Algeria,regulatory_quality,2017,-0.9664084
DZA,Algeria,regulatory_quality,2016,-0.9322382
DZA,Algeria,regulatory_quality,2015,-0.9377155
DZA,Algeria,regulatory_quality,2014,-1.0418885
DZA,Algeria,regulatory_quality,2013,-0.8331303
DZA,Algeria,regulatory_quality,2012,-1.0833303
DZA,Algeria,regulatory_quality,2011,-1.1510793
DZA,Algeria,regulatory_quality,2010,-1.0123656
DZA,Algeria,control_of_corruption,2025,-0.5308705
DZA,Algeria,control_of_corruption,2024,-0.5698666
DZA,Algeria,control_of_corruption,2023,-0.6365941
DZA,Algeria,control_of_corruption,2022,-0.6915368
DZA,Algeria,control_of_corruption,2021,-0.6513378
DZA,Algeria,control_of_corruption,2020,-0.6323459
DZA,Algeria,control_of_corruption,2019,-0.6284895
DZA,Algeria,control_of_corruption,2018,-0.5454413
DZA,Algeria,control_of_corruption,2017,-0.5472758
DZA,Algeria,control_of_corruption,2016,-0.6488116
DZA,Algeria,control_of_corruption,2015,-0.6339262
DZA,Algeria,control_of_corruption,2014,-0.7156642
DZA,Algeria,control_of_corruption,2013,-0.4967733
DZA,Algeria,control_of_corruption,2012,-0.5469353
DZA,Algeria,control_of_corruption,2011,-0.5027125
DZA,Algeria,control_of_corruption,2010,-0.3946187
DZA,Algeria,fdi_net_inflows_pct_gdp,2025,0.537107006425608
DZA,Algeria,fdi_net_inflows_pct_gdp,2024,0.481035956681405
DZA,Algeria,fdi_net_inflows_pct_gdp,2023,0.484620600082849
DZA,Algeria,fdi_net_inflows_pct_gdp,2022,0.107187812155079
DZA,Algeria,fdi_net_inflows_pct_gdp,2021,0.466728479682941
DZA,Algeria,fdi_net_inflows_pct_gdp,2020,0.693816014772836
DZA,Algeria,fdi_net_inflows_pct_gdp,2019,0.713947308015691
DZA,Algeria,fdi_net_inflows_pct_gdp,2018,0.753576088552125
DZA,Algeria,fdi_net_inflows_pct_gdp,2017,0.647902696344894
DZA,Algeria,fdi_net_inflows_pct_gdp,2016,0.906300705997455
DZA,Algeria,fdi_net_inflows_pct_gdp,2015,-0.286832290676438
DZA,Algeria,fdi_net_inflows_pct_gdp,2014,0.628688968391006
DZA,Algeria,fdi_net_inflows_pct_gdp,2013,0.736559065111634
DZA,Algeria,fdi_net_inflows_pct_gdp,2012,0.660551953898791
DZA,Algeria,fdi_net_inflows_pct_gdp,2011,1.17767329101171
DZA,Algeria,fdi_net_inflows_pct_gdp,2010,1.29390467487817
DZA,Algeria,exports_pct_gdp,2025,16.8347751595565
DZA,Algeria,exports_pct_gdp,2024,19.8523800653814
DZA,Algeria,exports_pct_gdp,2023,23.7900604738163
DZA,Algeria,exports_pct_gdp,2022,30.7915561763341
DZA,Algeria,exports_pct_gdp,2021,23.4443672905951
DZA,Algeria,exports_pct_gdp,2020,15.5352011116191
DZA,Algeria,exports_pct_gdp,2019,20.407941949491
DZA,Algeria,exports_pct_gdp,2018,23.423105738908
DZA,Algeria,exports_pct_gdp,2017,20.3336795171675
DZA,Algeria,exports_pct_gdp,2016,18.4866879717888
DZA,Algeria,exports_pct_gdp,2015,20.5281416810455
DZA,Algeria,exports_pct_gdp,2014,27.6194863705878
DZA,Algeria,exports_pct_gdp,2013,30.7993649290893
DZA,Algeria,exports_pct_gdp,2012,34.3827920015035
DZA,Algeria,exports_pct_gdp,2011,35.9880864093259
DZA,Algeria,exports_pct_gdp,2010,34.988229614912
DZA,Algeria,imports_pct_gdp,2025,22.1441688566065
DZA,Algeria,imports_pct_gdp,2024,20.2821940516889
DZA,Algeria,imports_pct_gdp,2023,19.9497379768844
DZA,Algeria,imports_pct_gdp,2022,20.3985331920556
DZA,Algeria,imports_pct_gdp,2021,23.3926919693657
DZA,Algeria,imports_pct_gdp,2020,24.8545554509197
DZA,Algeria,imports_pct_gdp,2019,26.0989006586763
DZA,Algeria,imports_pct_gdp,2018,29.0130619390143
DZA,Algeria,imports_pct_gdp,2017,29.4871366540912
DZA,Algeria,imports_pct_gdp,2016,31.2742448207328
DZA,Algeria,imports_pct_gdp,2015,32.676480909369
DZA,Algeria,imports_pct_gdp,2014,29.3040555963989
DZA,Algeria,imports_pct_gdp,2013,28.3516432281546
DZA,Algeria,imports_pct_gdp,2012,26.374847332557
DZA,Algeria,imports_pct_gdp,2011,26.2320035517219
DZA,Algeria,imports_pct_gdp,2010,28.5029863779305
DZA,Algeria,official_exchange_rate_lcu_usd,2025,131.605925
DZA,Algeria,official_exchange_rate_lcu_usd,2024,134.053241666666
DZA,Algeria,official_exchange_rate_lcu_usd,2023,135.842933333333
DZA,Algeria,official_exchange_rate_lcu_usd,2022,141.994975
DZA,Algeria,official_exchange_rate_lcu_usd,2021,135.064058333333
DZA,Algeria,official_exchange_rate_lcu_usd,2020,126.7768
DZA,Algeria,official_exchange_rate_lcu_usd,2019,119.353558333333
DZA,Algeria,official_exchange_rate_lcu_usd,2018,116.593791666666
DZA,Algeria,official_exchange_rate_lcu_usd,2017,110.973016666666
DZA,Algeria,official_exchange_rate_lcu_usd,2016,109.443066666666
DZA,Algeria,official_exchange_rate_lcu_usd,2015,100.691433333333
DZA,Algeria,official_exchange_rate_lcu_usd,2014,80.5790166666666
DZA,Algeria,official_exchange_rate_lcu_usd,2013,79.3684
DZA,Algeria,official_exchange_rate_lcu_usd,2012,77.5359666666666
DZA,Algeria,official_exchange_rate_lcu_usd,2011,72.9378833333333
DZA,Algeria,official_exchange_rate_lcu_usd,2010,74.3859833333333
DZA,Algeria,gdp_current_usd,2025,287031225987.736
DZA,Algeria,gdp_current_usd,2024,269322281664.773
DZA,Algeria,gdp_current_usd,2023,247923887214.655
DZA,Algeria,gdp_current_usd,2022,225581644702.568
DZA,Algeria,gdp_current_usd,2021,186231205262.082
DZA,Algeria,gdp_current_usd,2020,164873415325.201
DZA,Algeria,gdp_current_usd,2019,193459662090.677
DZA,Algeria,gdp_current_usd,2018,194554483655.528
DZA,Algeria,gdp_current_usd,2017,189880896903.073
DZA,Algeria,gdp_current_usd,2016,180763839522.151
DZA,Algeria,gdp_current_usd,2015,187493855609.345
DZA,Algeria,gdp_current_usd,2014,238942664192.59
DZA,Algeria,gdp_current_usd,2013,229701430292.157
DZA,Algeria,gdp_current_usd,2012,227143746075.934
DZA,Algeria,gdp_current_usd,2011,218331946925.304
DZA,Algeria,gdp_current_usd,2010,177785053939.531
DZA,Algeria,gdp_per_capita_usd,2025,6051.00322704182
DZA,Algeria,gdp_per_capita_usd,2024,5752.99076651465
DZA,Algeria,gdp_per_capita_usd,2023,5370.477235078
DZA,Algeria,gdp_per_capita_usd,2022,4960.30334332888
DZA,Algeria,gdp_per_capita_usd,2021,4160.55926736925
DZA,Algeria,gdp_per_capita_usd,2020,3743.5419522929
DZA,Algeria,gdp_per_capita_usd,2019,4468.45341883656
DZA,Algeria,gdp_per_capita_usd,2018,4577.21029180491
DZA,Algeria,gdp_per_capita_usd,2017,4554.66753957828
DZA,Algeria,gdp_per_capita_usd,2016,4424.98529027556
DZA,Algeria,gdp_per_capita_usd,2015,4685.05902729002
DZA,Algeria,gdp_per_capita_usd,2014,6094.69392314956
DZA,Algeria,gdp_per_capita_usd,2013,5979.60138960585
DZA,Algeria,gdp_per_capita_usd,2012,6033.64884689543
DZA,Algeria,gdp_per_capita_usd,2011,5916.31364364343
DZA,Algeria,gdp_per_capita_usd,2010,4912.78585503672
DZA,Algeria,total_reserves_usd,2025,76825229205.7541
DZA,Algeria,total_reserves_usd,2024,83007108429.3211
DZA,Algeria,total_reserves_usd,2023,81216738411.6242
DZA,Algeria,total_reserves_usd,2022,71852290093.8577
DZA,Algeria,total_reserves_usd,2021,56211005199.3665
DZA,Algeria,total_reserves_usd,2020,59434389109.5108
DZA,Algeria,total_reserves_usd,2019,71795950714.9484
DZA,Algeria,total_reserves_usd,2018,87382910154.0941
DZA,Algeria,total_reserves_usd,2017,104852543743.411
DZA,Algeria,total_reserves_usd,2016,120788088861.402
DZA,Algeria,total_reserves_usd,2015,150595236894.627
DZA,Algeria,total_reserves_usd,2014,186350590140.833
DZA,Algeria,total_reserves_usd,2013,201436604411.914
DZA,Algeria,total_reserves_usd,2012,200586904241.375
DZA,Algeria,total_reserves_usd,2011,191369111470.406
DZA,Algeria,total_reserves_usd,2010,170461132878.607
DZA,Algeria,unemployment_rate,2025,11.633
DZA,Algeria,unemployment_rate,2024,11.655
DZA,Algeria,unemployment_rate,2023,11.645
DZA,Algeria,unemployment_rate,2022,12.382
DZA,Algeria,unemployment_rate,2021,13.656
DZA,Algeria,unemployment_rate,2020,14.08
DZA,Algeria,unemployment_rate,2019,12.302
DZA,Algeria,unemployment_rate,2018,12.112
DZA,Algeria,unemployment_rate,2017,12.0
DZA,Algeria,unemployment_rate,2016,10.202
DZA,Algeria,unemployment_rate,2015,11.206
DZA,Algeria,unemployment_rate,2014,10.207
DZA,Algeria,unemployment_rate,2013,9.82
DZA,Algeria,unemployment_rate,2012,10.97
DZA,Algeria,unemployment_rate,2011,9.96
DZA,Algeria,unemployment_rate,2010,9.96
DZA,Algeria,youth_unemployment_rate,2025,29.444
DZA,Algeria,youth_unemployment_rate,2024,29.884
DZA,Algeria,youth_unemployment_rate,2023,29.995
DZA,Algeria,youth_unemployment_rate,2022,31.359
DZA,Algeria,youth_unemployment_rate,2021,33.828
DZA,Algeria,youth_unemployment_rate,2020,35.767
DZA,Algeria,youth_unemployment_rate,2019,31.202
DZA,Algeria,youth_unemployment_rate,2018,30.709
DZA,Algeria,youth_unemployment_rate,2017,30.295
DZA,Algeria,youth_unemployment_rate,2016,26.228
DZA,Algeria,youth_unemployment_rate,2015,30.377
DZA,Algeria,youth_unemployment_rate,2014,25.664
DZA,Algeria,youth_unemployment_rate,2013,25.459
DZA,Algeria,youth_unemployment_rate,2012,27.872
DZA,Algeria,youth_unemployment_rate,2011,22.803
DZA,Algeria,youth_unemployment_rate,2010,22.161
DZA,Algeria,gini_index,2011,27.6
BHR,Bahrain,debt_to_gdp,2020,111.598089477141
BHR,Bahrain,debt_to_gdp,2019,91.3598106259863
BHR,Bahrain,debt_to_gdp,2018,84.3014580347853
BHR,Bahrain,debt_to_gdp,2017,77.5251429515026
BHR,Bahrain,debt_to_gdp,2016,70.5694533398636
BHR,Bahrain,debt_to_gdp,2015,60.7584088656577
BHR,Bahrain,debt_to_gdp,2014,43.5275770260668
BHR,Bahrain,debt_to_gdp,2013,42.2700248553772
BHR,Bahrain,debt_to_gdp,2012,35.6065986264045
BHR,Bahrain,debt_to_gdp,2011,34.5689325404164
BHR,Bahrain,debt_to_gdp,2010,29.0713708137176
BHR,Bahrain,current_account_pct_gdp,2025,5.76391015322007
BHR,Bahrain,current_account_pct_gdp,2024,4.83346638041051
BHR,Bahrain,current_account_pct_gdp,2023,5.84398348945117
BHR,Bahrain,current_account_pct_gdp,2022,14.7198235888135
BHR,Bahrain,current_account_pct_gdp,2021,6.37213530677418
BHR,Bahrain,current_account_pct_gdp,2020,-9.05383693445987
BHR,Bahrain,current_account_pct_gdp,2019,-1.9640978432404
BHR,Bahrain,current_account_pct_gdp,2018,-6.15289066217846
BHR,Bahrain,current_account_pct_gdp,2017,-4.30051876437292
BHR,Bahrain,current_account_pct_gdp,2016,-4.40558716045662
BHR,Bahrain,current_account_pct_gdp,2015,-2.31252912932775
BHR,Bahrain,current_account_pct_gdp,2014,4.38061668747352
BHR,Bahrain,current_account_pct_gdp,2013,7.12443578913414
BHR,Bahrain,current_account_pct_gdp,2012,8.06539982681225
BHR,Bahrain,current_account_pct_gdp,2011,10.8553403651519
BHR,Bahrain,current_account_pct_gdp,2010,2.87276100092279
BHR,Bahrain,reserves_months_imports,2025,1.4357179059313
BHR,Bahrain,reserves_months_imports,2024,1.41650733987614
BHR,Bahrain,reserves_months_imports,2023,1.53784231422989
BHR,Bahrain,reserves_months_imports,2022,1.4626760101007
BHR,Bahrain,reserves_months_imports,2021,1.81003303508866
BHR,Bahrain,reserves_months_imports,2020,1.0547970704672
BHR,Bahrain,reserves_months_imports,2019,1.5458484900259
BHR,Bahrain,reserves_months_imports,2018,0.888034266326336
BHR,Bahrain,reserves_months_imports,2017,1.21101415937673
BHR,Bahrain,reserves_months_imports,2016,1.24639583150587
BHR,Bahrain,reserves_months_imports,2015,1.61971116005606
BHR,Bahrain,reserves_months_imports,2014,2.46566079822189
BHR,Bahrain,reserves_months_imports,2013,2.09918116055191
BHR,Bahrain,reserves_months_imports,2012,2.27248354641055
BHR,Bahrain,reserves_months_imports,2011,2.34120217230767
BHR,Bahrain,reserves_months_imports,2010,3.75492330902567
BHR,Bahrain,gdp_growth,2025,3.48137573668635
BHR,Bahrain,gdp_growth,2024,2.89710543153512
BHR,Bahrain,gdp_growth,2023,3.87811614845566
BHR,Bahrain,gdp_growth,2022,6.18016125475185
BHR,Bahrain,gdp_growth,2021,4.35004091668986
BHR,Bahrain,gdp_growth,2020,-5.9113629524152
BHR,Bahrain,gdp_growth,2019,2.05287774418655
BHR,Bahrain,gdp_growth,2018,2.05258864979861
BHR,Bahrain,gdp_growth,2017,4.95383534123657
BHR,Bahrain,gdp_growth,2016,3.81499327422425
BHR,Bahrain,gdp_growth,2015,2.50787205267615
BHR,Bahrain,gdp_growth,2014,4.30885692657077
BHR,Bahrain,gdp_growth,2013,5.29262224906203
BHR,Bahrain,gdp_growth,2012,3.80302899043062
BHR,Bahrain,gdp_growth,2011,1.92815791170796
BHR,Bahrain,gdp_growth,2010,4.3342989754845
BHR,Bahrain,inflation,2025,-0.137708855447901
BHR,Bahrain,inflation,2024,0.919635459817651
BHR,Bahrain,inflation,2023,0.0746206782192255
BHR,Bahrain,inflation,2022,3.62574104304482
BHR,Bahrain,inflation,2021,-0.60631938514085
BHR,Bahrain,inflation,2020,-2.31770629331378
BHR,Bahrain,inflation,2019,1.00582004702136
BHR,Bahrain,inflation,2018,2.08766938046978
BHR,Bahrain,inflation,2017,1.38671830576406
BHR,Bahrain,inflation,2016,2.78679347602044
BHR,Bahrain,inflation,2015,1.84862742374976
BHR,Bahrain,inflation,2014,2.64755321246188
BHR,Bahrain,inflation,2013,3.30001156888442
BHR,Bahrain,inflation,2012,2.75739669962979
BHR,Bahrain,inflation,2011,-0.40004069748808
BHR,Bahrain,inflation,2010,1.96188468334623
BHR,Bahrain,political_stability,2025,-0.3332468
BHR,Bahrain,political_stability,2024,-0.324704
BHR,Bahrain,political_stability,2023,-0.5167644
BHR,Bahrain,political_stability,2022,-0.499127
BHR,Bahrain,political_stability,2021,-0.5221311
BHR,Bahrain,political_stability,2020,-0.6215891
BHR,Bahrain,political_stability,2019,-0.6235925
BHR,Bahrain,political_stability,2018,-0.8957669
BHR,Bahrain,political_stability,2017,-1.025334
BHR,Bahrain,political_stability,2016,-0.936557
BHR,Bahrain,political_stability,2015,-0.9759356
BHR,Bahrain,political_stability,2014,-1.0624873
BHR,Bahrain,political_stability,2013,-1.3074982
BHR,Bahrain,political_stability,2012,-1.0406318
BHR,Bahrain,political_stability,2011,-1.1787886
BHR,Bahrain,political_stability,2010,-0.7319208
BHR,Bahrain,government_effectiveness,2025,0.42062
BHR,Bahrain,government_effectiveness,2024,0.4162569
BHR,Bahrain,government_effectiveness,2023,0.3933952
BHR,Bahrain,government_effectiveness,2022,0.4249515
BHR,Bahrain,government_effectiveness,2021,0.4983406
BHR,Bahrain,government_effectiveness,2020,0.223637
BHR,Bahrain,government_effectiveness,2019,0.2329988
BHR,Bahrain,government_effectiveness,2018,0.2435915
BHR,Bahrain,government_effectiveness,2017,0.2489939
BHR,Bahrain,government_effectiveness,2016,0.2491766
BHR,Bahrain,government_effectiveness,2015,0.2762561
BHR,Bahrain,government_effectiveness,2014,0.2746727
BHR,Bahrain,government_effectiveness,2013,0.2097745
BHR,Bahrain,government_effectiveness,2012,0.1381892
BHR,Bahrain,government_effectiveness,2011,0.2259774
BHR,Bahrain,government_effectiveness,2010,0.2508059
BHR,Bahrain,rule_of_law,2025,0.1798289
BHR,Bahrain,rule_of_law,2024,0.1669773
BHR,Bahrain,rule_of_law,2023,0.1168396
BHR,Bahrain,rule_of_law,2022,0.033095
BHR,Bahrain,rule_of_law,2021,0.0014276
BHR,Bahrain,rule_of_law,2020,-0.134099
BHR,Bahrain,rule_of_law,2019,-0.0353174
BHR,Bahrain,rule_of_law,2018,-0.078158
BHR,Bahrain,rule_of_law,2017,-0.042562
BHR,Bahrain,rule_of_law,2016,-0.0398685
BHR,Bahrain,rule_of_law,2015,-0.0073671
BHR,Bahrain,rule_of_law,2014,-0.0529066
BHR,Bahrain,rule_of_law,2013,-0.0444377
BHR,Bahrain,rule_of_law,2012,-0.0492548
BHR,Bahrain,rule_of_law,2011,-0.0062918
BHR,Bahrain,rule_of_law,2010,0.1405968
BHR,Bahrain,regulatory_quality,2025,1.0026521
BHR,Bahrain,regulatory_quality,2024,0.9515356
BHR,Bahrain,regulatory_quality,2023,0.907367
BHR,Bahrain,regulatory_quality,2022,0.8293575
BHR,Bahrain,regulatory_quality,2021,0.7647936
BHR,Bahrain,regulatory_quality,2020,0.5462507
BHR,Bahrain,regulatory_quality,2019,0.5050842
BHR,Bahrain,regulatory_quality,2018,0.4788907
BHR,Bahrain,regulatory_quality,2017,0.4784551
BHR,Bahrain,regulatory_quality,2016,0.5143309
BHR,Bahrain,regulatory_quality,2015,0.6958553
BHR,Bahrain,regulatory_quality,2014,0.5821178
BHR,Bahrain,regulatory_quality,2013,0.7440567
BHR,Bahrain,regulatory_quality,2012,0.7583439
BHR,Bahrain,regulatory_quality,2011,0.8307421
BHR,Bahrain,regulatory_quality,2010,0.8187209
BHR,Bahrain,control_of_corruption,2025,0.2813045
BHR,Bahrain,control_of_corruption,2024,0.2713988
BHR,Bahrain,control_of_corruption,2023,0.2389515
BHR,Bahrain,control_of_corruption,2022,0.1358285
BHR,Bahrain,control_of_corruption,2021,0.2012609
BHR,Bahrain,control_of_corruption,2020,-0.0981906
BHR,Bahrain,control_of_corruption,2019,-0.0893227
BHR,Bahrain,control_of_corruption,2018,-0.1459149
BHR,Bahrain,control_of_corruption,2017,-0.1481988
BHR,Bahrain,control_of_corruption,2016,-0.0920081
BHR,Bahrain,control_of_corruption,2015,0.0337471
BHR,Bahrain,control_of_corruption,2014,0.0223165
BHR,Bahrain,control_of_corruption,2013,0.2478144
BHR,Bahrain,control_of_corruption,2012,0.2164131
BHR,Bahrain,control_of_corruption,2011,0.1942256
BHR,Bahrain,control_of_corruption,2010,0.1504108
BHR,Bahrain,fdi_net_inflows_pct_gdp,2025,1.67703062467795
BHR,Bahrain,fdi_net_inflows_pct_gdp,2024,5.72467195311559
BHR,Bahrain,fdi_net_inflows_pct_gdp,2023,14.8068693003168
BHR,Bahrain,fdi_net_inflows_pct_gdp,2022,4.20018456310523
BHR,Bahrain,fdi_net_inflows_pct_gdp,2021,4.3566259787756
BHR,Bahrain,fdi_net_inflows_pct_gdp,2020,2.84973228101032
BHR,Bahrain,fdi_net_inflows_pct_gdp,2019,2.32837980010521
BHR,Bahrain,fdi_net_inflows_pct_gdp,2018,4.18079308703845
BHR,Bahrain,fdi_net_inflows_pct_gdp,2017,3.83300891199591
BHR,Bahrain,fdi_net_inflows_pct_gdp,2016,0.718174283238518
BHR,Bahrain,fdi_net_inflows_pct_gdp,2015,0.199529633421541
BHR,Bahrain,fdi_net_inflows_pct_gdp,2014,4.36728984042946
BHR,Bahrain,fdi_net_inflows_pct_gdp,2013,11.0211306090707
BHR,Bahrain,fdi_net_inflows_pct_gdp,2012,4.83265436536461
BHR,Bahrain,fdi_net_inflows_pct_gdp,2011,2.61026038592024
BHR,Bahrain,fdi_net_inflows_pct_gdp,2010,0.581105356633959
BHR,Bahrain,exports_pct_gdp,2024,87.4874315086406
BHR,Bahrain,exports_pct_gdp,2023,87.351143952571
BHR,Bahrain,exports_pct_gdp,2022,95.9613654006004
BHR,Bahrain,exports_pct_gdp,2021,86.2742186726683
BHR,Bahrain,exports_pct_gdp,2020,70.4544358235096
BHR,Bahrain,exports_pct_gdp,2019,73.0944239873751
BHR,Bahrain,exports_pct_gdp,2018,75.7153726820796
BHR,Bahrain,exports_pct_gdp,2017,72.2538621389219
BHR,Bahrain,exports_pct_gdp,2016,70.5882906981125
BHR,Bahrain,exports_pct_gdp,2015,79.3441035722346
BHR,Bahrain,exports_pct_gdp,2014,92.2255357196123
BHR,Bahrain,exports_pct_gdp,2013,100.826651632348
BHR,Bahrain,exports_pct_gdp,2012,98.265636232926
BHR,Bahrain,exports_pct_gdp,2011,95.6363487649272
BHR,Bahrain,exports_pct_gdp,2010,66.7027150376276
BHR,Bahrain,imports_pct_gdp,2024,69.9934379215464
BHR,Bahrain,imports_pct_gdp,2023,70.0967107297264
BHR,Bahrain,imports_pct_gdp,2022,71.1798757519344
BHR,Bahrain,imports_pct_gdp,2021,67.5250978124398
BHR,Bahrain,imports_pct_gdp,2020,65.0065491894219
BHR,Bahrain,imports_pct_gdp,2019,62.3231194108364
BHR,Bahrain,imports_pct_gdp,2018,68.3599998924555
BHR,Bahrain,imports_pct_gdp,2017,64.1753776714721
BHR,Bahrain,imports_pct_gdp,2016,62.2347072046616
BHR,Bahrain,imports_pct_gdp,2015,68.5719566006692
BHR,Bahrain,imports_pct_gdp,2014,76.3503224222473
BHR,Bahrain,imports_pct_gdp,2013,83.7628572125021
BHR,Bahrain,imports_pct_gdp,2012,80.5583845887584
BHR,Bahrain,imports_pct_gdp,2011,71.8932922709265
BHR,Bahrain,imports_pct_gdp,2010,48.8587714119882
BHR,Bahrain,official_exchange_rate_lcu_usd,2025,0.376
BHR,Bahrain,official_exchange_rate_lcu_usd,2024,0.376
BHR,Bahrain,official_exchange_rate_lcu_usd,2023,0.376
BHR,Bahrain,official_exchange_rate_lcu_usd,2022,0.376
BHR,Bahrain,official_exchange_rate_lcu_usd,2021,0.376
BHR,Bahrain,official_exchange_rate_lcu_usd,2020,0.376
BHR,Bahrain,official_exchange_rate_lcu_usd,2019,0.376
BHR,Bahrain,official_exchange_rate_lcu_usd,2018,0.376
BHR,Bahrain,official_exchange_rate_lcu_usd,2017,0.376
BHR,Bahrain,official_exchange_rate_lcu_usd,2016,0.376
BHR,Bahrain,official_exchange_rate_lcu_usd,2015,0.376
BHR,Bahrain,official_exchange_rate_lcu_usd,2014,0.376
BHR,Bahrain,official_exchange_rate_lcu_usd,2013,0.376
BHR,Bahrain,official_exchange_rate_lcu_usd,2012,0.376
BHR,Bahrain,official_exchange_rate_lcu_usd,2011,0.376
BHR,Bahrain,official_exchange_rate_lcu_usd,2010,0.376
BHR,Bahrain,gdp_current_usd,2025,48965725531.9149
BHR,Bahrain,gdp_current_usd,2024,47210732712.766
BHR,Bahrain,gdp_current_usd,2023,46192260638.2979
BHR,Bahrain,gdp_current_usd,2022,46458191489.3617
BHR,Bahrain,gdp_current_usd,2021,40840212765.9574
BHR,Bahrain,gdp_current_usd,2020,35837632978.7234
BHR,Bahrain,gdp_current_usd,2019,40446808510.6383
BHR,Bahrain,gdp_current_usd,2018,39567978723.4043
BHR,Bahrain,gdp_current_usd,2017,37204813829.7872
BHR,Bahrain,gdp_current_usd,2016,33884680851.0638
BHR,Bahrain,gdp_current_usd,2015,32523297872.3404
BHR,Bahrain,gdp_current_usd,2014,34772526595.7447
BHR,Bahrain,gdp_current_usd,2013,33823324468.0851
BHR,Bahrain,gdp_current_usd,2012,31963404255.3191
BHR,Bahrain,gdp_current_usd,2011,29914680851.0638
BHR,Bahrain,gdp_current_usd,2010,26805984042.5532
BHR,Bahrain,gdp_per_capita_usd,2025,30596.5794898885
BHR,Bahrain,gdp_per_capita_usd,2024,29717.1424605273
BHR,Bahrain,gdp_per_capita_usd,2023,29290.1284215098
BHR,Bahrain,gdp_per_capita_usd,2022,30470.5219276023
BHR,Bahrain,gdp_per_capita_usd,2021,27147.8083882286
BHR,Bahrain,gdp_per_capita_usd,2020,24342.8444554718
BHR,Bahrain,gdp_per_capita_usd,2019,27259.7438599327
BHR,Bahrain,gdp_per_capita_usd,2018,26324.4066549559
BHR,Bahrain,gdp_per_capita_usd,2017,24784.7693514607
BHR,Bahrain,gdp_per_capita_usd,2016,23800.001440631
BHR,Bahrain,gdp_per_capita_usd,2015,23734.0551143019
BHR,Bahrain,gdp_per_capita_usd,2014,26451.7965647453
BHR,Bahrain,gdp_per_capita_usd,2013,26989.7601148469
BHR,Bahrain,gdp_per_capita_usd,2012,26438.6733230428
BHR,Bahrain,gdp_per_capita_usd,2011,25032.7867743333
BHR,Bahrain,gdp_per_capita_usd,2010,21819.3291098099
BHR,Bahrain,total_reserves_usd,2025,5269794300.52369
BHR,Bahrain,total_reserves_usd,2024,4948702759.13155
BHR,Bahrain,total_reserves_usd,2023,5117552034.50774
BHR,Bahrain,total_reserves_usd,2022,4774898054.78218
BHR,Bahrain,total_reserves_usd,2021,4993195962.86457
BHR,Bahrain,total_reserves_usd,2020,2523073657.45374
BHR,Bahrain,total_reserves_usd,2019,3902650742.43905
BHR,Bahrain,total_reserves_usd,2018,2334278370.00966
BHR,Bahrain,total_reserves_usd,2017,2823123079.34136
BHR,Bahrain,total_reserves_usd,2016,2611989314.00793
BHR,Bahrain,total_reserves_usd,2015,3546207932.1998
BHR,Bahrain,total_reserves_usd,2014,6229406002.51976
BHR,Bahrain,total_reserves_usd,2013,5527718440.19012
BHR,Bahrain,total_reserves_usd,2012,5454261306.90609
BHR,Bahrain,total_reserves_usd,2011,4774194828.72021
BHR,Bahrain,total_reserves_usd,2010,5299463737.03105
BHR,Bahrain,unemployment_rate,2025,1.102
BHR,Bahrain,unemployment_rate,2024,1.084
BHR,Bahrain,unemployment_rate,2023,1.049
BHR,Bahrain,unemployment_rate,2022,1.265
BHR,Bahrain,unemployment_rate,2021,1.548
BHR,Bahrain,unemployment_rate,2020,1.765
BHR,Bahrain,unemployment_rate,2019,1.217
BHR,Bahrain,unemployment_rate,2018,1.188
BHR,Bahrain,unemployment_rate,2017,1.18
BHR,Bahrain,unemployment_rate,2016,1.19
BHR,Bahrain,unemployment_rate,2015,1.164
BHR,Bahrain,unemployment_rate,2014,1.144
BHR,Bahrain,unemployment_rate,2013,1.184
BHR,Bahrain,unemployment_rate,2012,1.2
BHR,Bahrain,unemployment_rate,2011,1.21
BHR,Bahrain,unemployment_rate,2010,1.13
BHR,Bahrain,youth_unemployment_rate,2025,5.416
BHR,Bahrain,youth_unemployment_rate,2024,5.469
BHR,Bahrain,youth_unemployment_rate,2023,5.381
BHR,Bahrain,youth_unemployment_rate,2022,5.33
BHR,Bahrain,youth_unemployment_rate,2021,6.043
BHR,Bahrain,youth_unemployment_rate,2020,6.389
BHR,Bahrain,youth_unemployment_rate,2019,5.657
BHR,Bahrain,youth_unemployment_rate,2018,5.633
BHR,Bahrain,youth_unemployment_rate,2017,5.593
BHR,Bahrain,youth_unemployment_rate,2016,5.527
BHR,Bahrain,youth_unemployment_rate,2015,5.427
BHR,Bahrain,youth_unemployment_rate,2014,5.398
BHR,Bahrain,youth_unemployment_rate,2013,5.439
BHR,Bahrain,youth_unemployment_rate,2012,5.425
BHR,Bahrain,youth_unemployment_rate,2011,5.283
BHR,Bahrain,youth_unemployment_rate,2010,4.953
EGY,Egypt,current_account_pct_gdp,2025,-3.81547628555514
EGY,Egypt,current_account_pct_gdp,2024,-5.68596234093522
EGY,Egypt,current_account_pct_gdp,2023,-3.17338763053557
EGY,Egypt,current_account_pct_gdp,2022,-2.2100904275198
EGY,Egypt,current_account_pct_gdp,2021,-4.38240299812
EGY,Egypt,current_account_pct_gdp,2020,-3.70903990583373
EGY,Egypt,current_account_pct_gdp,2019,-3.20758543154937
EGY,Egypt,current_account_pct_gdp,2018,-2.93164483711978
EGY,Egypt,current_account_pct_gdp,2017,-3.19681566782461
EGY,Egypt,current_account_pct_gdp,2016,-6.16465951871263
EGY,Egypt,current_account_pct_gdp,2015,-5.23529137853431
EGY,Egypt,current_account_pct_gdp,2014,-1.94849131455399
EGY,Egypt,current_account_pct_gdp,2013,-1.22513249838744
EGY,Egypt,current_account_pct_gdp,2012,-2.49788021735236
EGY,Egypt,current_account_pct_gdp,2011,-2.32378812632193
EGY,Egypt,current_account_pct_gdp,2010,-2.05668307641306
EGY,Egypt,reserves_months_imports,2025,4.35960492991794
EGY,Egypt,reserves_months_imports,2024,4.53950764706677
EGY,Egypt,reserves_months_imports,2023,3.87390992001781
EGY,Egypt,reserves_months_imports,2022,3.32738146369501
EGY,Egypt,reserves_months_imports,2021,4.38225643427728
EGY,Egypt,reserves_months_imports,2020,5.56473451430895
EGY,Egypt,reserves_months_imports,2019,5.83923947440236
EGY,Egypt,reserves_months_imports,2018,5.85734270401284
EGY,Egypt,reserves_months_imports,2017,5.72306111855627
EGY,Egypt,reserves_months_imports,2016,3.88541069587349
EGY,Egypt,reserves_months_imports,2015,2.59707505474828
EGY,Egypt,reserves_months_imports,2014,2.21204888604566
EGY,Egypt,reserves_months_imports,2013,2.73003963526373
EGY,Egypt,reserves_months_imports,2012,2.48779534146602
EGY,Egypt,reserves_months_imports,2011,3.28531568230902
EGY,Egypt,reserves_months_imports,2010,6.70121378987163
EGY,Egypt,gdp_growth,2025,4.39201068570188
EGY,Egypt,gdp_growth,2024,2.3991692678251
EGY,Egypt,gdp_growth,2023,3.76028052279247
EGY,Egypt,gdp_growth,2022,6.58784560870467
EGY,Egypt,gdp_growth,2021,3.29064601193245
EGY,Egypt,gdp_growth,2020,3.55016483883115
EGY,Egypt,gdp_growth,2019,5.55209307084222
EGY,Egypt,gdp_growth,2018,5.33110861887155
EGY,Egypt,gdp_growth,2017,4.18122099961562
EGY,Egypt,gdp_growth,2016,4.34664345601914
EGY,Egypt,gdp_growth,2015,4.37201907781687
EGY,Egypt,gdp_growth,2014,2.91591188052836
EGY,Egypt,gdp_growth,2013,2.18546605363386
EGY,Egypt,gdp_growth,2012,2.22619979818487
EGY,Egypt,gdp_growth,2011,1.76457194806041
EGY,Egypt,gdp_growth,2010,5.14723485746742
EGY,Egypt,inflation,2025,14.0735136645933
EGY,Egypt,inflation,2024,28.2705899322082
EGY,Egypt,inflation,2023,33.8847763115546
EGY,Egypt,inflation,2022,13.8956609775177
EGY,Egypt,inflation,2021,5.21404940513042
EGY,Egypt,inflation,2020,5.04493288977538
EGY,Egypt,inflation,2019,9.15279959324803
EGY,Egypt,inflation,2018,14.4014657807421
EGY,Egypt,inflation,2017,29.5066083940038
EGY,Egypt,inflation,2016,13.8136062148289
EGY,Egypt,inflation,2015,10.370490343517
EGY,Egypt,inflation,2014,10.0702154687481
EGY,Egypt,inflation,2013,9.4697198106492
EGY,Egypt,inflation,2012,7.11172943343082
EGY,Egypt,inflation,2011,10.0649259874818
EGY,Egypt,inflation,2010,11.2651882653185
EGY,Egypt,political_stability,2025,-0.888096
EGY,Egypt,political_stability,2024,-0.9431303
EGY,Egypt,political_stability,2023,-0.9149023
EGY,Egypt,political_stability,2022,-0.9543572
EGY,Egypt,political_stability,2021,-1.0718075
EGY,Egypt,political_stability,2020,-1.1208202
EGY,Egypt,political_stability,2019,-1.2011528
EGY,Egypt,political_stability,2018,-1.2552878
EGY,Egypt,political_stability,2017,-1.4484516
EGY,Egypt,political_stability,2016,-1.535039
EGY,Egypt,political_stability,2015,-1.5143682
EGY,Egypt,political_stability,2014,-1.5182938
EGY,Egypt,political_stability,2013,-1.8277745
EGY,Egypt,political_stability,2012,-1.6187039
EGY,Egypt,political_stability,2011,-1.7067844
EGY,Egypt,political_stability,2010,-1.0055735
EGY,Egypt,government_effectiveness,2025,-0.1058467
EGY,Egypt,government_effectiveness,2024,-0.1712401
EGY,Egypt,government_effectiveness,2023,-0.0628748
EGY,Egypt,government_effectiveness,2022,-0.1663666
EGY,Egypt,government_effectiveness,2021,-0.2352633
EGY,Egypt,government_effectiveness,2020,-0.2308603
EGY,Egypt,government_effectiveness,2019,-0.1446871
EGY,Egypt,government_effectiveness,2018,-0.4001726
EGY,Egypt,government_effectiveness,2017,-0.3855905
EGY,Egypt,government_effectiveness,2016,-0.3836573
EGY,Egypt,government_effectiveness,2015,-0.5044083
EGY,Egypt,government_effectiveness,2014,-0.5837153
EGY,Egypt,government_effectiveness,2013,-0.7129678
EGY,Egypt,government_effectiveness,2012,-0.3869353
EGY,Egypt,government_effectiveness,2011,-0.4164194
EGY,Egypt,government_effectiveness,2010,-0.458216
EGY,Egypt,rule_of_law,2025,-0.6884214
EGY,Egypt,rule_of_law,2024,-0.714975
EGY,Egypt,rule_of_law,2023,-0.7396808
EGY,Egypt,rule_of_law,2022,-0.7360915
EGY,Egypt,rule_of_law,2021,-0.779923
EGY,Egypt,rule_of_law,2020,-0.7671185
EGY,Egypt,rule_of_law,2019,-0.6897909
EGY,Egypt,rule_of_law,2018,-0.6808022
EGY,Egypt,rule_of_law,2017,-0.7228682
EGY,Egypt,rule_of_law,2016,-0.7916136
EGY,Egypt,rule_of_law,2015,-0.781969
EGY,Egypt,rule_of_law,2014,-0.8100475
EGY,Egypt,rule_of_law,2013,-0.7677943
EGY,Egypt,rule_of_law,2012,-0.5338687
EGY,Egypt,rule_of_law,2011,-0.5031694
EGY,Egypt,rule_of_law,2010,-0.2530462
EGY,Egypt,regulatory_quality,2025,-0.4591944
EGY,Egypt,regulatory_quality,2024,-0.4342766
EGY,Egypt,regulatory_quality,2023,-0.5415802
EGY,Egypt,regulatory_quality,2022,-0.6362159
EGY,Egypt,regulatory_quality,2021,-0.5442919
EGY,Egypt,regulatory_quality,2020,-0.608815
EGY,Egypt,regulatory_quality,2019,-0.682189
EGY,Egypt,regulatory_quality,2018,-0.7240293
EGY,Egypt,regulatory_quality,2017,-0.6825432
EGY,Egypt,regulatory_quality,2016,-0.7463248
EGY,Egypt,regulatory_quality,2015,-0.6874299
EGY,Egypt,regulatory_quality,2014,-0.663993
EGY,Egypt,regulatory_quality,2013,-0.6779732
EGY,Egypt,regulatory_quality,2012,-0.433671
EGY,Egypt,regulatory_quality,2011,-0.1417482
EGY,Egypt,regulatory_quality,2010,-0.0122408
EGY,Egypt,control_of_corruption,2025,-0.7007723
EGY,Egypt,control_of_corruption,2024,-0.8090906
EGY,Egypt,control_of_corruption,2023,-0.8115295
EGY,Egypt,control_of_corruption,2022,-0.7796199
EGY,Egypt,control_of_corruption,2021,-0.7880612
EGY,Egypt,control_of_corruption,2020,-0.7922931
EGY,Egypt,control_of_corruption,2019,-0.6609519
EGY,Egypt,control_of_corruption,2018,-0.4829475
EGY,Egypt,control_of_corruption,2017,-0.4136234
EGY,Egypt,control_of_corruption,2016,-0.4540895
EGY,Egypt,control_of_corruption,2015,-0.5317945
EGY,Egypt,control_of_corruption,2014,-0.536335
EGY,Egypt,control_of_corruption,2013,-0.5253797
EGY,Egypt,control_of_corruption,2012,-0.4854924
EGY,Egypt,control_of_corruption,2011,-0.5727634
EGY,Egypt,control_of_corruption,2010,-0.6104565
EGY,Egypt,fdi_net_inflows_pct_gdp,2025,4.23066505478546
EGY,Egypt,fdi_net_inflows_pct_gdp,2024,11.9719351009449
EGY,Egypt,fdi_net_inflows_pct_gdp,2023,2.48546400695984
EGY,Egypt,fdi_net_inflows_pct_gdp,2022,2.39118080969079
EGY,Egypt,fdi_net_inflows_pct_gdp,2021,1.20617861055665
EGY,Egypt,fdi_net_inflows_pct_gdp,2020,1.52462948997172
EGY,Egypt,fdi_net_inflows_pct_gdp,2019,2.82732944960686
EGY,Egypt,fdi_net_inflows_pct_gdp,2018,3.10040077579187
EGY,Egypt,fdi_net_inflows_pct_gdp,2017,2.98301550917695
EGY,Egypt,fdi_net_inflows_pct_gdp,2016,2.43856278142762
EGY,Egypt,fdi_net_inflows_pct_gdp,2015,2.10258128401326
EGY,Egypt,fdi_net_inflows_pct_gdp,2014,1.50925042253521
EGY,Egypt,fdi_net_inflows_pct_gdp,2013,1.45343420769727
EGY,Egypt,fdi_net_inflows_pct_gdp,2012,1.00234071774049
EGY,Egypt,fdi_net_inflows_pct_gdp,2011,-0.204542848807527
EGY,Egypt,fdi_net_inflows_pct_gdp,2010,2.91601657550141
EGY,Egypt,exports_pct_gdp,2025,19.8200284513845
EGY,Egypt,exports_pct_gdp,2024,16.3762422101126
EGY,Egypt,exports_pct_gdp,2023,19.1060913405676
EGY,Egypt,exports_pct_gdp,2022,15.0870258208479
EGY,Egypt,exports_pct_gdp,2021,10.5611502153652
EGY,Egypt,exports_pct_gdp,2020,12.4727757370868
EGY,Egypt,exports_pct_gdp,2019,16.6440314510365
EGY,Egypt,exports_pct_gdp,2018,17.984655608418
EGY,Egypt,exports_pct_gdp,2017,15.0140868185672
EGY,Egypt,exports_pct_gdp,2016,10.3454639403558
EGY,Egypt,exports_pct_gdp,2015,13.1838454928598
EGY,Egypt,exports_pct_gdp,2014,14.2441314553991
EGY,Egypt,exports_pct_gdp,2013,17.0178456245969
EGY,Egypt,exports_pct_gdp,2012,16.3969666208873
EGY,Egypt,exports_pct_gdp,2011,20.5674276128656
EGY,Egypt,exports_pct_gdp,2010,21.3492458146859
EGY,Egypt,imports_pct_gdp,2025,31.5143194274435
EGY,Egypt,imports_pct_gdp,2024,23.2245098772607
EGY,Egypt,imports_pct_gdp,2023,21.3443094314355
EGY,Egypt,imports_pct_gdp,2022,21.8960790564233
EGY,Egypt,imports_pct_gdp,2021,19.295823265447
EGY,Egypt,imports_pct_gdp,2020,19.6534798296655
EGY,Egypt,imports_pct_gdp,2019,24.4799857040743
EGY,Egypt,imports_pct_gdp,2018,27.9263640649779
EGY,Egypt,imports_pct_gdp,2017,27.8180475395935
EGY,Egypt,imports_pct_gdp,2016,19.9010851110947
EGY,Egypt,imports_pct_gdp,2015,21.6620974671631
EGY,Egypt,imports_pct_gdp,2014,22.6760563380282
EGY,Egypt,imports_pct_gdp,2013,23.3551924317351
EGY,Egypt,imports_pct_gdp,2012,24.3148026512211
EGY,Egypt,imports_pct_gdp,2011,24.6882065494858
EGY,Egypt,imports_pct_gdp,2010,26.5871042599039
EGY,Egypt,official_exchange_rate_lcu_usd,2025,49.2277558333333
EGY,Egypt,official_exchange_rate_lcu_usd,2024,45.29926
EGY,Egypt,official_exchange_rate_lcu_usd,2023,30.626413698031
EGY,Egypt,official_exchange_rate_lcu_usd,2022,19.1604397412204
EGY,Egypt,official_exchange_rate_lcu_usd,2021,15.6445272777113
EGY,Egypt,official_exchange_rate_lcu_usd,2020,15.7591729166666
EGY,Egypt,official_exchange_rate_lcu_usd,2019,16.7705818428763
EGY,Egypt,official_exchange_rate_lcu_usd,2018,17.7672904218106
EGY,Egypt,official_exchange_rate_lcu_usd,2017,17.7825335150635
EGY,Egypt,official_exchange_rate_lcu_usd,2016,10.0254007885464
EGY,Egypt,official_exchange_rate_lcu_usd,2015,7.69125833333333
EGY,Egypt,official_exchange_rate_lcu_usd,2014,7.07760856060606
EGY,Egypt,official_exchange_rate_lcu_usd,2013,6.87032499999999
EGY,Egypt,official_exchange_rate_lcu_usd,2012,6.05605833333333
EGY,Egypt,official_exchange_rate_lcu_usd,2011,5.93282765151515
EGY,Egypt,official_exchange_rate_lcu_usd,2010,5.6219429176105
EGY,Egypt,gdp_current_usd,2025,365254630179.737
EGY,Egypt,gdp_current_usd,2024,389059910593.1
EGY,Egypt,gdp_current_usd,2023,395926071447.591
EGY,Egypt,gdp_current_usd,2022,476747720364.742
EGY,Egypt,gdp_current_usd,2021,424671765455.704
EGY,Egypt,gdp_current_usd,2020,383817841547.099
EGY,Egypt,gdp_current_usd,2019,318678815489.749
EGY,Egypt,gdp_current_usd,2018,262588632526.73
EGY,Egypt,gdp_current_usd,2017,248362771739.13
EGY,Egypt,gdp_current_usd,2016,332441717791.411
EGY,Egypt,gdp_current_usd,2015,329366576819.407
EGY,Egypt,gdp_current_usd,2014,305595408895.265
EGY,Egypt,gdp_current_usd,2013,288434108527.132
EGY,Egypt,gdp_current_usd,2012,279116666666.667
EGY,Egypt,gdp_current_usd,2011,235989672977.625
EGY,Egypt,gdp_current_usd,2010,218983666061.706
EGY,Egypt,gdp_per_capita_usd,2025,3085.80712036204
EGY,Egypt,gdp_per_capita_usd,2024,3338.47371043679
EGY,Egypt,gdp_per_capita_usd,2023,3456.78965212363
EGY,Egypt,gdp_per_capita_usd,2022,4233.30783744856
EGY,Egypt,gdp_per_capita_usd,2021,3827.35415374308
EGY,Egypt,gdp_per_capita_usd,2020,3511.11381026379
EGY,Egypt,gdp_per_capita_usd,2019,2962.98892023003
EGY,Egypt,gdp_per_capita_usd,2018,2484.70315630508
EGY,Egypt,gdp_per_capita_usd,2017,2395.10333299491
EGY,Egypt,gdp_per_capita_usd,2016,3270.6287768197
EGY,Egypt,gdp_per_capita_usd,2015,3306.98159414141
EGY,Egypt,gdp_per_capita_usd,2014,3133.39102265541
EGY,Egypt,gdp_per_capita_usd,2013,3025.52563552448
EGY,Egypt,gdp_per_capita_usd,2012,2996.0677072015
EGY,Egypt,gdp_per_capita_usd,2011,2590.64384891965
EGY,Egypt,gdp_per_capita_usd,2010,2455.08194645282
EGY,Egypt,total_reserves_usd,2025,48875494539.2689
EGY,Egypt,total_reserves_usd,2024,44921341018.4659
EGY,Egypt,total_reserves_usd,2023,33070180836.1374
EGY,Egypt,total_reserves_usd,2022,32143926008.4606
EGY,Egypt,total_reserves_usd,2021,39824388217.3615
EGY,Egypt,total_reserves_usd,2020,38972812936.6707
EGY,Egypt,total_reserves_usd,2019,44568837112.0669
EGY,Egypt,total_reserves_usd,2018,41839242990.7097
EGY,Egypt,total_reserves_usd,2017,36400242555.8255
EGY,Egypt,total_reserves_usd,2016,23642691705.9677
EGY,Egypt,total_reserves_usd,2015,15858887325.7755
EGY,Egypt,total_reserves_usd,2014,14926998051.7397
EGY,Egypt,total_reserves_usd,2013,16536236826.4074
EGY,Egypt,total_reserves_usd,2012,15672467970.7727
EGY,Egypt,total_reserves_usd,2011,18637541110.4777
EGY,Egypt,total_reserves_usd,2010,37028506134.5559
EGY,Egypt,unemployment_rate,2025,6.781
EGY,Egypt,unemployment_rate,2024,6.817
EGY,Egypt,unemployment_rate,2023,6.753
EGY,Egypt,unemployment_rate,2022,6.546
EGY,Egypt,unemployment_rate,2021,7.441
EGY,Egypt,unemployment_rate,2020,7.974
EGY,Egypt,unemployment_rate,2019,7.851
EGY,Egypt,unemployment_rate,2018,9.855
EGY,Egypt,unemployment_rate,2017,11.767
EGY,Egypt,unemployment_rate,2016,12.45
EGY,Egypt,unemployment_rate,2015,13.052
EGY,Egypt,unemployment_rate,2014,13.105
EGY,Egypt,unemployment_rate,2013,13.154
EGY,Egypt,unemployment_rate,2012,12.597
EGY,Egypt,unemployment_rate,2011,11.849
EGY,Egypt,unemployment_rate,2010,8.757
EGY,Egypt,youth_unemployment_rate,2025,18.293
EGY,Egypt,youth_unemployment_rate,2024,17.291
EGY,Egypt,youth_unemployment_rate,2023,17.153
EGY,Egypt,youth_unemployment_rate,2022,16.342
EGY,Egypt,youth_unemployment_rate,2021,18.21
EGY,Egypt,youth_unemployment_rate,2020,18.463
EGY,Egypt,youth_unemployment_rate,2019,20.631
EGY,Egypt,youth_unemployment_rate,2018,26.252
EGY,Egypt,youth_unemployment_rate,2017,32.644
EGY,Egypt,youth_unemployment_rate,2016,33.655
EGY,Egypt,youth_unemployment_rate,2015,34.16
EGY,Egypt,youth_unemployment_rate,2014,32.198
EGY,Egypt,youth_unemployment_rate,2013,34.12
EGY,Egypt,youth_unemployment_rate,2012,34.439
EGY,Egypt,youth_unemployment_rate,2011,29.426
EGY,Egypt,youth_unemployment_rate,2010,24.583
EGY,Egypt,gini_index,2021,28.5
EGY,Egypt,gini_index,2019,31.9
EGY,Egypt,gini_index,2017,31.5
EGY,Egypt,gini_index,2015,31.8
EGY,Egypt,gini_index,2012,28.3
EGY,Egypt,gini_index,2010,30.2
IRN,Iran,gdp_growth,2025,-2.82597163290347
IRN,Iran,gdp_growth,2024,3.66312057949303
IRN,Iran,gdp_growth,2023,5.33235116079808
IRN,Iran,gdp_growth,2022,4.35281087521344
IRN,Iran,gdp_growth,2021,4.13089685034471
IRN,Iran,gdp_growth,2020,4.44180865358672
IRN,Iran,gdp_growth,2019,-2.36143538770575
IRN,Iran,gdp_growth,2018,-3.74796015711334
IRN,Iran,gdp_growth,2017,3.02685468694025
IRN,Iran,gdp_growth,2016,8.8150866425182
IRN,Iran,gdp_growth,2015,-1.42488493937503
IRN,Iran,gdp_growth,2014,4.98477506709476
IRN,Iran,gdp_growth,2013,-1.52197920494184
IRN,Iran,gdp_growth,2012,-3.74717139864109
IRN,Iran,gdp_growth,2011,2.6457179180628
IRN,Iran,gdp_growth,2010,5.79793830169604
IRN,Iran,inflation,2025,42.1712244965444
IRN,Iran,inflation,2024,32.4558714029169
IRN,Iran,inflation,2023,44.5791857572797
IRN,Iran,inflation,2022,43.4884641742178
IRN,Iran,inflation,2021,43.3890162681514
IRN,Iran,inflation,2020,30.5941390387295
IRN,Iran,inflation,2019,39.9073455697783
IRN,Iran,inflation,2018,18.0141183371874
IRN,Iran,inflation,2017,8.04492437660277
IRN,Iran,inflation,2016,7.24542548952978
IRN,Iran,inflation,2015,12.4846815611533
IRN,Iran,inflation,2014,16.6065532357448
IRN,Iran,inflation,2013,36.6030355191029
IRN,Iran,inflation,2012,27.2568127242908
IRN,Iran,inflation,2011,26.2933856738608
IRN,Iran,inflation,2010,10.0893629287979
IRN,Iran,political_stability,2025,-1.6905921
IRN,Iran,political_stability,2024,-1.4410435
IRN,Iran,political_stability,2023,-1.2784026
IRN,Iran,political_stability,2022,-1.1464054
IRN,Iran,political_stability,2021,-1.1649568
IRN,Iran,political_stability,2020,-1.2280094
IRN,Iran,political_stability,2019,-1.2559212
IRN,Iran,political_stability,2018,-0.9874881
IRN,Iran,political_stability,2017,-0.7165628
IRN,Iran,political_stability,2016,-0.6701176
IRN,Iran,political_stability,2015,-0.8137382
IRN,Iran,political_stability,2014,-0.7623744
IRN,Iran,political_stability,2013,-1.1874912
IRN,Iran,political_stability,2012,-1.250567
IRN,Iran,political_stability,2011,-1.3426796
IRN,Iran,political_stability,2010,-1.5130283
IRN,Iran,government_effectiveness,2025,-0.8569583
IRN,Iran,government_effectiveness,2024,-0.7273349
IRN,Iran,government_effectiveness,2023,-0.7653883
IRN,Iran,government_effectiveness,2022,-0.7277617
IRN,Iran,government_effectiveness,2021,-0.6736981
IRN,Iran,government_effectiveness,2020,-0.7342295
IRN,Iran,government_effectiveness,2019,-0.4599652
IRN,Iran,government_effectiveness,2018,-0.317362
IRN,Iran,government_effectiveness,2017,-0.2402704
IRN,Iran,government_effectiveness,2016,-0.2449055
IRN,Iran,government_effectiveness,2015,-0.2569002
IRN,Iran,government_effectiveness,2014,-0.3173348
IRN,Iran,government_effectiveness,2013,-0.605229
IRN,Iran,government_effectiveness,2012,-0.5741388
IRN,Iran,government_effectiveness,2011,-0.573605
IRN,Iran,government_effectiveness,2010,-0.6419449
IRN,Iran,rule_of_law,2025,-1.2173726
IRN,Iran,rule_of_law,2024,-1.2030866
IRN,Iran,rule_of_law,2023,-1.2014407
IRN,Iran,rule_of_law,2022,-1.1279695
IRN,Iran,rule_of_law,2021,-1.066907
IRN,Iran,rule_of_law,2020,-1.0196349
IRN,Iran,rule_of_law,2019,-1.0237654
IRN,Iran,rule_of_law,2018,-0.9441774
IRN,Iran,rule_of_law,2017,-0.9016663
IRN,Iran,rule_of_law,2016,-0.945732
IRN,Iran,rule_of_law,2015,-0.9457846
IRN,Iran,rule_of_law,2014,-1.2206015
IRN,Iran,rule_of_law,2013,-1.1530408
IRN,Iran,rule_of_law,2012,-0.9657239
IRN,Iran,rule_of_law,2011,-0.9940445
IRN,Iran,rule_of_law,2010,-1.0637375
IRN,Iran,regulatory_quality,2025,-1.5254608
IRN,Iran,regulatory_quality,2024,-1.5001354
IRN,Iran,regulatory_quality,2023,-1.4589001
IRN,Iran,regulatory_quality,2022,-1.4041094
IRN,Iran,regulatory_quality,2021,-1.4004551
IRN,Iran,regulatory_quality,2020,-1.3993179
IRN,Iran,regulatory_quality,2019,-1.373602
IRN,Iran,regulatory_quality,2018,-1.320356
IRN,Iran,regulatory_quality,2017,-1.1203949
IRN,Iran,regulatory_quality,2016,-1.10896
IRN,Iran,regulatory_quality,2015,-1.142292
IRN,Iran,regulatory_quality,2014,-1.3631172
IRN,Iran,regulatory_quality,2013,-1.4355515
IRN,Iran,regulatory_quality,2012,-1.2909594
IRN,Iran,regulatory_quality,2011,-1.2550564
IRN,Iran,regulatory_quality,2010,-1.4252274
IRN,Iran,control_of_corruption,2025,-1.1415327
IRN,Iran,control_of_corruption,2024,-1.128936
IRN,Iran,control_of_corruption,2023,-1.1726138
IRN,Iran,control_of_corruption,2022,-1.1318763
IRN,Iran,control_of_corruption,2021,-1.1256013
IRN,Iran,control_of_corruption,2020,-1.1034576
IRN,Iran,control_of_corruption,2019,-0.9916633
IRN,Iran,control_of_corruption,2018,-0.9421392
IRN,Iran,control_of_corruption,2017,-0.7008465
IRN,Iran,control_of_corruption,2016,-0.6567734
IRN,Iran,control_of_corruption,2015,-0.7596842
IRN,Iran,control_of_corruption,2014,-0.8183246
IRN,Iran,control_of_corruption,2013,-0.9146462
IRN,Iran,control_of_corruption,2012,-0.9832431
IRN,Iran,control_of_corruption,2011,-0.942265
IRN,Iran,control_of_corruption,2010,-1.1599262
IRN,Iran,fdi_net_inflows_pct_gdp,2025,0.454000166242696
IRN,Iran,fdi_net_inflows_pct_gdp,2024,0.304914201091111
IRN,Iran,fdi_net_inflows_pct_gdp,2023,0.310885408744141
IRN,Iran,fdi_net_inflows_pct_gdp,2022,0.354893288694741
IRN,Iran,fdi_net_inflows_pct_gdp,2021,0.34982143161472
IRN,Iran,fdi_net_inflows_pct_gdp,2020,0.47769170946132
IRN,Iran,fdi_net_inflows_pct_gdp,2019,0.433347777066285
IRN,Iran,fdi_net_inflows_pct_gdp,2018,0.576106085876311
IRN,Iran,fdi_net_inflows_pct_gdp,2017,0.983654956177998
IRN,Iran,fdi_net_inflows_pct_gdp,2016,0.70452835935243
IRN,Iran,fdi_net_inflows_pct_gdp,2015,0.500987695412685
IRN,Iran,fdi_net_inflows_pct_gdp,2014,0.45545387401938
IRN,Iran,fdi_net_inflows_pct_gdp,2013,0.609501593960532
IRN,Iran,fdi_net_inflows_pct_gdp,2012,0.723850091355471
IRN,Iran,fdi_net_inflows_pct_gdp,2011,0.679834574763516
IRN,Iran,fdi_net_inflows_pct_gdp,2010,0.74916862626536
IRN,Iran,exports_pct_gdp,2025,25.754375261588
IRN,Iran,exports_pct_gdp,2024,23.5514720983508
IRN,Iran,exports_pct_gdp,2023,23.9216475542357
IRN,Iran,exports_pct_gdp,2022,25.5666185174995
IRN,Iran,exports_pct_gdp,2021,22.0192078360416
IRN,Iran,exports_pct_gdp,2020,18.3903748639131
IRN,Iran,exports_pct_gdp,2019,22.3147082096412
IRN,Iran,exports_pct_gdp,2018,29.639694129412
IRN,Iran,exports_pct_gdp,2017,21.8329309946109
IRN,Iran,exports_pct_gdp,2016,20.3097816144481
IRN,Iran,exports_pct_gdp,2015,18.7208345068656
IRN,Iran,exports_pct_gdp,2014,22.8306723891643
IRN,Iran,exports_pct_gdp,2013,25.1829067419072
IRN,Iran,exports_pct_gdp,2012,22.4753001992586
IRN,Iran,exports_pct_gdp,2011,24.9333131264674
IRN,Iran,exports_pct_gdp,2010,24.399653282909
IRN,Iran,imports_pct_gdp,2025,34.4882471351587
IRN,Iran,imports_pct_gdp,2024,28.5106585810839
IRN,Iran,imports_pct_gdp,2023,25.4719025417845
IRN,Iran,imports_pct_gdp,2022,23.3517323048057
IRN,Iran,imports_pct_gdp,2021,20.6531717002195
IRN,Iran,imports_pct_gdp,2020,25.4940926265882
IRN,Iran,imports_pct_gdp,2019,26.2770630040625
IRN,Iran,imports_pct_gdp,2018,26.975655484871
IRN,Iran,imports_pct_gdp,2017,21.3227621437797
IRN,Iran,imports_pct_gdp,2016,19.5674601594385
IRN,Iran,imports_pct_gdp,2015,20.7017541543144
IRN,Iran,imports_pct_gdp,2014,22.5207477521518
IRN,Iran,imports_pct_gdp,2013,21.9038111775683
IRN,Iran,imports_pct_gdp,2012,21.6140464814866
IRN,Iran,imports_pct_gdp,2011,16.2861016653904
IRN,Iran,imports_pct_gdp,2010,19.3709904542309
IRN,Iran,official_exchange_rate_lcu_usd,2023,42000.0
IRN,Iran,official_exchange_rate_lcu_usd,2022,42000.0
IRN,Iran,official_exchange_rate_lcu_usd,2021,42000.0
IRN,Iran,official_exchange_rate_lcu_usd,2020,42000.0
IRN,Iran,official_exchange_rate_lcu_usd,2019,42000.0
IRN,Iran,official_exchange_rate_lcu_usd,2018,40864.3290097769
IRN,Iran,official_exchange_rate_lcu_usd,2017,33226.2981524126
IRN,Iran,official_exchange_rate_lcu_usd,2016,30914.8524362967
IRN,Iran,official_exchange_rate_lcu_usd,2015,29011.4913770529
IRN,Iran,official_exchange_rate_lcu_usd,2014,25941.6641445972
IRN,Iran,official_exchange_rate_lcu_usd,2013,18414.4480100373
IRN,Iran,official_exchange_rate_lcu_usd,2012,12175.5472222222
IRN,Iran,official_exchange_rate_lcu_usd,2011,10616.3066439075
IRN,Iran,official_exchange_rate_lcu_usd,2010,10254.1764702889
IRN,Iran,gdp_current_usd,2025,362682115433.364
IRN,Iran,gdp_current_usd,2024,475252089215.416
IRN,Iran,gdp_current_usd,2023,457510482317.483
IRN,Iran,gdp_current_usd,2022,422662261525.665
IRN,Iran,gdp_current_usd,2021,407350685583.335
IRN,Iran,gdp_current_usd,2020,280934329279.723
IRN,Iran,gdp_current_usd,2019,347988400957.999
IRN,Iran,gdp_current_usd,2018,411903303606.044
IRN,Iran,gdp_current_usd,2017,510239893417.645
IRN,Iran,gdp_current_usd,2016,478618064870.999
IRN,Iran,gdp_current_usd,2015,409191686496.677
IRN,Iran,gdp_current_usd,2014,462284793280.825
IRN,Iran,gdp_current_usd,2013,500399839839.877
IRN,Iran,gdp_current_usd,2012,644019315003.54
IRN,Iran,gdp_current_usd,2011,629082257472.368
IRN,Iran,gdp_current_usd,2010,487069570463.768
IRN,Iran,gdp_per_capita_usd,2025,3924.38017821898
IRN,Iran,gdp_per_capita_usd,2024,5190.16959024821
IRN,Iran,gdp_per_capita_usd,2023,5049.29931642754
IRN,Iran,gdp_per_capita_usd,2022,4721.20437099984
IRN,Iran,gdp_per_capita_usd,2021,4605.14881318992
IRN,Iran,gdp_per_capita_usd,2020,3202.50003502169
IRN,Iran,gdp_per_capita_usd,2019,3997.4935449585
IRN,Iran,gdp_per_capita_usd,2018,4783.01067340237
IRN,Iran,gdp_per_capita_usd,2017,6000.93346404409
IRN,Iran,gdp_per_capita_usd,2016,5710.59947089104
IRN,Iran,gdp_per_capita_usd,2015,4952.73355532178
IRN,Iran,gdp_per_capita_usd,2014,5672.06372896319
IRN,Iran,gdp_per_capita_usd,2013,6222.74194840326
IRN,Iran,gdp_per_capita_usd,2012,8114.08099831877
IRN,Iran,gdp_per_capita_usd,2011,8025.68743364356
IRN,Iran,gdp_per_capita_usd,2010,6291.19443655454
IRN,Iran,unemployment_rate,2025,8.301
IRN,Iran,unemployment_rate,2024,8.146
IRN,Iran,unemployment_rate,2023,8.129
IRN,Iran,unemployment_rate,2022,9.085
IRN,Iran,unemployment_rate,2021,9.282
IRN,Iran,unemployment_rate,2020,9.687
IRN,Iran,unemployment_rate,2019,10.74
IRN,Iran,unemployment_rate,2018,12.195
IRN,Iran,unemployment_rate,2017,12.232
IRN,Iran,unemployment_rate,2016,12.618
IRN,Iran,unemployment_rate,2015,11.166
IRN,Iran,unemployment_rate,2014,10.68
IRN,Iran,unemployment_rate,2013,10.595
IRN,Iran,unemployment_rate,2012,12.275
IRN,Iran,unemployment_rate,2011,12.491
IRN,Iran,unemployment_rate,2010,13.679
IRN,Iran,youth_unemployment_rate,2025,21.9
IRN,Iran,youth_unemployment_rate,2024,21.307
IRN,Iran,youth_unemployment_rate,2023,21.265
IRN,Iran,youth_unemployment_rate,2022,22.686
IRN,Iran,youth_unemployment_rate,2021,23.752
IRN,Iran,youth_unemployment_rate,2020,23.712
IRN,Iran,youth_unemployment_rate,2019,25.948
IRN,Iran,youth_unemployment_rate,2018,27.502
IRN,Iran,youth_unemployment_rate,2017,28.208
IRN,Iran,youth_unemployment_rate,2016,29.087
IRN,Iran,youth_unemployment_rate,2015,25.962
IRN,Iran,youth_unemployment_rate,2014,24.972
IRN,Iran,youth_unemployment_rate,2013,23.872
IRN,Iran,youth_unemployment_rate,2012,26.894
IRN,Iran,youth_unemployment_rate,2011,26.645
IRN,Iran,youth_unemployment_rate,2010,28.7
IRN,Iran,gini_index,2023,35.9
IRN,Iran,gini_index,2022,34.8
IRN,Iran,gini_index,2021,35.5
IRN,Iran,gini_index,2020,35.8
IRN,Iran,gini_index,2019,36.5
IRN,Iran,gini_index,2018,37.4
IRN,Iran,gini_index,2017,36.7
IRN,Iran,gini_index,2016,35.9
IRN,Iran,gini_index,2015,35.3
IRN,Iran,gini_index,2014,34.8
IRN,Iran,gini_index,2013,34.0
IRN,Iran,gini_index,2012,34.4
IRN,Iran,gini_index,2011,34.7
IRQ,Iraq,debt_to_gdp,2018,27.438248367378
IRQ,Iraq,debt_to_gdp,2017,35.8630061595052
IRQ,Iraq,debt_to_gdp,2016,29.4760678291372
IRQ,Iraq,debt_to_gdp,2015,27.3918908850844
IRQ,Iraq,current_account_pct_gdp,2025,1.93529990885233
IRQ,Iraq,current_account_pct_gdp,2024,2.99186896502489
IRQ,Iraq,current_account_pct_gdp,2023,10.5528397110428
IRQ,Iraq,current_account_pct_gdp,2022,20.1861883343541
IRQ,Iraq,current_account_pct_gdp,2021,11.7148037882244
IRQ,Iraq,current_account_pct_gdp,2020,-3.48598226553261
IRQ,Iraq,current_account_pct_gdp,2019,6.74664580876131
IRQ,Iraq,current_account_pct_gdp,2018,15.1162785714327
IRQ,Iraq,current_account_pct_gdp,2017,7.95462137277485
IRQ,Iraq,current_account_pct_gdp,2016,1.29416694062961
IRQ,Iraq,current_account_pct_gdp,2015,-1.65602101285884
IRQ,Iraq,current_account_pct_gdp,2014,6.94151191976759
IRQ,Iraq,current_account_pct_gdp,2013,6.85843921497559
IRQ,Iraq,current_account_pct_gdp,2012,13.5507635163078
IRQ,Iraq,current_account_pct_gdp,2011,14.065166727563
IRQ,Iraq,current_account_pct_gdp,2010,4.68412757383414
IRQ,Iraq,reserves_months_imports,2025,11.6000468498769
IRQ,Iraq,reserves_months_imports,2024,11.2072163127604
IRQ,Iraq,reserves_months_imports,2023,15.8737025962999
IRQ,Iraq,reserves_months_imports,2022,16.265596420488
IRQ,Iraq,reserves_months_imports,2021,14.4684288131166
IRQ,Iraq,reserves_months_imports,2020,11.349288501608
IRQ,Iraq,reserves_months_imports,2019,10.8595841433164
IRQ,Iraq,reserves_months_imports,2018,12.9879784715729
IRQ,Iraq,reserves_months_imports,2017,11.7385756809118
IRQ,Iraq,reserves_months_imports,2016,11.8139189353787
IRQ,Iraq,reserves_months_imports,2015,10.8017323095628
IRQ,Iraq,reserves_months_imports,2014,11.3259059912737
IRQ,Iraq,reserves_months_imports,2013,12.7980431197861
IRQ,Iraq,reserves_months_imports,2012,13.0907943504895
IRQ,Iraq,reserves_months_imports,2011,13.7756734191734
IRQ,Iraq,reserves_months_imports,2010,12.7409467178945
IRQ,Iraq,gdp_growth,2025,-2.15574219066178
IRQ,Iraq,gdp_growth,2024,-1.54525198319173
IRQ,Iraq,gdp_growth,2023,0.517705525140073
IRQ,Iraq,gdp_growth,2022,7.95904804990212
IRQ,Iraq,gdp_growth,2021,1.5021807095434
IRQ,Iraq,gdp_growth,2020,-12.0367930960454
IRQ,Iraq,gdp_growth,2019,5.5137905789381
IRQ,Iraq,gdp_growth,2018,2.63385099105624
IRQ,Iraq,gdp_growth,2017,-1.81975035118309
IRQ,Iraq,gdp_growth,2016,13.7873730187089
IRQ,Iraq,gdp_growth,2015,2.60676642939541
IRQ,Iraq,gdp_growth,2014,2.26368817563613
IRQ,Iraq,gdp_growth,2013,7.62828592298754
IRQ,Iraq,gdp_growth,2012,13.9364301737537
IRQ,Iraq,gdp_growth,2011,7.546471200426
IRQ,Iraq,gdp_growth,2010,6.40256484471193
IRQ,Iraq,inflation,2025,0.303454715219381
IRQ,Iraq,inflation,2024,2.6116961151764
IRQ,Iraq,inflation,2023,4.35835351089595
IRQ,Iraq,inflation,2022,4.9947659638103
IRQ,Iraq,inflation,2021,6.04186489058042
IRQ,Iraq,inflation,2020,0.574162679425856
IRQ,Iraq,inflation,2019,-0.198965380023882
IRQ,Iraq,inflation,2018,0.367441488936828
IRQ,Iraq,inflation,2017,0.184058898847553
IRQ,Iraq,inflation,2016,0.556521397155547
IRQ,Iraq,inflation,2015,1.39333028780267
IRQ,Iraq,inflation,2014,2.23597407904726
IRQ,Iraq,inflation,2013,1.87949800749416
IRQ,Iraq,inflation,2012,6.0890964159516
IRQ,Iraq,inflation,2011,5.6040514426601
IRQ,Iraq,inflation,2010,2.42986826837753
IRQ,Iraq,political_stability,2025,-1.8662146
IRQ,Iraq,political_stability,2024,-2.0265859
IRQ,Iraq,political_stability,2023,-2.2184578
IRQ,Iraq,political_stability,2022,-2.2795593
IRQ,Iraq,political_stability,2021,-2.180777
IRQ,Iraq,political_stability,2020,-2.1899477
IRQ,Iraq,political_stability,2019,-2.2326011
IRQ,Iraq,political_stability,2018,-2.1809019
IRQ,Iraq,political_stability,2017,-2.1827263
IRQ,Iraq,political_stability,2016,-2.2440953
IRQ,Iraq,political_stability,2015,-2.2623602
IRQ,Iraq,political_stability,2014,-2.2701386
IRQ,Iraq,political_stability,2013,-2.1074392
IRQ,Iraq,political_stability,2012,-1.9741051
IRQ,Iraq,political_stability,2011,-1.9129689
IRQ,Iraq,political_stability,2010,-2.2031349
IRQ,Iraq,government_effectiveness,2025,-1.0161448
IRQ,Iraq,government_effectiveness,2024,-1.1301223
IRQ,Iraq,government_effectiveness,2023,-1.4308526
IRQ,Iraq,government_effectiveness,2022,-1.3633989
IRQ,Iraq,government_effectiveness,2021,-1.3106007
IRQ,Iraq,government_effectiveness,2020,-1.2982507
IRQ,Iraq,government_effectiveness,2019,-1.1982773
IRQ,Iraq,government_effectiveness,2018,-1.164357
IRQ,Iraq,government_effectiveness,2017,-1.1749357
IRQ,Iraq,government_effectiveness,2016,-1.1747538
IRQ,Iraq,government_effectiveness,2015,-1.1639235
IRQ,Iraq,government_effectiveness,2014,-1.0216951
IRQ,Iraq,government_effectiveness,2013,-1.1188681
IRQ,Iraq,government_effectiveness,2012,-1.1605269
IRQ,Iraq,government_effectiveness,2011,-1.2433238
IRQ,Iraq,government_effectiveness,2010,-1.2218719
IRQ,Iraq,rule_of_law,2025,-1.3901726
IRQ,Iraq,rule_of_law,2024,-1.4520735
IRQ,Iraq,rule_of_law,2023,-1.5382983
IRQ,Iraq,rule_of_law,2022,-1.5064271
IRQ,Iraq,rule_of_law,2021,-1.4713308
IRQ,Iraq,rule_of_law,2020,-1.5452995
IRQ,Iraq,rule_of_law,2019,-1.4020533
IRQ,Iraq,rule_of_law,2018,-1.4563997
IRQ,Iraq,rule_of_law,2017,-1.5660347
IRQ,Iraq,rule_of_law,2016,-1.5550375
IRQ,Iraq,rule_of_law,2015,-1.5103091
IRQ,Iraq,rule_of_law,2014,-1.4753642
IRQ,Iraq,rule_of_law,2013,-1.4966945
IRQ,Iraq,rule_of_law,2012,-1.4750374
IRQ,Iraq,rule_of_law,2011,-1.4508307
IRQ,Iraq,rule_of_law,2010,-1.5932611
IRQ,Iraq,regulatory_quality,2025,-1.0139353
IRQ,Iraq,regulatory_quality,2024,-1.0291226
IRQ,Iraq,regulatory_quality,2023,-1.2938934
IRQ,Iraq,regulatory_quality,2022,-1.2896278
IRQ,Iraq,regulatory_quality,2021,-1.1948699
IRQ,Iraq,regulatory_quality,2020,-1.2742478
IRQ,Iraq,regulatory_quality,2019,-1.1928646
IRQ,Iraq,regulatory_quality,2018,-1.1938931
IRQ,Iraq,regulatory_quality,2017,-1.1058947
IRQ,Iraq,regulatory_quality,2016,-0.9898252
IRQ,Iraq,regulatory_quality,2015,-1.0303327
IRQ,Iraq,regulatory_quality,2014,-1.0901731
IRQ,Iraq,regulatory_quality,2013,-1.0570642
IRQ,Iraq,regulatory_quality,2012,-1.0568782
IRQ,Iraq,regulatory_quality,2011,-0.9560928
IRQ,Iraq,regulatory_quality,2010,-0.9955323
IRQ,Iraq,control_of_corruption,2025,-1.2518349
IRQ,Iraq,control_of_corruption,2024,-1.2204639
IRQ,Iraq,control_of_corruption,2023,-1.4224503
IRQ,Iraq,control_of_corruption,2022,-1.4964186
IRQ,Iraq,control_of_corruption,2021,-1.3741966
IRQ,Iraq,control_of_corruption,2020,-1.3709275
IRQ,Iraq,control_of_corruption,2019,-1.445637
IRQ,Iraq,control_of_corruption,2018,-1.4774376
IRQ,Iraq,control_of_corruption,2017,-1.4027111
IRQ,Iraq,control_of_corruption,2016,-1.3974396
IRQ,Iraq,control_of_corruption,2015,-1.3897329
IRQ,Iraq,control_of_corruption,2014,-1.353655
IRQ,Iraq,control_of_corruption,2013,-1.2611237
IRQ,Iraq,control_of_corruption,2012,-1.2677305
IRQ,Iraq,control_of_corruption,2011,-1.2380711
IRQ,Iraq,control_of_corruption,2010,-1.3058128
IRQ,Iraq,fdi_net_inflows_pct_gdp,2025,-2.99496051321083
IRQ,Iraq,fdi_net_inflows_pct_gdp,2024,-2.73525447039729
IRQ,Iraq,fdi_net_inflows_pct_gdp,2023,-1.99474822313262
IRQ,Iraq,fdi_net_inflows_pct_gdp,2022,-0.726653366772653
IRQ,Iraq,fdi_net_inflows_pct_gdp,2021,-1.25770209772783
IRQ,Iraq,fdi_net_inflows_pct_gdp,2020,-1.58049696252586
IRQ,Iraq,fdi_net_inflows_pct_gdp,2019,-1.31640616709339
IRQ,Iraq,fdi_net_inflows_pct_gdp,2018,-2.14854834807913
IRQ,Iraq,fdi_net_inflows_pct_gdp,2017,-2.68799428357231
IRQ,Iraq,fdi_net_inflows_pct_gdp,2016,-3.75180911604806
IRQ,Iraq,fdi_net_inflows_pct_gdp,2015,-4.54159235443502
IRQ,Iraq,fdi_net_inflows_pct_gdp,2014,-4.45521124532956
IRQ,Iraq,fdi_net_inflows_pct_gdp,2013,-0.995279210263068
IRQ,Iraq,fdi_net_inflows_pct_gdp,2012,1.55961531280073
IRQ,Iraq,fdi_net_inflows_pct_gdp,2011,1.12086339764167
IRQ,Iraq,fdi_net_inflows_pct_gdp,2010,1.00796493975113
IRQ,Iraq,exports_pct_gdp,2024,39.7635173537006
IRQ,Iraq,exports_pct_gdp,2023,39.6312322400043
IRQ,Iraq,exports_pct_gdp,2022,44.5259462145341
IRQ,Iraq,exports_pct_gdp,2021,37.3216528340457
IRQ,Iraq,exports_pct_gdp,2020,27.750277551257
IRQ,Iraq,exports_pct_gdp,2019,38.0518681988838
IRQ,Iraq,exports_pct_gdp,2018,40.8026420265318
IRQ,Iraq,exports_pct_gdp,2017,33.9160634134979
IRQ,Iraq,exports_pct_gdp,2016,28.1085236792986
IRQ,Iraq,exports_pct_gdp,2015,34.5141464410956
IRQ,Iraq,exports_pct_gdp,2014,38.9417264514779
IRQ,Iraq,exports_pct_gdp,2013,39.6635365352026
IRQ,Iraq,exports_pct_gdp,2012,44.5084353612381
IRQ,Iraq,exports_pct_gdp,2011,44.4175230392819
IRQ,Iraq,exports_pct_gdp,2010,39.41682921428
IRQ,Iraq,imports_pct_gdp,2024,37.375421957139
IRQ,Iraq,imports_pct_gdp,2023,29.8300885590124
IRQ,Iraq,imports_pct_gdp,2022,24.2328478795559
IRQ,Iraq,imports_pct_gdp,2021,24.1816154776761
IRQ,Iraq,imports_pct_gdp,2020,29.992038843889
IRQ,Iraq,imports_pct_gdp,2019,30.9380702213968
IRQ,Iraq,imports_pct_gdp,2018,24.9991497435766
IRQ,Iraq,imports_pct_gdp,2017,25.8648489788178
IRQ,Iraq,imports_pct_gdp,2016,26.4797965093784
IRQ,Iraq,imports_pct_gdp,2015,35.0776221572159
IRQ,Iraq,imports_pct_gdp,2014,30.0407604054258
IRQ,Iraq,imports_pct_gdp,2013,27.7464818743646
IRQ,Iraq,imports_pct_gdp,2012,29.1002492300431
IRQ,Iraq,imports_pct_gdp,2011,27.7538051840835
IRQ,Iraq,imports_pct_gdp,2010,34.0806504059643
IRQ,Iraq,official_exchange_rate_lcu_usd,2025,1300.0
IRQ,Iraq,official_exchange_rate_lcu_usd,2024,1300.0
IRQ,Iraq,official_exchange_rate_lcu_usd,2023,1312.5
IRQ,Iraq,official_exchange_rate_lcu_usd,2022,1450.0
IRQ,Iraq,official_exchange_rate_lcu_usd,2021,1450.0
IRQ,Iraq,official_exchange_rate_lcu_usd,2020,1192.0
IRQ,Iraq,official_exchange_rate_lcu_usd,2019,1182.0
IRQ,Iraq,official_exchange_rate_lcu_usd,2018,1182.75
IRQ,Iraq,official_exchange_rate_lcu_usd,2017,1184.0
IRQ,Iraq,official_exchange_rate_lcu_usd,2016,1182.0
IRQ,Iraq,official_exchange_rate_lcu_usd,2015,1167.33333333333
IRQ,Iraq,official_exchange_rate_lcu_usd,2014,1166.0
IRQ,Iraq,official_exchange_rate_lcu_usd,2013,1166.0
IRQ,Iraq,official_exchange_rate_lcu_usd,2012,1166.16666666666
IRQ,Iraq,official_exchange_rate_lcu_usd,2011,1170.0
IRQ,Iraq,official_exchange_rate_lcu_usd,2010,1170.0
IRQ,Iraq,gdp_current_usd,2025,254367293538.462
IRQ,Iraq,gdp_current_usd,2024,279641257615.385
IRQ,Iraq,gdp_current_usd,2023,268881051643.549
IRQ,Iraq,gdp_current_usd,2022,287372232137.931
IRQ,Iraq,gdp_current_usd,2021,209691945713.103
IRQ,Iraq,gdp_current_usd,2020,180898797516.874
IRQ,Iraq,gdp_current_usd,2019,233636097800.338
IRQ,Iraq,gdp_current_usd,2018,227367469034.031
IRQ,Iraq,gdp_current_usd,2017,187217660050.676
IRQ,Iraq,gdp_current_usd,2016,166743557747.671
IRQ,Iraq,gdp_current_usd,2015,166774104959.102
IRQ,Iraq,gdp_current_usd,2014,228415656174.957
IRQ,Iraq,gdp_current_usd,2013,234637675128.645
IRQ,Iraq,gdp_current_usd,2012,218002476129.472
IRQ,Iraq,gdp_current_usd,2011,185749664444.444
IRQ,Iraq,gdp_current_usd,2010,138516722649.573
IRQ,Iraq,gdp_per_capita_usd,2025,5409.67899716967
IRQ,Iraq,gdp_per_capita_usd,2024,6073.61032342708
IRQ,Iraq,gdp_per_capita_usd,2023,5965.31835077761
IRQ,Iraq,gdp_per_capita_usd,2022,6520.73154560584
IRQ,Iraq,gdp_per_capita_usd,2021,4868.49431080783
IRQ,Iraq,gdp_per_capita_usd,2020,4295.18945121228
IRQ,Iraq,gdp_per_capita_usd,2019,5671.8568632942
IRQ,Iraq,gdp_per_capita_usd,2018,5646.68932074742
IRQ,Iraq,gdp_per_capita_usd,2017,4759.2846435467
IRQ,Iraq,gdp_per_capita_usd,2016,4334.42096404188
IRQ,Iraq,gdp_per_capita_usd,2015,4440.14189252367
IRQ,Iraq,gdp_per_capita_usd,2014,6249.39226978969
IRQ,Iraq,gdp_per_capita_usd,2013,6650.35282247395
IRQ,Iraq,gdp_per_capita_usd,2012,6477.59618450955
IRQ,Iraq,gdp_per_capita_usd,2011,5775.54229080293
IRQ,Iraq,gdp_per_capita_usd,2010,4461.75196161555
IRQ,Iraq,total_reserves_usd,2025,98450303284.422
IRQ,Iraq,total_reserves_usd,2024,100690954781.588
IRQ,Iraq,total_reserves_usd,2023,112232897713.459
IRQ,Iraq,total_reserves_usd,2022,97009236971.5221
IRQ,Iraq,total_reserves_usd,2021,64231022302.7097
IRQ,Iraq,total_reserves_usd,2020,54424472658.0154
IRQ,Iraq,total_reserves_usd,2019,68017647833.6446
IRQ,Iraq,total_reserves_usd,2018,64719421423.3098
IRQ,Iraq,total_reserves_usd,2017,49315419400.3988
IRQ,Iraq,total_reserves_usd,2016,45298562240.815
IRQ,Iraq,total_reserves_usd,2015,53992019678.9023
IRQ,Iraq,total_reserves_usd,2014,66281655807.2321
IRQ,Iraq,total_reserves_usd,2013,77747258749.8262
IRQ,Iraq,total_reserves_usd,2012,70327019949.4173
IRQ,Iraq,total_reserves_usd,2011,61033121083.6479
IRQ,Iraq,total_reserves_usd,2010,50622117150.4266
IRQ,Iraq,unemployment_rate,2025,15.485
IRQ,Iraq,unemployment_rate,2024,15.293
IRQ,Iraq,unemployment_rate,2023,15.239
IRQ,Iraq,unemployment_rate,2022,15.41
IRQ,Iraq,unemployment_rate,2021,16.173
IRQ,Iraq,unemployment_rate,2020,15.766
IRQ,Iraq,unemployment_rate,2019,14.096
IRQ,Iraq,unemployment_rate,2018,13.458
IRQ,Iraq,unemployment_rate,2017,13.02
IRQ,Iraq,unemployment_rate,2016,10.82
IRQ,Iraq,unemployment_rate,2015,10.865
IRQ,Iraq,unemployment_rate,2014,10.59
IRQ,Iraq,unemployment_rate,2013,9.222
IRQ,Iraq,unemployment_rate,2012,7.965
IRQ,Iraq,unemployment_rate,2011,8.193
IRQ,Iraq,unemployment_rate,2010,8.267
IRQ,Iraq,youth_unemployment_rate,2025,32.012
IRQ,Iraq,youth_unemployment_rate,2024,31.726
IRQ,Iraq,youth_unemployment_rate,2023,31.514
IRQ,Iraq,youth_unemployment_rate,2022,31.791
IRQ,Iraq,youth_unemployment_rate,2021,35.653
IRQ,Iraq,youth_unemployment_rate,2020,34.45
IRQ,Iraq,youth_unemployment_rate,2019,29.75
IRQ,Iraq,youth_unemployment_rate,2018,27.338
IRQ,Iraq,youth_unemployment_rate,2017,25.276
IRQ,Iraq,youth_unemployment_rate,2016,22.446
IRQ,Iraq,youth_unemployment_rate,2015,21.387
IRQ,Iraq,youth_unemployment_rate,2014,19.908
IRQ,Iraq,youth_unemployment_rate,2013,17.913
IRQ,Iraq,youth_unemployment_rate,2012,16.091
IRQ,Iraq,youth_unemployment_rate,2011,16.453
IRQ,Iraq,youth_unemployment_rate,2010,16.579
IRQ,Iraq,gini_index,2023,29.8
IRQ,Iraq,gini_index,2012,29.5
ISR,Israel,current_account_pct_gdp,2025,2.02156973178796
ISR,Israel,current_account_pct_gdp,2024,3.00888189977143
ISR,Israel,current_account_pct_gdp,2023,2.39188897010142
ISR,Israel,current_account_pct_gdp,2022,2.12119039124757
ISR,Israel,current_account_pct_gdp,2021,2.75199841930662
ISR,Israel,current_account_pct_gdp,2020,3.74263006004638
ISR,Israel,current_account_pct_gdp,2019,2.78644375330205
ISR,Israel,current_account_pct_gdp,2018,2.49947784006567
ISR,Israel,current_account_pct_gdp,2017,3.15238813787445
ISR,Israel,current_account_pct_gdp,2016,3.17038576605094
ISR,Israel,current_account_pct_gdp,2015,4.58316122327641
ISR,Israel,current_account_pct_gdp,2014,3.48320911858055
ISR,Israel,current_account_pct_gdp,2013,2.25546232136474
ISR,Israel,current_account_pct_gdp,2012,-0.263249785684165
ISR,Israel,current_account_pct_gdp,2011,0.959067083330989
ISR,Israel,current_account_pct_gdp,2010,2.69529305304405
ISR,Israel,reserves_months_imports,2025,14.3610923129177
ISR,Israel,reserves_months_imports,2024,15.8551777188205
ISR,Israel,reserves_months_imports,2023,15.0929001179578
ISR,Israel,reserves_months_imports,2022,13.3867238018271
ISR,Israel,reserves_months_imports,2021,17.0966392377392
ISR,Israel,reserves_months_imports,2020,18.7789976558513
ISR,Israel,reserves_months_imports,2019,12.3168988897893
ISR,Israel,reserves_months_imports,2018,11.4393459734608
ISR,Israel,reserves_months_imports,2017,12.3835319297115
ISR,Israel,reserves_months_imports,2016,11.2708764679936
ISR,Israel,reserves_months_imports,2015,11.2974348300244
ISR,Israel,reserves_months_imports,2014,9.95000110236018
ISR,Israel,reserves_months_imports,2013,9.41977157418319
ISR,Israel,reserves_months_imports,2012,8.76985414322663
ISR,Israel,reserves_months_imports,2011,8.81396403077087
ISR,Israel,reserves_months_imports,2010,9.95126312641563
ISR,Israel,gdp_growth,2025,2.93114966387968
ISR,Israel,gdp_growth,2024,0.953618469238535
ISR,Israel,gdp_growth,2023,2.06272504731618
ISR,Israel,gdp_growth,2022,6.36407234798706
ISR,Israel,gdp_growth,2021,9.33534690236249
ISR,Israel,gdp_growth,2020,-1.80206927953466
ISR,Israel,gdp_growth,2019,3.57898762923605
ISR,Israel,gdp_growth,2018,4.05349952888294
ISR,Israel,gdp_growth,2017,4.34394518932547
ISR,Israel,gdp_growth,2016,4.53601939236572
ISR,Israel,gdp_growth,2015,2.23599889603805
ISR,Israel,gdp_growth,2014,3.718144149431
ISR,Israel,gdp_growth,2013,4.09013743330735
ISR,Israel,gdp_growth,2012,2.40993765217618
ISR,Israel,gdp_growth,2011,5.51341969081251
ISR,Israel,gdp_growth,2010,5.54470607068944
ISR,Israel,inflation,2025,3.04141321556539
ISR,Israel,inflation,2024,3.07480889805024
ISR,Israel,inflation,2023,4.22522603168917
ISR,Israel,inflation,2022,4.41162725488371
ISR,Israel,inflation,2021,1.47965474722561
ISR,Israel,inflation,2020,-0.575254620897755
ISR,Israel,inflation,2019,0.817645940292793
ISR,Israel,inflation,2018,0.805060379528526
ISR,Israel,inflation,2017,0.249807840123008
ISR,Israel,inflation,2016,-0.535168195718695
ISR,Israel,inflation,2015,-0.617342577642764
ISR,Israel,inflation,2014,0.467557251908503
ISR,Israel,inflation,2013,1.58976347421475
ISR,Israel,inflation,2012,1.67553715750051
ISR,Israel,inflation,2011,3.48837209302323
ISR,Israel,inflation,2010,2.70270270270273
ISR,Israel,political_stability,2025,-0.913622
ISR,Israel,political_stability,2024,-1.0400609
ISR,Israel,political_stability,2023,-1.0462617
ISR,Israel,political_stability,2022,-0.9049211
ISR,Israel,political_stability,2021,-0.7125584
ISR,Israel,political_stability,2020,-0.5684238
ISR,Israel,political_stability,2019,-0.4399548
ISR,Israel,political_stability,2018,-0.3477448
ISR,Israel,political_stability,2017,-0.4469065
ISR,Israel,political_stability,2016,-0.3715116
ISR,Israel,political_stability,2015,-0.6313094
ISR,Israel,political_stability,2014,-0.6146104
ISR,Israel,political_stability,2013,-0.8871852
ISR,Israel,political_stability,2012,-0.7666135
ISR,Israel,political_stability,2011,-0.8013943
ISR,Israel,political_stability,2010,-0.7430718
ISR,Israel,government_effectiveness,2025,1.1918373
ISR,Israel,government_effectiveness,2024,1.2820002
ISR,Israel,government_effectiveness,2023,1.2577528
ISR,Israel,government_effectiveness,2022,1.4330248
ISR,Israel,government_effectiveness,2021,1.4717497
ISR,Israel,government_effectiveness,2020,1.1512264
ISR,Israel,government_effectiveness,2019,1.5737184
ISR,Israel,government_effectiveness,2018,1.4000881
ISR,Israel,government_effectiveness,2017,1.5356007
ISR,Israel,government_effectiveness,2016,1.5174683
ISR,Israel,government_effectiveness,2015,1.4439127
ISR,Israel,government_effectiveness,2014,1.2991046
ISR,Israel,government_effectiveness,2013,1.3040551
ISR,Israel,government_effectiveness,2012,1.3052394
ISR,Israel,government_effectiveness,2011,1.3415904
ISR,Israel,government_effectiveness,2010,1.3082421
ISR,Israel,rule_of_law,2025,0.6765449
ISR,Israel,rule_of_law,2024,0.6358185
ISR,Israel,rule_of_law,2023,0.6303991
ISR,Israel,rule_of_law,2022,0.7752117
ISR,Israel,rule_of_law,2021,0.8569905
ISR,Israel,rule_of_law,2020,0.8582508
ISR,Israel,rule_of_law,2019,0.914056
ISR,Israel,rule_of_law,2018,0.8957986
ISR,Israel,rule_of_law,2017,0.9673997
ISR,Israel,rule_of_law,2016,0.9788916
ISR,Israel,rule_of_law,2015,1.0157796
ISR,Israel,rule_of_law,2014,0.9205081
ISR,Israel,rule_of_law,2013,0.8617296
ISR,Israel,rule_of_law,2012,0.8517046
ISR,Israel,rule_of_law,2011,0.8658826
ISR,Israel,rule_of_law,2010,0.7884382
ISR,Israel,regulatory_quality,2025,1.1257363
ISR,Israel,regulatory_quality,2024,1.0931036
ISR,Israel,regulatory_quality,2023,1.0535638
ISR,Israel,regulatory_quality,2022,1.1375453
ISR,Israel,regulatory_quality,2021,1.2009851
ISR,Israel,regulatory_quality,2020,1.1987444
ISR,Israel,regulatory_quality,2019,1.2754283
ISR,Israel,regulatory_quality,2018,1.2083815
ISR,Israel,regulatory_quality,2017,1.2401335
ISR,Israel,regulatory_quality,2016,1.2621662
ISR,Israel,regulatory_quality,2015,1.1292093
ISR,Israel,regulatory_quality,2014,1.0790977
ISR,Israel,regulatory_quality,2013,1.1143857
ISR,Israel,regulatory_quality,2012,1.124873
ISR,Israel,regulatory_quality,2011,1.2004335
ISR,Israel,regulatory_quality,2010,1.0385685
ISR,Israel,control_of_corruption,2025,0.9571528
ISR,Israel,control_of_corruption,2024,0.9471927
ISR,Israel,control_of_corruption,2023,0.8698407
ISR,Israel,control_of_corruption,2022,0.8851357
ISR,Israel,control_of_corruption,2021,0.9234492
ISR,Israel,control_of_corruption,2020,0.691795
ISR,Israel,control_of_corruption,2019,0.7995968
ISR,Israel,control_of_corruption,2018,0.7390337
ISR,Israel,control_of_corruption,2017,0.8070057
ISR,Israel,control_of_corruption,2016,1.1092437
ISR,Israel,control_of_corruption,2015,0.8492342
ISR,Israel,control_of_corruption,2014,0.7452096
ISR,Israel,control_of_corruption,2013,0.7499844
ISR,Israel,control_of_corruption,2012,0.7535946
ISR,Israel,control_of_corruption,2011,0.7202209
ISR,Israel,control_of_corruption,2010,0.6758861
ISR,Israel,fdi_net_inflows_pct_gdp,2025,4.29650490864827
ISR,Israel,fdi_net_inflows_pct_gdp,2024,2.7251194069041
ISR,Israel,fdi_net_inflows_pct_gdp,2023,3.14968991459396
ISR,Israel,fdi_net_inflows_pct_gdp,2022,4.35745092445992
ISR,Israel,fdi_net_inflows_pct_gdp,2021,3.86941902029446
ISR,Israel,fdi_net_inflows_pct_gdp,2020,5.10300458684
ISR,Israel,fdi_net_inflows_pct_gdp,2019,4.34923898223678
ISR,Israel,fdi_net_inflows_pct_gdp,2018,5.73001193313582
ISR,Israel,fdi_net_inflows_pct_gdp,2017,4.72701516315835
ISR,Israel,fdi_net_inflows_pct_gdp,2016,3.73360294740648
ISR,Israel,fdi_net_inflows_pct_gdp,2015,3.7432820780929
ISR,Israel,fdi_net_inflows_pct_gdp,2014,1.92409260277085
ISR,Israel,fdi_net_inflows_pct_gdp,2013,3.9732882944923
ISR,Israel,fdi_net_inflows_pct_gdp,2012,3.42638899025665
ISR,Israel,fdi_net_inflows_pct_gdp,2011,3.23187455100204
ISR,Israel,fdi_net_inflows_pct_gdp,2010,2.91791645550029
ISR,Israel,exports_pct_gdp,2025,27.5583636636004
ISR,Israel,exports_pct_gdp,2024,28.399007008222
ISR,Israel,exports_pct_gdp,2023,30.3284744013966
ISR,Israel,exports_pct_gdp,2022,31.3653023276254
ISR,Israel,exports_pct_gdp,2021,28.8185860359887
ISR,Israel,exports_pct_gdp,2020,27.1546338087038
ISR,Israel,exports_pct_gdp,2019,29.0853955837603
ISR,Israel,exports_pct_gdp,2018,29.7580333991368
ISR,Israel,exports_pct_gdp,2017,29.0661275196759
ISR,Israel,exports_pct_gdp,2016,29.7752716268816
ISR,Israel,exports_pct_gdp,2015,30.9258891134922
ISR,Israel,exports_pct_gdp,2014,31.5531969734526
ISR,Israel,exports_pct_gdp,2013,32.8527519137225
ISR,Israel,exports_pct_gdp,2012,34.7734390454533
ISR,Israel,exports_pct_gdp,2011,34.2274243361125
ISR,Israel,exports_pct_gdp,2010,33.5712633456599
ISR,Israel,imports_pct_gdp,2025,25.4308527107197
ISR,Israel,imports_pct_gdp,2024,25.9832493695112
ISR,Israel,imports_pct_gdp,2023,27.6493079272484
ISR,Israel,imports_pct_gdp,2022,29.2705404990247
ISR,Israel,imports_pct_gdp,2021,25.9998176202801
ISR,Israel,imports_pct_gdp,2020,23.9857646464416
ISR,Israel,imports_pct_gdp,2019,27.442766261022
ISR,Israel,imports_pct_gdp,2018,29.1153679363257
ISR,Israel,imports_pct_gdp,2017,27.3858098637803
ISR,Israel,imports_pct_gdp,2016,28.1780335374756
ISR,Israel,imports_pct_gdp,2015,28.0942665991862
ISR,Israel,imports_pct_gdp,2014,30.2858558244869
ISR,Israel,imports_pct_gdp,2013,31.374418442059
ISR,Israel,imports_pct_gdp,2012,35.3024648732099
ISR,Israel,imports_pct_gdp,2011,34.7735478331397
ISR,Israel,imports_pct_gdp,2010,32.1457670493261
ISR,Israel,official_exchange_rate_lcu_usd,2025,3.45189166666666
ISR,Israel,official_exchange_rate_lcu_usd,2024,3.69971964970892
ISR,Israel,official_exchange_rate_lcu_usd,2023,3.66737471602259
ISR,Israel,official_exchange_rate_lcu_usd,2022,3.35961440158188
ISR,Israel,official_exchange_rate_lcu_usd,2021,3.23019832251082
ISR,Israel,official_exchange_rate_lcu_usd,2020,3.44240585198792
ISR,Israel,official_exchange_rate_lcu_usd,2019,3.56452734661092
ISR,Israel,official_exchange_rate_lcu_usd,2018,3.59055812689937
ISR,Israel,official_exchange_rate_lcu_usd,2017,3.59955554812834
ISR,Israel,official_exchange_rate_lcu_usd,2016,3.84056666666666
ISR,Israel,official_exchange_rate_lcu_usd,2015,3.88683333333333
ISR,Israel,official_exchange_rate_lcu_usd,2014,3.577925
ISR,Israel,official_exchange_rate_lcu_usd,2013,3.61075833333333
ISR,Israel,official_exchange_rate_lcu_usd,2012,3.85592182539682
ISR,Israel,official_exchange_rate_lcu_usd,2011,3.57812930622009
ISR,Israel,official_exchange_rate_lcu_usd,2010,3.738975
ISR,Israel,gdp_current_usd,2025,610777842873.595
ISR,Israel,gdp_current_usd,2024,542284494490.778
ISR,Israel,gdp_current_usd,2023,513393395491.904
ISR,Israel,gdp_current_usd,2022,525157951212.871
ISR,Israel,gdp_current_usd,2021,489735019666.026
ISR,Israel,gdp_current_usd,2020,410908899711.272
ISR,Israel,gdp_current_usd,2019,399207771081.611
ISR,Israel,gdp_current_usd,2018,375470422244.408
ISR,Israel,gdp_current_usd,2017,357360816856.642
ISR,Israel,gdp_current_usd,2016,321083954798.337
ISR,Israel,gdp_current_usd,2015,302841190257.708
ISR,Israel,gdp_current_usd,2014,314376760832.047
ISR,Israel,gdp_current_usd,2013,298045324735.571
ISR,Israel,gdp_current_usd,2012,263172104090.976
ISR,Israel,gdp_current_usd,2011,267739352609.375
ISR,Israel,gdp_current_usd,2010,239372857534.485
ISR,Israel,gdp_per_capita_usd,2025,60336.8477964194
ISR,Israel,gdp_per_capita_usd,2024,54216.5218142787
ISR,Israel,gdp_per_capita_usd,2023,52126.4489280033
ISR,Israel,gdp_per_capita_usd,2022,54947.2091250715
ISR,Israel,gdp_per_capita_usd,2021,52258.4693499398
ISR,Israel,gdp_per_capita_usd,2020,44590.8237253282
ISR,Israel,gdp_per_capita_usd,2019,44091.8678022544
ISR,Israel,gdp_per_capita_usd,2018,42269.3770257585
ISR,Israel,gdp_per_capita_usd,2017,41013.2575323519
ISR,Israel,gdp_per_capita_usd,2016,37571.2561196275
ISR,Israel,gdp_per_capita_usd,2015,36138.13561386
ISR,Israel,gdp_per_capita_usd,2014,38265.3651949373
ISR,Israel,gdp_per_capita_usd,2013,36980.622214228
ISR,Israel,gdp_per_capita_usd,2012,33268.7066672115
ISR,Israel,gdp_per_capita_usd,2011,34476.7252065949
ISR,Israel,gdp_per_capita_usd,2010,31398.9266927022
ISR,Israel,total_reserves_usd,2025,229486904238.885
ISR,Israel,total_reserves_usd,2024,214543676669.814
ISR,Israel,total_reserves_usd,2023,204660857567.016
ISR,Israel,total_reserves_usd,2022,194231433877.692
ISR,Israel,total_reserves_usd,2021,212933655186.264
ISR,Israel,total_reserves_usd,2020,173292120893.254
ISR,Israel,total_reserves_usd,2019,126007828810.341
ISR,Israel,total_reserves_usd,2018,115265900520.851
ISR,Israel,total_reserves_usd,2017,113009532488.062
ISR,Israel,total_reserves_usd,2016,95446290281.5568
ISR,Israel,total_reserves_usd,2015,90575018408.045
ISR,Israel,total_reserves_usd,2014,86101256622.4877
ISR,Israel,total_reserves_usd,2013,81785518232.8201
ISR,Israel,total_reserves_usd,2012,75907618700.9338
ISR,Israel,total_reserves_usd,2011,74874110293.4967
ISR,Israel,total_reserves_usd,2010,70907310771.311
ISR,Israel,unemployment_rate,2025,3.489
ISR,Israel,unemployment_rate,2024,3.595
ISR,Israel,unemployment_rate,2023,3.371
ISR,Israel,unemployment_rate,2022,3.695
ISR,Israel,unemployment_rate,2021,4.812
ISR,Israel,unemployment_rate,2020,4.169
ISR,Israel,unemployment_rate,2019,3.731
ISR,Israel,unemployment_rate,2018,3.917
ISR,Israel,unemployment_rate,2017,4.14
ISR,Israel,unemployment_rate,2016,4.723
ISR,Israel,unemployment_rate,2015,5.176
ISR,Israel,unemployment_rate,2014,5.789
ISR,Israel,unemployment_rate,2013,6.137
ISR,Israel,unemployment_rate,2012,6.762
ISR,Israel,unemployment_rate,2011,7.139
ISR,Israel,unemployment_rate,2010,8.48
ISR,Israel,youth_unemployment_rate,2025,6.032
ISR,Israel,youth_unemployment_rate,2024,6.163
ISR,Israel,youth_unemployment_rate,2023,5.873
ISR,Israel,youth_unemployment_rate,2022,6.719
ISR,Israel,youth_unemployment_rate,2021,7.649
ISR,Israel,youth_unemployment_rate,2020,7.645
ISR,Israel,youth_unemployment_rate,2019,6.525
ISR,Israel,youth_unemployment_rate,2018,7.025
ISR,Israel,youth_unemployment_rate,2017,7.151
ISR,Israel,youth_unemployment_rate,2016,8.514
ISR,Israel,youth_unemployment_rate,2015,9.202
ISR,Israel,youth_unemployment_rate,2014,10.429
ISR,Israel,youth_unemployment_rate,2013,10.4
ISR,Israel,youth_unemployment_rate,2012,11.99
ISR,Israel,youth_unemployment_rate,2011,11.825
ISR,Israel,youth_unemployment_rate,2010,14.22
ISR,Israel,gini_index,2022,38.3
ISR,Israel,gini_index,2021,37.9
ISR,Israel,gini_index,2020,37.8
ISR,Israel,gini_index,2019,38.3
ISR,Israel,gini_index,2018,38.6
ISR,Israel,gini_index,2017,38.2
ISR,Israel,gini_index,2016,39.0
ISR,Israel,gini_index,2015,39.7
ISR,Israel,gini_index,2014,39.8
ISR,Israel,gini_index,2013,39.9
ISR,Israel,gini_index,2012,41.3
ISR,Israel,gini_index,2011,41.5
ISR,Israel,gini_index,2010,42.6
JOR,Jordan,debt_to_gdp,2023,93.6205554347008
JOR,Jordan,debt_to_gdp,2022,91.9482623432231
JOR,Jordan,debt_to_gdp,2021,90.3915021239108
JOR,Jordan,debt_to_gdp,2020,69.2598335214597
JOR,Jordan,debt_to_gdp,2019,72.5959011118428
JOR,Jordan,debt_to_gdp,2017,68.8793778757207
JOR,Jordan,debt_to_gdp,2016,67.6360044106235
JOR,Jordan,debt_to_gdp,2015,71.7796063259609
JOR,Jordan,debt_to_gdp,2014,70.6443937300729
JOR,Jordan,debt_to_gdp,2013,67.06858007012
JOR,Jordan,debt_to_gdp,2012,59.3141954208064
JOR,Jordan,debt_to_gdp,2011,54.6533539921518
JOR,Jordan,debt_to_gdp,2010,53.6976148986448
JOR,Jordan,current_account_pct_gdp,2024,-5.33366328480028
JOR,Jordan,current_account_pct_gdp,2023,-3.25589967062863
JOR,Jordan,current_account_pct_gdp,2022,-7.39189539188182
JOR,Jordan,current_account_pct_gdp,2021,-7.33213017137508
JOR,Jordan,current_account_pct_gdp,2020,-5.22619044169867
JOR,Jordan,current_account_pct_gdp,2019,-1.58889950651918
JOR,Jordan,current_account_pct_gdp,2018,-6.24582575623596
JOR,Jordan,current_account_pct_gdp,2017,-9.64699161865137
JOR,Jordan,current_account_pct_gdp,2016,-8.81657895710528
JOR,Jordan,current_account_pct_gdp,2015,-8.18461267567613
JOR,Jordan,current_account_pct_gdp,2014,-6.43399981653877
JOR,Jordan,current_account_pct_gdp,2013,-9.25155039516619
JOR,Jordan,current_account_pct_gdp,2012,-13.5170565963848
JOR,Jordan,current_account_pct_gdp,2011,-9.05634436432945
JOR,Jordan,current_account_pct_gdp,2010,-6.23104500049183
JOR,Jordan,reserves_months_imports,2024,7.79308209953669
JOR,Jordan,reserves_months_imports,2023,7.30720985185321
JOR,Jordan,reserves_months_imports,2022,6.91105668859681
JOR,Jordan,reserves_months_imports,2021,9.41805813288368
JOR,Jordan,reserves_months_imports,2020,10.4582795455972
JOR,Jordan,reserves_months_imports,2019,7.95678043914993
JOR,Jordan,reserves_months_imports,2018,7.24379947940577
JOR,Jordan,reserves_months_imports,2017,7.75008193340759
JOR,Jordan,reserves_months_imports,2016,8.14629408993945
JOR,Jordan,reserves_months_imports,2015,8.30493088673973
JOR,Jordan,reserves_months_imports,2014,7.32698091779614
JOR,Jordan,reserves_months_imports,2013,6.55665747795071
JOR,Jordan,reserves_months_imports,2012,4.40545435759906
JOR,Jordan,reserves_months_imports,2011,6.51551435816018
JOR,Jordan,reserves_months_imports,2010,8.45757169717942
JOR,Jordan,gdp_growth,2025,2.82660839845745
JOR,Jordan,gdp_growth,2024,2.55605891810194
JOR,Jordan,gdp_growth,2023,3.12900102017251
JOR,Jordan,gdp_growth,2022,2.7468615450031
JOR,Jordan,gdp_growth,2021,3.75201276755828
JOR,Jordan,gdp_growth,2020,-1.15257534158022
JOR,Jordan,gdp_growth,2019,1.85633006592765
JOR,Jordan,gdp_growth,2018,1.85383415616927
JOR,Jordan,gdp_growth,2017,2.50770398070352
JOR,Jordan,gdp_growth,2016,2.11166806967252
JOR,Jordan,gdp_growth,2015,2.52261671092148
JOR,Jordan,gdp_growth,2014,3.32287328047509
JOR,Jordan,gdp_growth,2013,2.72311205964112
JOR,Jordan,gdp_growth,2012,2.40465716535539
JOR,Jordan,gdp_growth,2011,2.90729315392207
JOR,Jordan,gdp_growth,2010,2.6377158262256
JOR,Jordan,inflation,2025,1.76646490894205
JOR,Jordan,inflation,2024,1.55659611283952
JOR,Jordan,inflation,2023,2.08486986327133
JOR,Jordan,inflation,2022,4.22915568897117
JOR,Jordan,inflation,2021,1.34609377243117
JOR,Jordan,inflation,2020,0.333294350628378
JOR,Jordan,inflation,2019,0.7615140472656
JOR,Jordan,inflation,2018,4.46231108475481
JOR,Jordan,inflation,2017,3.32389447576097
JOR,Jordan,inflation,2016,-0.778430463054141
JOR,Jordan,inflation,2015,-0.876851359704049
JOR,Jordan,inflation,2014,2.89947905006057
JOR,Jordan,inflation,2013,4.82462314269537
JOR,Jordan,inflation,2012,4.5152295667099
JOR,Jordan,inflation,2011,4.1624416292779
JOR,Jordan,inflation,2010,4.84551875852116
JOR,Jordan,political_stability,2025,-0.3165227
JOR,Jordan,political_stability,2024,-0.3020102
JOR,Jordan,political_stability,2023,-0.3318071
JOR,Jordan,political_stability,2022,-0.3421667
JOR,Jordan,political_stability,2021,-0.416044
JOR,Jordan,political_stability,2020,-0.3444334
JOR,Jordan,political_stability,2019,-0.2976503
JOR,Jordan,political_stability,2018,-0.3414085
JOR,Jordan,political_stability,2017,-0.4626995
JOR,Jordan,political_stability,2016,-0.5300907
JOR,Jordan,political_stability,2015,-0.6413047
JOR,Jordan,political_stability,2014,-0.6114866
JOR,Jordan,political_stability,2013,-0.6921857
JOR,Jordan,political_stability,2012,-0.5814056
JOR,Jordan,political_stability,2011,-0.6273398
JOR,Jordan,political_stability,2010,-0.3919612
JOR,Jordan,government_effectiveness,2025,0.111297
JOR,Jordan,government_effectiveness,2024,0.0957597
JOR,Jordan,government_effectiveness,2023,0.1613168
JOR,Jordan,government_effectiveness,2022,-0.030477
JOR,Jordan,government_effectiveness,2021,-0.0027287
JOR,Jordan,government_effectiveness,2020,-0.006222
JOR,Jordan,government_effectiveness,2019,-0.0508047
JOR,Jordan,government_effectiveness,2018,0.0214032
JOR,Jordan,government_effectiveness,2017,0.219288
JOR,Jordan,government_effectiveness,2016,0.2946999
JOR,Jordan,government_effectiveness,2015,0.2945062
JOR,Jordan,government_effectiveness,2014,0.2951922
JOR,Jordan,government_effectiveness,2013,0.1648408
JOR,Jordan,government_effectiveness,2012,0.1804048
JOR,Jordan,government_effectiveness,2011,0.126298
JOR,Jordan,government_effectiveness,2010,0.0902043
JOR,Jordan,rule_of_law,2025,0.1917214
JOR,Jordan,rule_of_law,2024,0.1953916
JOR,Jordan,rule_of_law,2023,0.1236052
JOR,Jordan,rule_of_law,2022,0.0768667
JOR,Jordan,rule_of_law,2021,0.0390664
JOR,Jordan,rule_of_law,2020,0.0963699
JOR,Jordan,rule_of_law,2019,0.1105469
JOR,Jordan,rule_of_law,2018,0.1217036
JOR,Jordan,rule_of_law,2017,0.1727064
JOR,Jordan,rule_of_law,2016,0.1494456
JOR,Jordan,rule_of_law,2015,0.1157055
JOR,Jordan,rule_of_law,2014,0.1163675
JOR,Jordan,rule_of_law,2013,0.1536111
JOR,Jordan,rule_of_law,2012,0.1876706
JOR,Jordan,rule_of_law,2011,0.1574163
JOR,Jordan,rule_of_law,2010,0.0570543
JOR,Jordan,regulatory_quality,2025,0.3313692
JOR,Jordan,regulatory_quality,2024,0.2534087
JOR,Jordan,regulatory_quality,2023,0.293806
JOR,Jordan,regulatory_quality,2022,0.1899923
JOR,Jordan,regulatory_quality,2021,0.1826861
JOR,Jordan,regulatory_quality,2020,0.1702906
JOR,Jordan,regulatory_quality,2019,0.1569696
JOR,Jordan,regulatory_quality,2018,0.1111079
JOR,Jordan,regulatory_quality,2017,0.1554645
JOR,Jordan,regulatory_quality,2016,0.1254568
JOR,Jordan,regulatory_quality,2015,0.1691764
JOR,Jordan,regulatory_quality,2014,0.1056698
JOR,Jordan,regulatory_quality,2013,0.1009709
JOR,Jordan,regulatory_quality,2012,0.1546376
JOR,Jordan,regulatory_quality,2011,0.1391834
JOR,Jordan,regulatory_quality,2010,0.070994
JOR,Jordan,control_of_corruption,2025,0.303263
JOR,Jordan,control_of_corruption,2024,0.2728714
JOR,Jordan,control_of_corruption,2023,0.1042953
JOR,Jordan,control_of_corruption,2022,0.0172511
JOR,Jordan,control_of_corruption,2021,0.0147557
JOR,Jordan,control_of_corruption,2020,0.1402343
JOR,Jordan,control_of_corruption,2019,0.0864921
JOR,Jordan,control_of_corruption,2018,0.0715861
JOR,Jordan,control_of_corruption,2017,0.1774349
JOR,Jordan,control_of_corruption,2016,0.2005396
JOR,Jordan,control_of_corruption,2015,0.2642953
JOR,Jordan,control_of_corruption,2014,0.1128385
JOR,Jordan,control_of_corruption,2013,0.1157896
JOR,Jordan,control_of_corruption,2012,0.1111042
JOR,Jordan,control_of_corruption,2011,0.152561
JOR,Jordan,control_of_corruption,2010,0.0263947
JOR,Jordan,fdi_net_inflows_pct_gdp,2025,3.28188623089455
JOR,Jordan,fdi_net_inflows_pct_gdp,2024,2.78862682935517
JOR,Jordan,fdi_net_inflows_pct_gdp,2023,3.57486440635924
JOR,Jordan,fdi_net_inflows_pct_gdp,2022,1.79856207883079
JOR,Jordan,fdi_net_inflows_pct_gdp,2021,1.22641995478769
JOR,Jordan,fdi_net_inflows_pct_gdp,2020,1.58617483665323
JOR,Jordan,fdi_net_inflows_pct_gdp,2019,1.50023479065386
JOR,Jordan,fdi_net_inflows_pct_gdp,2018,2.01309678009089
JOR,Jordan,fdi_net_inflows_pct_gdp,2017,4.45743038303198
JOR,Jordan,fdi_net_inflows_pct_gdp,2016,3.554614581726
JOR,Jordan,fdi_net_inflows_pct_gdp,2015,3.77477904735167
JOR,Jordan,fdi_net_inflows_pct_gdp,2014,5.37423314588782
JOR,Jordan,fdi_net_inflows_pct_gdp,2013,5.1397527233423
JOR,Jordan,fdi_net_inflows_pct_gdp,2012,4.4426748997237
JOR,Jordan,fdi_net_inflows_pct_gdp,2011,4.5528280155948
JOR,Jordan,fdi_net_inflows_pct_gdp,2010,5.59019642688163
JOR,Jordan,official_exchange_rate_lcu_usd,2025,0.71
JOR,Jordan,official_exchange_rate_lcu_usd,2024,0.71
JOR,Jordan,official_exchange_rate_lcu_usd,2023,0.71
JOR,Jordan,official_exchange_rate_lcu_usd,2022,0.71
JOR,Jordan,official_exchange_rate_lcu_usd,2021,0.71
JOR,Jordan,official_exchange_rate_lcu_usd,2020,0.71
JOR,Jordan,official_exchange_rate_lcu_usd,2019,0.71
JOR,Jordan,official_exchange_rate_lcu_usd,2018,0.71
JOR,Jordan,official_exchange_rate_lcu_usd,2017,0.71
JOR,Jordan,official_exchange_rate_lcu_usd,2016,0.71
JOR,Jordan,official_exchange_rate_lcu_usd,2015,0.71
JOR,Jordan,official_exchange_rate_lcu_usd,2014,0.71
JOR,Jordan,official_exchange_rate_lcu_usd,2013,0.71
JOR,Jordan,official_exchange_rate_lcu_usd,2012,0.71
JOR,Jordan,official_exchange_rate_lcu_usd,2011,0.71
JOR,Jordan,official_exchange_rate_lcu_usd,2010,0.71
JOR,Jordan,gdp_current_usd,2025,61610052535.2113
JOR,Jordan,gdp_current_usd,2024,58618380563.3803
JOR,Jordan,gdp_current_usd,2023,56123472112.6761
JOR,Jordan,gdp_current_usd,2022,53516930140.8451
JOR,Jordan,gdp_current_usd,2021,50702940985.9155
JOR,Jordan,gdp_current_usd,2020,47931770985.9155
JOR,Jordan,gdp_current_usd,2019,48640273802.8169
JOR,Jordan,gdp_current_usd,2018,47435850422.5352
JOR,Jordan,gdp_current_usd,2017,45535614366.1972
JOR,Jordan,gdp_current_usd,2016,43688498732.3944
JOR,Jordan,gdp_current_usd,2015,42394049295.7747
JOR,Jordan,gdp_current_usd,2014,40535098591.5493
JOR,Jordan,gdp_current_usd,2013,37873362957.7465
JOR,Jordan,gdp_current_usd,2012,34854017887.3239
JOR,Jordan,gdp_current_usd,2011,32640291549.2958
JOR,Jordan,gdp_current_usd,2010,30202773521.1268
JOR,Jordan,gdp_per_capita_usd,2025,5347.77731384797
JOR,Jordan,gdp_per_capita_usd,2024,5073.92103605892
JOR,Jordan,gdp_per_capita_usd,2023,4906.23543006639
JOR,Jordan,gdp_per_capita_usd,2022,4754.41362207378
JOR,Jordan,gdp_per_capita_usd,2021,4581.71967230365
JOR,Jordan,gdp_per_capita_usd,2020,4411.48321838396
JOR,Jordan,gdp_per_capita_usd,2019,4557.79334729121
JOR,Jordan,gdp_per_capita_usd,2018,4533.97658437205
JOR,Jordan,gdp_per_capita_usd,2017,4449.34618076611
JOR,Jordan,gdp_per_capita_usd,2016,4366.06999647268
JOR,Jordan,gdp_per_capita_usd,2015,4441.61896013754
JOR,Jordan,gdp_per_capita_usd,2014,4610.60460269382
JOR,Jordan,gdp_per_capita_usd,2013,4739.02253641778
JOR,Jordan,gdp_per_capita_usd,2012,4593.83609729005
JOR,Jordan,gdp_per_capita_usd,2011,4363.42800211536
JOR,Jordan,gdp_per_capita_usd,2010,4139.04283161368
JOR,Jordan,total_reserves_usd,2025,26557371377.9991
JOR,Jordan,total_reserves_usd,2024,21939099361.5116
JOR,Jordan,total_reserves_usd,2023,19068901690.626
JOR,Jordan,total_reserves_usd,2022,18198223674.0611
JOR,Jordan,total_reserves_usd,2021,19089364753.8241
JOR,Jordan,total_reserves_usd,2020,16961505361.5262
JOR,Jordan,total_reserves_usd,2019,15400591352.5233
JOR,Jordan,total_reserves_usd,2018,14580237971.8721
JOR,Jordan,total_reserves_usd,2017,15571115321.1351
JOR,Jordan,total_reserves_usd,2016,15543454210.4578
JOR,Jordan,total_reserves_usd,2015,16571894982.6298
JOR,Jordan,total_reserves_usd,2014,16047206176.5455
JOR,Jordan,total_reserves_usd,2013,13826035948.1697
JOR,Jordan,total_reserves_usd,2012,8830598045.45112
JOR,Jordan,total_reserves_usd,2011,12094960533.4281
JOR,Jordan,total_reserves_usd,2010,13632983538.0758
JOR,Jordan,unemployment_rate,2025,16.535
JOR,Jordan,unemployment_rate,2024,16.693
JOR,Jordan,unemployment_rate,2023,16.62
JOR,Jordan,unemployment_rate,2022,18.2
JOR,Jordan,unemployment_rate,2021,19.837
JOR,Jordan,unemployment_rate,2020,19.213
JOR,Jordan,unemployment_rate,2019,16.801
JOR,Jordan,unemployment_rate,2018,18.257
JOR,Jordan,unemployment_rate,2017,18.12
JOR,Jordan,unemployment_rate,2016,15.275
JOR,Jordan,unemployment_rate,2015,13.075
JOR,Jordan,unemployment_rate,2014,11.9
JOR,Jordan,unemployment_rate,2013,12.6
JOR,Jordan,unemployment_rate,2012,12.2
JOR,Jordan,unemployment_rate,2011,12.9
JOR,Jordan,unemployment_rate,2010,12.5
JOR,Jordan,youth_unemployment_rate,2025,38.876
JOR,Jordan,youth_unemployment_rate,2024,39.053
JOR,Jordan,youth_unemployment_rate,2023,38.837
JOR,Jordan,youth_unemployment_rate,2022,42.028
JOR,Jordan,youth_unemployment_rate,2021,43.862
JOR,Jordan,youth_unemployment_rate,2020,42.458
JOR,Jordan,youth_unemployment_rate,2019,37.205
JOR,Jordan,youth_unemployment_rate,2018,38.941
JOR,Jordan,youth_unemployment_rate,2017,35.438
JOR,Jordan,youth_unemployment_rate,2016,35.61
JOR,Jordan,youth_unemployment_rate,2015,30.914
JOR,Jordan,youth_unemployment_rate,2014,27.612
JOR,Jordan,youth_unemployment_rate,2013,29.536
JOR,Jordan,youth_unemployment_rate,2012,28.853
JOR,Jordan,youth_unemployment_rate,2011,30.787
JOR,Jordan,youth_unemployment_rate,2010,30.059
JOR,Jordan,gini_index,2010,33.7
KWT,Kuwait,current_account_pct_gdp,2025,22.6972052506544
KWT,Kuwait,current_account_pct_gdp,2024,29.025293802042
KWT,Kuwait,current_account_pct_gdp,2023,31.0620887768465
KWT,Kuwait,current_account_pct_gdp,2022,34.3743300781264
KWT,Kuwait,current_account_pct_gdp,2021,23.5545486012366
KWT,Kuwait,current_account_pct_gdp,2020,19.8384588490022
KWT,Kuwait,current_account_pct_gdp,2019,21.4792265638836
KWT,Kuwait,current_account_pct_gdp,2018,17.3456575415953
KWT,Kuwait,current_account_pct_gdp,2017,6.42748123295125
KWT,Kuwait,current_account_pct_gdp,2016,0.586532843484052
KWT,Kuwait,current_account_pct_gdp,2015,7.49155631840308
KWT,Kuwait,current_account_pct_gdp,2014,33.179075871217
KWT,Kuwait,current_account_pct_gdp,2013,39.89983649926
KWT,Kuwait,current_account_pct_gdp,2012,45.4600006397631
KWT,Kuwait,current_account_pct_gdp,2011,42.9408981326277
KWT,Kuwait,current_account_pct_gdp,2010,32.0485537270105
KWT,Kuwait,reserves_months_imports,2025,8.4055579755159
KWT,Kuwait,reserves_months_imports,2024,8.95073906369193
KWT,Kuwait,reserves_months_imports,2023,9.16572725223109
KWT,Kuwait,reserves_months_imports,2022,10.3160929642549
KWT,Kuwait,reserves_months_imports,2021,11.5856043455391
KWT,Kuwait,reserves_months_imports,2020,13.4337803734091
KWT,Kuwait,reserves_months_imports,2019,8.19436804212925
KWT,Kuwait,reserves_months_imports,2018,6.7996454578408
KWT,Kuwait,reserves_months_imports,2017,7.33105759499094
KWT,Kuwait,reserves_months_imports,2016,7.54601228573552
KWT,Kuwait,reserves_months_imports,2015,6.97335100639206
KWT,Kuwait,reserves_months_imports,2014,8.03008854467478
KWT,Kuwait,reserves_months_imports,2013,8.10687874184372
KWT,Kuwait,reserves_months_imports,2012,8.51843721530014
KWT,Kuwait,reserves_months_imports,2011,8.27693096964217
KWT,Kuwait,reserves_months_imports,2010,8.12731623049241
KWT,Kuwait,gdp_growth,2025,2.731825804492
KWT,Kuwait,gdp_growth,2024,-1.47401818168846
KWT,Kuwait,gdp_growth,2023,-1.64087799968877
KWT,Kuwait,gdp_growth,2022,6.75866711966617
KWT,Kuwait,gdp_growth,2021,1.67213054307859
KWT,Kuwait,gdp_growth,2020,-4.81731593381585
KWT,Kuwait,gdp_growth,2019,2.26381706595791
KWT,Kuwait,gdp_growth,2018,2.74333045031415
KWT,Kuwait,gdp_growth,2017,-4.71222270495362
KWT,Kuwait,gdp_growth,2016,2.92607584256388
KWT,Kuwait,gdp_growth,2015,0.592770817217982
KWT,Kuwait,gdp_growth,2014,0.500914669444924
KWT,Kuwait,gdp_growth,2013,1.14946552780648
KWT,Kuwait,gdp_growth,2012,6.62587485078971
KWT,Kuwait,gdp_growth,2011,9.62863419534361
KWT,Kuwait,gdp_growth,2010,-2.37054804425912
KWT,Kuwait,inflation,2025,2.36195936682045
KWT,Kuwait,inflation,2024,2.89855072463762
KWT,Kuwait,inflation,2023,3.64216403030708
KWT,Kuwait,inflation,2022,3.98064961990313
KWT,Kuwait,inflation,2021,3.42362947609188
KWT,Kuwait,inflation,2020,2.101729548274
KWT,Kuwait,inflation,2019,1.09184802655856
KWT,Kuwait,inflation,2018,0.543133148199566
KWT,Kuwait,inflation,2017,2.17183298510005
KWT,Kuwait,inflation,2016,3.19839776658373
KWT,Kuwait,inflation,2015,3.27170166092133
KWT,Kuwait,inflation,2014,2.90892672858624
KWT,Kuwait,inflation,2013,2.68229684085039
KWT,Kuwait,inflation,2012,3.2551460028721
KWT,Kuwait,inflation,2011,4.8394034987095
KWT,Kuwait,inflation,2010,4.49640287769786
KWT,Kuwait,political_stability,2025,0.422698
KWT,Kuwait,political_stability,2024,0.3545761
KWT,Kuwait,political_stability,2023,0.281997
KWT,Kuwait,political_stability,2022,0.0991004
KWT,Kuwait,political_stability,2021,0.1528386
KWT,Kuwait,political_stability,2020,0.1541671
KWT,Kuwait,political_stability,2019,0.2444237
KWT,Kuwait,political_stability,2018,0.2353209
KWT,Kuwait,political_stability,2017,-0.0081301
KWT,Kuwait,political_stability,2016,-0.0303962
KWT,Kuwait,political_stability,2015,-0.1359019
KWT,Kuwait,political_stability,2014,0.0700376
KWT,Kuwait,political_stability,2013,0.0954972
KWT,Kuwait,political_stability,2012,0.0901823
KWT,Kuwait,political_stability,2011,0.3182944
KWT,Kuwait,political_stability,2010,0.580104
KWT,Kuwait,government_effectiveness,2025,0.2561165
KWT,Kuwait,government_effectiveness,2024,0.1633056
KWT,Kuwait,government_effectiveness,2023,0.19773
KWT,Kuwait,government_effectiveness,2022,0.2529362
KWT,Kuwait,government_effectiveness,2021,0.0207002
KWT,Kuwait,government_effectiveness,2020,-0.102979
KWT,Kuwait,government_effectiveness,2019,-0.0925702
KWT,Kuwait,government_effectiveness,2018,0.1237168
KWT,Kuwait,government_effectiveness,2017,0.0017573
KWT,Kuwait,government_effectiveness,2016,0.0058227
KWT,Kuwait,government_effectiveness,2015,0.2175014
KWT,Kuwait,government_effectiveness,2014,0.116357
KWT,Kuwait,government_effectiveness,2013,-0.0069418
KWT,Kuwait,government_effectiveness,2012,0.0043818
KWT,Kuwait,government_effectiveness,2011,0.0354394
KWT,Kuwait,government_effectiveness,2010,0.1171499
KWT,Kuwait,rule_of_law,2025,0.1967458
KWT,Kuwait,rule_of_law,2024,0.2551015
KWT,Kuwait,rule_of_law,2023,0.2217163
KWT,Kuwait,rule_of_law,2022,0.2306801
KWT,Kuwait,rule_of_law,2021,0.1083452
KWT,Kuwait,rule_of_law,2020,0.1300437
KWT,Kuwait,rule_of_law,2019,0.0614982
KWT,Kuwait,rule_of_law,2018,-0.0261198
KWT,Kuwait,rule_of_law,2017,-0.0473951
KWT,Kuwait,rule_of_law,2016,-0.0655887
KWT,Kuwait,rule_of_law,2015,-0.0049263
KWT,Kuwait,rule_of_law,2014,0.0358501
KWT,Kuwait,rule_of_law,2013,0.3213853
KWT,Kuwait,rule_of_law,2012,0.3523252
KWT,Kuwait,rule_of_law,2011,0.3345155
KWT,Kuwait,rule_of_law,2010,0.3552906
KWT,Kuwait,regulatory_quality,2025,0.358058
KWT,Kuwait,regulatory_quality,2024,0.3093257
KWT,Kuwait,regulatory_quality,2023,0.2803031
KWT,Kuwait,regulatory_quality,2022,0.2450856
KWT,Kuwait,regulatory_quality,2021,0.1806204
KWT,Kuwait,regulatory_quality,2020,0.1491037
KWT,Kuwait,regulatory_quality,2019,0.1274651
KWT,Kuwait,regulatory_quality,2018,0.0342081
KWT,Kuwait,regulatory_quality,2017,-0.0153784
KWT,Kuwait,regulatory_quality,2016,-0.0272319
KWT,Kuwait,regulatory_quality,2015,-0.0064347
KWT,Kuwait,regulatory_quality,2014,-0.0445055
KWT,Kuwait,regulatory_quality,2013,0.1221675
KWT,Kuwait,regulatory_quality,2012,0.143376
KWT,Kuwait,regulatory_quality,2011,0.2736559
KWT,Kuwait,regulatory_quality,2010,0.4169
KWT,Kuwait,control_of_corruption,2025,0.2831103
KWT,Kuwait,control_of_corruption,2024,0.2204082
KWT,Kuwait,control_of_corruption,2023,0.1707231
KWT,Kuwait,control_of_corruption,2022,0.072077
KWT,Kuwait,control_of_corruption,2021,-0.0629849
KWT,Kuwait,control_of_corruption,2020,-0.1581982
KWT,Kuwait,control_of_corruption,2019,-0.137909
KWT,Kuwait,control_of_corruption,2018,-0.2801652
KWT,Kuwait,control_of_corruption,2017,-0.3980035
KWT,Kuwait,control_of_corruption,2016,-0.3431076
KWT,Kuwait,control_of_corruption,2015,-0.2465121
KWT,Kuwait,control_of_corruption,2014,-0.2759137
KWT,Kuwait,control_of_corruption,2013,-0.1269876
KWT,Kuwait,control_of_corruption,2012,-0.1386082
KWT,Kuwait,control_of_corruption,2011,-0.0813887
KWT,Kuwait,control_of_corruption,2010,0.1101469
KWT,Kuwait,fdi_net_inflows_pct_gdp,2025,0.262764598716339
KWT,Kuwait,fdi_net_inflows_pct_gdp,2024,0.381956730773215
KWT,Kuwait,fdi_net_inflows_pct_gdp,2023,1.277994317906
KWT,Kuwait,fdi_net_inflows_pct_gdp,2022,0.409943823254394
KWT,Kuwait,fdi_net_inflows_pct_gdp,2021,-0.183575378772919
KWT,Kuwait,fdi_net_inflows_pct_gdp,2020,-0.502546857177858
KWT,Kuwait,fdi_net_inflows_pct_gdp,2019,0.366059041832984
KWT,Kuwait,fdi_net_inflows_pct_gdp,2018,-0.0154187787915342
KWT,Kuwait,fdi_net_inflows_pct_gdp,2017,0.0936402094114043
KWT,Kuwait,fdi_net_inflows_pct_gdp,2016,0.266918369047007
KWT,Kuwait,fdi_net_inflows_pct_gdp,2015,0.248414926379679
KWT,Kuwait,fdi_net_inflows_pct_gdp,2014,0.298681408941651
KWT,Kuwait,fdi_net_inflows_pct_gdp,2013,0.823130244872496
KWT,Kuwait,fdi_net_inflows_pct_gdp,2012,1.65046109668041
KWT,Kuwait,fdi_net_inflows_pct_gdp,2011,2.11573865053541
KWT,Kuwait,fdi_net_inflows_pct_gdp,2010,1.13036730425536
KWT,Kuwait,exports_pct_gdp,2024,55.7559768271522
KWT,Kuwait,exports_pct_gdp,2023,57.702062317436
KWT,Kuwait,exports_pct_gdp,2022,60.4485945316523
KWT,Kuwait,exports_pct_gdp,2021,51.725692658617
KWT,Kuwait,exports_pct_gdp,2020,43.7131472290911
KWT,Kuwait,exports_pct_gdp,2019,52.0582560763879
KWT,Kuwait,exports_pct_gdp,2018,57.311462753412
KWT,Kuwait,exports_pct_gdp,2017,51.1963155925274
KWT,Kuwait,exports_pct_gdp,2016,47.632285262531
KWT,Kuwait,exports_pct_gdp,2015,53.7653724505163
KWT,Kuwait,exports_pct_gdp,2014,68.5055251263225
KWT,Kuwait,exports_pct_gdp,2013,70.8610179890485
KWT,Kuwait,exports_pct_gdp,2012,74.7318371141504
KWT,Kuwait,exports_pct_gdp,2011,73.2176749998524
KWT,Kuwait,exports_pct_gdp,2010,66.6735112696735
KWT,Kuwait,imports_pct_gdp,2024,38.2349394412597
KWT,Kuwait,imports_pct_gdp,2023,38.3322886518802
KWT,Kuwait,imports_pct_gdp,2022,30.4702156706902
KWT,Kuwait,imports_pct_gdp,2021,30.2746825189716
KWT,Kuwait,imports_pct_gdp,2020,38.2993629002141
KWT,Kuwait,imports_pct_gdp,2019,39.6274563132075
KWT,Kuwait,imports_pct_gdp,2018,45.4741679015879
KWT,Kuwait,imports_pct_gdp,2017,46.6437308648816
KWT,Kuwait,imports_pct_gdp,2016,48.5253871133306
KWT,Kuwait,imports_pct_gdp,2015,44.9346159950322
KWT,Kuwait,imports_pct_gdp,2014,31.5316647155213
KWT,Kuwait,imports_pct_gdp,2013,26.7444733437666
KWT,Kuwait,imports_pct_gdp,2012,26.2795979898817
KWT,Kuwait,imports_pct_gdp,2011,25.8988177648389
KWT,Kuwait,imports_pct_gdp,2010,30.3545103903329
KWT,Kuwait,official_exchange_rate_lcu_usd,2025,0.306454776364577
KWT,Kuwait,official_exchange_rate_lcu_usd,2024,0.306690648597045
KWT,Kuwait,official_exchange_rate_lcu_usd,2023,0.30718535125088
KWT,Kuwait,official_exchange_rate_lcu_usd,2022,0.306250154417753
KWT,Kuwait,official_exchange_rate_lcu_usd,2021,0.301643110769949
KWT,Kuwait,official_exchange_rate_lcu_usd,2020,0.306233121756715
KWT,Kuwait,official_exchange_rate_lcu_usd,2019,0.303611163035755
KWT,Kuwait,official_exchange_rate_lcu_usd,2018,0.301956493524177
KWT,Kuwait,official_exchange_rate_lcu_usd,2017,0.303349758333333
KWT,Kuwait,official_exchange_rate_lcu_usd,2016,0.302137441178496
KWT,Kuwait,official_exchange_rate_lcu_usd,2015,0.300852025
KWT,Kuwait,official_exchange_rate_lcu_usd,2014,0.284567141666666
KWT,Kuwait,official_exchange_rate_lcu_usd,2013,0.283589441666666
KWT,Kuwait,official_exchange_rate_lcu_usd,2012,0.279935558333333
KWT,Kuwait,official_exchange_rate_lcu_usd,2011,0.275978944444444
KWT,Kuwait,official_exchange_rate_lcu_usd,2010,0.286606591666666
KWT,Kuwait,gdp_current_usd,2025,157209026926.418
KWT,Kuwait,gdp_current_usd,2024,160903106639.233
KWT,Kuwait,gdp_current_usd,2023,165462656226.772
KWT,Kuwait,gdp_current_usd,2022,183502046693.878
KWT,Kuwait,gdp_current_usd,2021,148350671489.144
KWT,Kuwait,gdp_current_usd,2020,111045470605.715
KWT,Kuwait,gdp_current_usd,2019,140856394860.529
KWT,Kuwait,gdp_current_usd,2018,138646316350.727
KWT,Kuwait,gdp_current_usd,2017,120687539805.505
KWT,Kuwait,gdp_current_usd,2016,109406674124.652
KWT,Kuwait,gdp_current_usd,2015,114585555688.511
KWT,Kuwait,gdp_current_usd,2014,162650450684.725
KWT,Kuwait,gdp_current_usd,2013,174168116534.844
KWT,Kuwait,gdp_current_usd,2012,174047662680.041
KWT,Kuwait,gdp_current_usd,2011,154039231245.856
KWT,Kuwait,gdp_current_usd,2010,115416245241.742
KWT,Kuwait,gdp_per_capita_usd,2025,32312.3119953634
KWT,Kuwait,gdp_per_capita_usd,2024,32855.7209688827
KWT,Kuwait,gdp_per_capita_usd,2023,34091.9714813002
KWT,Kuwait,gdp_per_capita_usd,2022,39981.7691035833
KWT,Kuwait,gdp_per_capita_usd,2021,34018.6342592913
KWT,Kuwait,gdp_per_capita_usd,2020,25236.0755848941
KWT,Kuwait,gdp_per_capita_usd,2019,31707.8737443551
KWT,Kuwait,gdp_per_capita_usd,2018,32067.9623756889
KWT,Kuwait,gdp_per_capita_usd,2017,29047.6536135703
KWT,Kuwait,gdp_per_capita_usd,2016,27323.6890735517
KWT,Kuwait,gdp_per_capita_usd,2015,29882.2126495698
KWT,Kuwait,gdp_per_capita_usd,2014,44368.7813457751
KWT,Kuwait,gdp_per_capita_usd,2013,49651.0439275077
KWT,Kuwait,gdp_per_capita_usd,2012,52155.2225833921
KWT,Kuwait,gdp_per_capita_usd,2011,49169.6063813095
KWT,Kuwait,gdp_per_capita_usd,2010,39212.252220155
KWT,Kuwait,total_reserves_usd,2025,51737963291.5741
KWT,Kuwait,total_reserves_usd,2024,50727942998.1333
KWT,Kuwait,total_reserves_usd,2023,52619359334.9437
KWT,Kuwait,total_reserves_usd,2022,52461721622.8115
KWT,Kuwait,total_reserves_usd,2021,49525016980.8271
KWT,Kuwait,total_reserves_usd,2020,52918606999.3545
KWT,Kuwait,total_reserves_usd,2019,43668410965.0783
KWT,Kuwait,total_reserves_usd,2018,40282453060.4129
KWT,Kuwait,total_reserves_usd,2017,36889754716.8625
KWT,Kuwait,total_reserves_usd,2016,33936274928.4313
KWT,Kuwait,total_reserves_usd,2015,30960893267.6336
KWT,Kuwait,total_reserves_usd,2014,35175442351.7032
KWT,Kuwait,total_reserves_usd,2013,32410244556.9514
KWT,Kuwait,total_reserves_usd,2012,33109896469.2245
KWT,Kuwait,total_reserves_usd,2011,29681701459.822
KWT,Kuwait,total_reserves_usd,2010,24801842016.4146
KWT,Kuwait,unemployment_rate,2025,2.181
KWT,Kuwait,unemployment_rate,2024,2.151
KWT,Kuwait,unemployment_rate,2023,2.08
KWT,Kuwait,unemployment_rate,2022,2.133
KWT,Kuwait,unemployment_rate,2021,2.97
KWT,Kuwait,unemployment_rate,2020,3.489
KWT,Kuwait,unemployment_rate,2019,2.213
KWT,Kuwait,unemployment_rate,2018,2.202
KWT,Kuwait,unemployment_rate,2017,2.23
KWT,Kuwait,unemployment_rate,2016,2.16
KWT,Kuwait,unemployment_rate,2015,2.2
KWT,Kuwait,unemployment_rate,2014,2.9
KWT,Kuwait,unemployment_rate,2013,2.465
KWT,Kuwait,unemployment_rate,2012,2.227
KWT,Kuwait,unemployment_rate,2011,2.051
KWT,Kuwait,unemployment_rate,2010,1.82
KWT,Kuwait,youth_unemployment_rate,2025,15.058
KWT,Kuwait,youth_unemployment_rate,2024,15.145
KWT,Kuwait,youth_unemployment_rate,2023,15.091
KWT,Kuwait,youth_unemployment_rate,2022,15.19
KWT,Kuwait,youth_unemployment_rate,2021,17.755
KWT,Kuwait,youth_unemployment_rate,2020,19.059
KWT,Kuwait,youth_unemployment_rate,2019,15.223
KWT,Kuwait,youth_unemployment_rate,2018,15.224
KWT,Kuwait,youth_unemployment_rate,2017,15.255
KWT,Kuwait,youth_unemployment_rate,2016,15.143
KWT,Kuwait,youth_unemployment_rate,2015,16.18
KWT,Kuwait,youth_unemployment_rate,2014,15.464
KWT,Kuwait,youth_unemployment_rate,2013,13.635
KWT,Kuwait,youth_unemployment_rate,2012,11.994
KWT,Kuwait,youth_unemployment_rate,2011,10.297
KWT,Kuwait,youth_unemployment_rate,2010,8.584
LBN,Lebanon,current_account_pct_gdp,2023,-28.103669636709
LBN,Lebanon,current_account_pct_gdp,2022,-34.606227109401
LBN,Lebanon,current_account_pct_gdp,2021,-19.6978128626341
LBN,Lebanon,current_account_pct_gdp,2020,-8.76184199911137
LBN,Lebanon,current_account_pct_gdp,2019,-21.828092491848
LBN,Lebanon,current_account_pct_gdp,2018,-24.3470417876755
LBN,Lebanon,current_account_pct_gdp,2017,-22.8822040339123
LBN,Lebanon,current_account_pct_gdp,2016,-20.4780237123596
LBN,Lebanon,current_account_pct_gdp,2015,-17.1077378092157
LBN,Lebanon,current_account_pct_gdp,2014,-26.2298655609816
LBN,Lebanon,current_account_pct_gdp,2013,-25.5114319532074
LBN,Lebanon,current_account_pct_gdp,2012,-23.4382140171445
LBN,Lebanon,current_account_pct_gdp,2011,-13.8340690487529
LBN,Lebanon,current_account_pct_gdp,2010,-19.6443379596193
LBN,Lebanon,reserves_months_imports,2023,13.6032284132074
LBN,Lebanon,reserves_months_imports,2022,14.9029115890041
LBN,Lebanon,reserves_months_imports,2021,21.5617265304801
LBN,Lebanon,reserves_months_imports,2020,28.5671854125781
LBN,Lebanon,reserves_months_imports,2019,17.6538938504842
LBN,Lebanon,reserves_months_imports,2018,17.1222088974629
LBN,Lebanon,reserves_months_imports,2017,18.7798466134914
LBN,Lebanon,reserves_months_imports,2016,18.8733876943584
LBN,Lebanon,reserves_months_imports,2015,17.2449488299452
LBN,Lebanon,reserves_months_imports,2014,16.7591540464763
LBN,Lebanon,reserves_months_imports,2013,16.1599599729186
LBN,Lebanon,reserves_months_imports,2012,18.5811682725873
LBN,Lebanon,reserves_months_imports,2011,17.4585392339282
LBN,Lebanon,reserves_months_imports,2010,16.5857428867061
LBN,Lebanon,gdp_growth,2024,-7.07989192861814
LBN,Lebanon,gdp_growth,2023,-0.760584470257314
LBN,Lebanon,gdp_growth,2022,-0.621678970663112
LBN,Lebanon,gdp_growth,2021,-7.00123862514116
LBN,Lebanon,gdp_growth,2020,-21.3998996914321
LBN,Lebanon,gdp_growth,2019,-6.91492472851026
LBN,Lebanon,gdp_growth,2018,-1.88470575631651
LBN,Lebanon,gdp_growth,2017,0.903028464073813
LBN,Lebanon,gdp_growth,2016,1.55454940856943
LBN,Lebanon,gdp_growth,2015,0.462320792597581
LBN,Lebanon,gdp_growth,2014,2.48406010500743
LBN,Lebanon,gdp_growth,2013,3.8278734986016
LBN,Lebanon,gdp_growth,2012,2.56479133680038
LBN,Lebanon,gdp_growth,2011,0.86733987855277
LBN,Lebanon,gdp_growth,2010,7.97513555844932
LBN,Lebanon,inflation,2025,14.597595869611
LBN,Lebanon,inflation,2024,45.2430422716718
LBN,Lebanon,inflation,2023,221.341644023365
LBN,Lebanon,inflation,2022,171.205491336641
LBN,Lebanon,inflation,2021,154.756096023393
LBN,Lebanon,inflation,2020,84.864333047204
LBN,Lebanon,inflation,2019,3.00538949390382
LBN,Lebanon,inflation,2018,6.07698907889606
LBN,Lebanon,inflation,2017,4.3213521830319
LBN,Lebanon,inflation,2016,-0.783359624361507
LBN,Lebanon,inflation,2015,-3.74914524799628
LBN,Lebanon,inflation,2014,1.85460421340909
LBN,Lebanon,inflation,2013,4.82101956297398
LBN,Lebanon,inflation,2012,6.58147447683677
LBN,Lebanon,inflation,2011,4.97148571692384
LBN,Lebanon,inflation,2010,3.98347941855833
LBN,Lebanon,political_stability,2025,-1.2676402
LBN,Lebanon,political_stability,2024,-1.4014238
LBN,Lebanon,political_stability,2023,-1.2880403
LBN,Lebanon,political_stability,2022,-1.3618695
LBN,Lebanon,political_stability,2021,-1.3430097
LBN,Lebanon,political_stability,2020,-1.3665835
LBN,Lebanon,political_stability,2019,-1.3579103
LBN,Lebanon,political_stability,2018,-1.2350807
LBN,Lebanon,political_stability,2017,-1.3596939
LBN,Lebanon,political_stability,2016,-1.3408699
LBN,Lebanon,political_stability,2015,-1.4105863
LBN,Lebanon,political_stability,2014,-1.512534
LBN,Lebanon,political_stability,2013,-1.6233729
LBN,Lebanon,political_stability,2012,-1.5657493
LBN,Lebanon,political_stability,2011,-1.4479044
LBN,Lebanon,political_stability,2010,-1.4300894
LBN,Lebanon,government_effectiveness,2025,-1.0963106
LBN,Lebanon,government_effectiveness,2024,-1.154554
LBN,Lebanon,government_effectiveness,2023,-1.187912
LBN,Lebanon,government_effectiveness,2022,-1.0669779
LBN,Lebanon,government_effectiveness,2021,-1.0641004
LBN,Lebanon,government_effectiveness,2020,-0.9315341
LBN,Lebanon,government_effectiveness,2019,-0.6844029
LBN,Lebanon,government_effectiveness,2018,-0.5474103
LBN,Lebanon,government_effectiveness,2017,-0.3302826
LBN,Lebanon,government_effectiveness,2016,-0.3701148
LBN,Lebanon,government_effectiveness,2015,-0.3998006
LBN,Lebanon,government_effectiveness,2014,-0.3818583
LBN,Lebanon,government_effectiveness,2013,-0.4523008
LBN,Lebanon,government_effectiveness,2012,-0.3924088
LBN,Lebanon,government_effectiveness,2011,-0.3758612
LBN,Lebanon,government_effectiveness,2010,-0.2786653
LBN,Lebanon,rule_of_law,2025,-1.0554721
LBN,Lebanon,rule_of_law,2024,-1.1142161
LBN,Lebanon,rule_of_law,2023,-1.0939925
LBN,Lebanon,rule_of_law,2022,-1.0538556
LBN,Lebanon,rule_of_law,2021,-1.0304943
LBN,Lebanon,rule_of_law,2020,-0.9416219
LBN,Lebanon,rule_of_law,2019,-0.8567128
LBN,Lebanon,rule_of_law,2018,-0.7644332
LBN,Lebanon,rule_of_law,2017,-0.803632
LBN,Lebanon,rule_of_law,2016,-0.8331738
LBN,Lebanon,rule_of_law,2015,-0.79652
LBN,Lebanon,rule_of_law,2014,-0.7038996
LBN,Lebanon,rule_of_law,2013,-0.6290633
LBN,Lebanon,rule_of_law,2012,-0.544474
LBN,Lebanon,rule_of_law,2011,-0.482794
LBN,Lebanon,rule_of_law,2010,-0.6285305
LBN,Lebanon,regulatory_quality,2025,-0.8532203
LBN,Lebanon,regulatory_quality,2024,-0.9266358
LBN,Lebanon,regulatory_quality,2023,-0.8756345
LBN,Lebanon,regulatory_quality,2022,-0.9053299
LBN,Lebanon,regulatory_quality,2021,-0.7767222
LBN,Lebanon,regulatory_quality,2020,-0.6751676
LBN,Lebanon,regulatory_quality,2019,-0.5011885
LBN,Lebanon,regulatory_quality,2018,-0.4215613
LBN,Lebanon,regulatory_quality,2017,-0.3255373
LBN,Lebanon,regulatory_quality,2016,-0.3698537
LBN,Lebanon,regulatory_quality,2015,-0.3233316
LBN,Lebanon,regulatory_quality,2014,-0.3652543
LBN,Lebanon,regulatory_quality,2013,-0.2498852
LBN,Lebanon,regulatory_quality,2012,-0.2992423
LBN,Lebanon,regulatory_quality,2011,-0.2441608
LBN,Lebanon,regulatory_quality,2010,0.0077749
LBN,Lebanon,control_of_corruption,2025,-1.224546
LBN,Lebanon,control_of_corruption,2024,-1.3067561
LBN,Lebanon,control_of_corruption,2023,-1.2579825
LBN,Lebanon,control_of_corruption,2022,-1.2191818
LBN,Lebanon,control_of_corruption,2021,-1.2590921
LBN,Lebanon,control_of_corruption,2020,-1.2322483
LBN,Lebanon,control_of_corruption,2019,-1.2294254
LBN,Lebanon,control_of_corruption,2018,-1.2211748
LBN,Lebanon,control_of_corruption,2017,-1.0731918
LBN,Lebanon,control_of_corruption,2016,-1.0702699
LBN,Lebanon,control_of_corruption,2015,-1.0021414
LBN,Lebanon,control_of_corruption,2014,-1.1118326
LBN,Lebanon,control_of_corruption,2013,-0.9726789
LBN,Lebanon,control_of_corruption,2012,-0.9426886
LBN,Lebanon,control_of_corruption,2011,-0.861718
LBN,Lebanon,control_of_corruption,2010,-0.9605829
LBN,Lebanon,fdi_net_inflows_pct_gdp,2024,6.79248055666718
LBN,Lebanon,fdi_net_inflows_pct_gdp,2023,3.26435467389127
LBN,Lebanon,fdi_net_inflows_pct_gdp,2022,2.50966160641735
LBN,Lebanon,fdi_net_inflows_pct_gdp,2021,2.5929006838647
LBN,Lebanon,fdi_net_inflows_pct_gdp,2020,5.06712986613403
LBN,Lebanon,fdi_net_inflows_pct_gdp,2019,3.69413245000342
LBN,Lebanon,fdi_net_inflows_pct_gdp,2018,4.84140308956364
LBN,Lebanon,fdi_net_inflows_pct_gdp,2017,4.756779140202
LBN,Lebanon,fdi_net_inflows_pct_gdp,2016,5.02174040562454
LBN,Lebanon,fdi_net_inflows_pct_gdp,2015,4.32469174487594
LBN,Lebanon,fdi_net_inflows_pct_gdp,2014,5.95175528625723
LBN,Lebanon,fdi_net_inflows_pct_gdp,2013,5.67636791033718
LBN,Lebanon,fdi_net_inflows_pct_gdp,2012,7.06847166156729
LBN,Lebanon,fdi_net_inflows_pct_gdp,2011,7.85693989450406
LBN,Lebanon,fdi_net_inflows_pct_gdp,2010,11.1327936305686
LBN,Lebanon,exports_pct_gdp,2024,23.3165495276514
LBN,Lebanon,exports_pct_gdp,2023,30.5514119674735
LBN,Lebanon,exports_pct_gdp,2022,34.8287792460469
LBN,Lebanon,exports_pct_gdp,2021,26.0256276927137
LBN,Lebanon,exports_pct_gdp,2020,16.3725868676481
LBN,Lebanon,exports_pct_gdp,2019,20.6977589567577
LBN,Lebanon,exports_pct_gdp,2018,20.7545211587566
LBN,Lebanon,exports_pct_gdp,2017,21.9269331860238
LBN,Lebanon,exports_pct_gdp,2016,21.7261558874138
LBN,Lebanon,exports_pct_gdp,2015,23.1396677268024
LBN,Lebanon,exports_pct_gdp,2014,23.7561644984684
LBN,Lebanon,exports_pct_gdp,2013,26.6467547466619
LBN,Lebanon,exports_pct_gdp,2012,28.8092128781151
LBN,Lebanon,exports_pct_gdp,2011,36.3630972315613
LBN,Lebanon,exports_pct_gdp,2010,35.023122866407
LBN,Lebanon,imports_pct_gdp,2024,58.9158109340607
LBN,Lebanon,imports_pct_gdp,2023,73.6549981017088
LBN,Lebanon,imports_pct_gdp,2022,80.0594990196196
LBN,Lebanon,imports_pct_gdp,2021,52.8029927098104
LBN,Lebanon,imports_pct_gdp,2020,33.7572174203146
LBN,Lebanon,imports_pct_gdp,2019,42.2831570534023
LBN,Lebanon,imports_pct_gdp,2018,47.5027861456152
LBN,Lebanon,imports_pct_gdp,2017,46.5284960733038
LBN,Lebanon,imports_pct_gdp,2016,45.9974619033978
LBN,Lebanon,imports_pct_gdp,2015,48.6993749079787
LBN,Lebanon,imports_pct_gdp,2014,56.0609920940944
LBN,Lebanon,imports_pct_gdp,2013,59.5275738453946
LBN,Lebanon,imports_pct_gdp,2012,59.736289044944
LBN,Lebanon,imports_pct_gdp,2011,65.7767851809418
LBN,Lebanon,imports_pct_gdp,2010,60.0735300752172
LBN,Lebanon,official_exchange_rate_lcu_usd,2025,89500.0
LBN,Lebanon,official_exchange_rate_lcu_usd,2024,89500.0
LBN,Lebanon,official_exchange_rate_lcu_usd,2023,13875.625
LBN,Lebanon,official_exchange_rate_lcu_usd,2022,1507.5
LBN,Lebanon,official_exchange_rate_lcu_usd,2021,1507.5
LBN,Lebanon,official_exchange_rate_lcu_usd,2020,1507.5
LBN,Lebanon,official_exchange_rate_lcu_usd,2019,1507.5
LBN,Lebanon,official_exchange_rate_lcu_usd,2018,1507.5
LBN,Lebanon,official_exchange_rate_lcu_usd,2017,1507.5
LBN,Lebanon,official_exchange_rate_lcu_usd,2016,1507.5
LBN,Lebanon,official_exchange_rate_lcu_usd,2015,1507.5
LBN,Lebanon,official_exchange_rate_lcu_usd,2014,1507.5
LBN,Lebanon,official_exchange_rate_lcu_usd,2013,1507.5
LBN,Lebanon,official_exchange_rate_lcu_usd,2012,1507.5
LBN,Lebanon,official_exchange_rate_lcu_usd,2011,1507.5
LBN,Lebanon,official_exchange_rate_lcu_usd,2010,1507.5
LBN,Lebanon,gdp_current_usd,2024,25971643441.3408
LBN,Lebanon,gdp_current_usd,2023,20078620356.9931
LBN,Lebanon,gdp_current_usd,2022,20992421948.8081
LBN,Lebanon,gdp_current_usd,2021,23131941556.7843
LBN,Lebanon,gdp_current_usd,2020,31712128253.7961
LBN,Lebanon,gdp_current_usd,2019,51605959131.2741
LBN,Lebanon,gdp_current_usd,2018,54901519155.5556
LBN,Lebanon,gdp_current_usd,2017,53027680685.9038
LBN,Lebanon,gdp_current_usd,2016,51147308774.1294
LBN,Lebanon,gdp_current_usd,2015,49929337836.8159
LBN,Lebanon,gdp_current_usd,2014,48095213746.6003
LBN,Lebanon,gdp_current_usd,2013,46880103080.597
LBN,Lebanon,gdp_current_usd,2012,44016799515.7546
LBN,Lebanon,gdp_current_usd,2011,39927125961.5257
LBN,Lebanon,gdp_current_usd,2010,38443907042.1227
LBN,Lebanon,gdp_per_capita_usd,2024,4473.27134441128
LBN,Lebanon,gdp_per_capita_usd,2023,3477.72489842684
LBN,Lebanon,gdp_per_capita_usd,2022,3654.35845534878
LBN,Lebanon,gdp_per_capita_usd,2021,4045.37391066234
LBN,Lebanon,gdp_per_capita_usd,2020,5561.19166950397
LBN,Lebanon,gdp_per_capita_usd,2019,8905.88005497437
LBN,Lebanon,gdp_per_capita_usd,2018,9174.53666204759
LBN,Lebanon,gdp_per_capita_usd,2017,8608.21084982387
LBN,Lebanon,gdp_per_capita_usd,2016,8089.012088155
LBN,Lebanon,gdp_per_capita_usd,2015,7714.1099998804
LBN,Lebanon,gdp_per_capita_usd,2014,7577.6413302369
LBN,Lebanon,gdp_per_capita_usd,2013,8162.37929361396
LBN,Lebanon,gdp_per_capita_usd,2012,8406.98405608118
LBN,Lebanon,gdp_per_capita_usd,2011,7834.96257108993
LBN,Lebanon,gdp_per_capita_usd,2010,7625.81051551165
LBN,Lebanon,total_reserves_usd,2024,33301277509.6206
LBN,Lebanon,total_reserves_usd,2023,27489698131.497
LBN,Lebanon,total_reserves_usd,2022,32512880021.5268
LBN,Lebanon,total_reserves_usd,2021,35239219335.7145
LBN,Lebanon,total_reserves_usd,2020,42440403086.5712
LBN,Lebanon,total_reserves_usd,2019,52213484574.221
LBN,Lebanon,total_reserves_usd,2018,52380608542.3955
LBN,Lebanon,total_reserves_usd,2017,55411532096.3303
LBN,Lebanon,total_reserves_usd,2016,53905512885.564
LBN,Lebanon,total_reserves_usd,2015,48531390536.9733
LBN,Lebanon,total_reserves_usd,2014,50668863616.6925
LBN,Lebanon,total_reserves_usd,2013,47855927547.6783
LBN,Lebanon,total_reserves_usd,2012,52530986898.8942
LBN,Lebanon,total_reserves_usd,2011,47859468419.4962
LBN,Lebanon,total_reserves_usd,2010,44475631354.516
LBN,Lebanon,unemployment_rate,2023,10.985
LBN,Lebanon,unemployment_rate,2022,11.105
LBN,Lebanon,unemployment_rate,2021,12.715
LBN,Lebanon,unemployment_rate,2020,13.252
LBN,Lebanon,unemployment_rate,2019,11.301
LBN,Lebanon,unemployment_rate,2018,10.755
LBN,Lebanon,unemployment_rate,2017,10.258
LBN,Lebanon,unemployment_rate,2016,9.794
LBN,Lebanon,unemployment_rate,2015,9.312
LBN,Lebanon,unemployment_rate,2014,8.84
LBN,Lebanon,unemployment_rate,2013,8.477
LBN,Lebanon,unemployment_rate,2012,7.952
LBN,Lebanon,unemployment_rate,2011,7.352
LBN,Lebanon,unemployment_rate,2010,6.768
LBN,Lebanon,youth_unemployment_rate,2023,22.744
LBN,Lebanon,youth_unemployment_rate,2022,22.9
LBN,Lebanon,youth_unemployment_rate,2021,25.203
LBN,Lebanon,youth_unemployment_rate,2020,26.576
LBN,Lebanon,youth_unemployment_rate,2019,23.28
LBN,Lebanon,youth_unemployment_rate,2018,22.668
LBN,Lebanon,youth_unemployment_rate,2017,22.039
LBN,Lebanon,youth_unemployment_rate,2016,21.37
LBN,Lebanon,youth_unemployment_rate,2015,20.591
LBN,Lebanon,youth_unemployment_rate,2014,19.772
LBN,Lebanon,youth_unemployment_rate,2013,19.112
LBN,Lebanon,youth_unemployment_rate,2012,18.192
LBN,Lebanon,youth_unemployment_rate,2011,17.134
LBN,Lebanon,youth_unemployment_rate,2010,16.079
LBN,Lebanon,gini_index,2022,35.5
LBN,Lebanon,gini_index,2011,31.8
LBY,Libya,current_account_pct_gdp,2023,4.23506448409627
LBY,Libya,current_account_pct_gdp,2022,22.2155432064068
LBY,Libya,current_account_pct_gdp,2021,16.1147728474926
LBY,Libya,current_account_pct_gdp,2020,-10.2022684905863
LBY,Libya,current_account_pct_gdp,2019,6.95550505080755
LBY,Libya,current_account_pct_gdp,2018,14.7041123833162
LBY,Libya,current_account_pct_gdp,2017,6.59107791644499
LBY,Libya,current_account_pct_gdp,2016,-9.42697758493981
LBY,Libya,current_account_pct_gdp,2015,-19.1840709119308
LBY,Libya,current_account_pct_gdp,2014,-33.1750366593745
LBY,Libya,current_account_pct_gdp,2013,0.0127403569483039
LBY,Libya,current_account_pct_gdp,2012,25.7575733312092
LBY,Libya,current_account_pct_gdp,2011,6.62746278785412
LBY,Libya,current_account_pct_gdp,2010,22.2877634810811
LBY,Libya,reserves_months_imports,2023,31.5696640862316
LBY,Libya,reserves_months_imports,2022,35.1475070072353
LBY,Libya,reserves_months_imports,2021,36.8142587224759
LBY,Libya,reserves_months_imports,2020,65.1528587636198
LBY,Libya,reserves_months_imports,2019,38.0566102989733
LBY,Libya,reserves_months_imports,2018,50.6235223615429
LBY,Libya,reserves_months_imports,2017,58.5789163487404
LBY,Libya,reserves_months_imports,2016,69.9832418244536
LBY,Libya,reserves_months_imports,2015,43.2477840574149
LBY,Libya,reserves_months_imports,2014,28.693877908734
LBY,Libya,reserves_months_imports,2013,31.6920933071623
LBY,Libya,reserves_months_imports,2012,40.5251370265738
LBY,Libya,reserves_months_imports,2011,79.2372182724924
LBY,Libya,reserves_months_imports,2010,38.557715459385
LBY,Libya,gdp_growth,2025,13.3717080516958
LBY,Libya,gdp_growth,2024,1.89995052025442
LBY,Libya,gdp_growth,2023,10.2000497852517
LBY,Libya,gdp_growth,2022,-8.29981811198795
LBY,Libya,gdp_growth,2021,28.2996823429147
LBY,Libya,gdp_growth,2020,-29.4552967282824
LBY,Libya,gdp_growth,2019,-11.1960828853386
LBY,Libya,gdp_growth,2018,7.9413678529104
LBY,Libya,gdp_growth,2017,32.4918021862688
LBY,Libya,gdp_growth,2016,-1.4909411172622
LBY,Libya,gdp_growth,2015,-0.842656252118843
LBY,Libya,gdp_growth,2014,-23.0428058282215
LBY,Libya,gdp_growth,2013,-17.9979615745681
LBY,Libya,gdp_growth,2012,86.8267484395784
LBY,Libya,gdp_growth,2011,-50.3385151384986
LBY,Libya,gdp_growth,2010,5.0272476723775
LBY,Libya,inflation,2025,1.84166666666702
LBY,Libya,inflation,2024,2.12615766885021
LBY,Libya,inflation,2023,2.37317531435179
LBY,Libya,inflation,2022,4.51030149235695
LBY,Libya,inflation,2021,2.86833027751014
LBY,Libya,inflation,2020,1.4470365699874
LBY,Libya,inflation,2019,-2.1621788347059
LBY,Libya,inflation,2018,13.1702038536721
LBY,Libya,inflation,2017,25.8036184788336
LBY,Libya,inflation,2016,25.853874212446
LBY,Libya,inflation,2015,10.4022933588151
LBY,Libya,inflation,2014,2.43294141599233
LBY,Libya,inflation,2013,2.60581802719516
LBY,Libya,inflation,2012,6.05980392156854
LBY,Libya,inflation,2011,15.5184815317562
LBY,Libya,inflation,2010,2.79989500109264
LBY,Libya,political_stability,2025,-1.8366377
LBY,Libya,political_stability,2024,-1.8830165
LBY,Libya,political_stability,2023,-2.0394389
LBY,Libya,political_stability,2022,-2.0004965
LBY,Libya,political_stability,2021,-2.2130376
LBY,Libya,political_stability,2020,-2.2326688
LBY,Libya,political_stability,2019,-2.2656758
LBY,Libya,political_stability,2018,-2.3095909
LBY,Libya,political_stability,2017,-2.3191309
LBY,Libya,political_stability,2016,-2.2817508
LBY,Libya,political_stability,2015,-2.2353319
LBY,Libya,political_stability,2014,-2.2796804
LBY,Libya,political_stability,2013,-1.8840866
LBY,Libya,political_stability,2012,-1.5383288
LBY,Libya,political_stability,2011,-1.6046447
LBY,Libya,political_stability,2010,-0.5097078
LBY,Libya,government_effectiveness,2025,-1.4893946
LBY,Libya,government_effectiveness,2024,-1.498506
LBY,Libya,government_effectiveness,2023,-1.5406732
LBY,Libya,government_effectiveness,2022,-1.6515593
LBY,Libya,government_effectiveness,2021,-1.5508046
LBY,Libya,government_effectiveness,2020,-1.7147928
LBY,Libya,government_effectiveness,2019,-1.6427192
LBY,Libya,government_effectiveness,2018,-1.5655039
LBY,Libya,government_effectiveness,2017,-1.5432109
LBY,Libya,government_effectiveness,2016,-1.6877833
LBY,Libya,government_effectiveness,2015,-1.6687112
LBY,Libya,government_effectiveness,2014,-1.4900184
LBY,Libya,government_effectiveness,2013,-1.1938002
LBY,Libya,government_effectiveness,2012,-1.1150305
LBY,Libya,government_effectiveness,2011,-1.1717866
LBY,Libya,government_effectiveness,2010,-1.2087615
LBY,Libya,rule_of_law,2025,-1.6490873
LBY,Libya,rule_of_law,2024,-1.7139841
LBY,Libya,rule_of_law,2023,-1.6848416
LBY,Libya,rule_of_law,2022,-1.7565885
LBY,Libya,rule_of_law,2021,-1.5686183
LBY,Libya,rule_of_law,2020,-1.6380273
LBY,Libya,rule_of_law,2019,-1.6147779
LBY,Libya,rule_of_law,2018,-1.5409574
LBY,Libya,rule_of_law,2017,-1.5774853
LBY,Libya,rule_of_law,2016,-1.6736486
LBY,Libya,rule_of_law,2015,-1.736292
LBY,Libya,rule_of_law,2014,-1.5592325
LBY,Libya,rule_of_law,2013,-1.3565282
LBY,Libya,rule_of_law,2012,-0.9905215
LBY,Libya,rule_of_law,2011,-1.1383941
LBY,Libya,rule_of_law,2010,-1.1415835
LBY,Libya,regulatory_quality,2025,-1.6636464
LBY,Libya,regulatory_quality,2024,-1.8208149
LBY,Libya,regulatory_quality,2023,-1.862919
LBY,Libya,regulatory_quality,2022,-1.9484866
LBY,Libya,regulatory_quality,2021,-1.9470221
LBY,Libya,regulatory_quality,2020,-2.0258839
LBY,Libya,regulatory_quality,2019,-2.0724148
LBY,Libya,regulatory_quality,2018,-2.0471646
LBY,Libya,regulatory_quality,2017,-1.970527
LBY,Libya,regulatory_quality,2016,-2.0849144
LBY,Libya,regulatory_quality,2015,-2.0005566
LBY,Libya,regulatory_quality,2014,-1.9140457
LBY,Libya,regulatory_quality,2013,-1.5649627
LBY,Libya,regulatory_quality,2012,-1.3593485
LBY,Libya,regulatory_quality,2011,-1.433046
LBY,Libya,regulatory_quality,2010,-1.2515983
LBY,Libya,control_of_corruption,2025,-1.5304615
LBY,Libya,control_of_corruption,2024,-1.5390159
LBY,Libya,control_of_corruption,2023,-1.5454594
LBY,Libya,control_of_corruption,2022,-1.5370281
LBY,Libya,control_of_corruption,2021,-1.549753
LBY,Libya,control_of_corruption,2020,-1.5174606
LBY,Libya,control_of_corruption,2019,-1.5494765
LBY,Libya,control_of_corruption,2018,-1.5162812
LBY,Libya,control_of_corruption,2017,-1.6102394
LBY,Libya,control_of_corruption,2016,-1.5982801
LBY,Libya,control_of_corruption,2015,-1.5965294
LBY,Libya,control_of_corruption,2014,-1.476447
LBY,Libya,control_of_corruption,2013,-1.2966244
LBY,Libya,control_of_corruption,2012,-1.1191899
LBY,Libya,control_of_corruption,2011,-1.2537019
LBY,Libya,control_of_corruption,2010,-1.2296282
LBY,Libya,fdi_net_inflows_pct_gdp,2025,1.72056776265352
LBY,Libya,fdi_net_inflows_pct_gdp,2024,1.43831918873239
LBY,Libya,fdi_net_inflows_pct_gdp,2023,1.80500147243983
LBY,Libya,fdi_net_inflows_pct_gdp,2022,1.62326033379453
LBY,Libya,fdi_net_inflows_pct_gdp,2021,1.71219284038518
LBY,Libya,fdi_net_inflows_pct_gdp,2013,0.931638601844643
LBY,Libya,fdi_net_inflows_pct_gdp,2012,1.53985903839829
LBY,Libya,fdi_net_inflows_pct_gdp,2010,2.36664960687642
LBY,Libya,exports_pct_gdp,2025,71.7134746269549
LBY,Libya,exports_pct_gdp,2024,71.7293179684166
LBY,Libya,exports_pct_gdp,2023,85.6010032090609
LBY,Libya,exports_pct_gdp,2022,91.9809235078212
LBY,Libya,exports_pct_gdp,2021,92.0546075514658
LBY,Libya,exports_pct_gdp,2020,20.3637900560977
LBY,Libya,exports_pct_gdp,2019,42.35532240076
LBY,Libya,exports_pct_gdp,2018,39.6135044170514
LBY,Libya,exports_pct_gdp,2017,27.1972557138798
LBY,Libya,exports_pct_gdp,2016,14.5778875500388
LBY,Libya,exports_pct_gdp,2015,22.2273741215145
LBY,Libya,exports_pct_gdp,2014,32.2383210024013
LBY,Libya,exports_pct_gdp,2013,59.8886075843687
LBY,Libya,exports_pct_gdp,2012,66.8678568492024
LBY,Libya,exports_pct_gdp,2011,38.1458963988027
LBY,Libya,exports_pct_gdp,2010,66.2720071713114
LBY,Libya,imports_pct_gdp,2025,65.9450985743532
LBY,Libya,imports_pct_gdp,2024,65.7818127187367
LBY,Libya,imports_pct_gdp,2023,75.4692294006607
LBY,Libya,imports_pct_gdp,2022,64.3407611745263
LBY,Libya,imports_pct_gdp,2021,72.2294624156388
LBY,Libya,imports_pct_gdp,2020,30.6120033812341
LBY,Libya,imports_pct_gdp,2019,36.6386467842538
LBY,Libya,imports_pct_gdp,2018,24.1676291797669
LBY,Libya,imports_pct_gdp,2017,20.3517104782416
LBY,Libya,imports_pct_gdp,2016,26.5322885114747
LBY,Libya,imports_pct_gdp,2015,34.6775332111739
LBY,Libya,imports_pct_gdp,2014,44.2865616357103
LBY,Libya,imports_pct_gdp,2013,46.4457533337369
LBY,Libya,imports_pct_gdp,2012,31.3564620676424
LBY,Libya,imports_pct_gdp,2011,24.8595388907261
LBY,Libya,imports_pct_gdp,2010,31.8052059029276
LBY,Libya,official_exchange_rate_lcu_usd,2025,5.30256666666666
LBY,Libya,official_exchange_rate_lcu_usd,2024,4.83220833333333
LBY,Libya,official_exchange_rate_lcu_usd,2023,4.81288333333333
LBY,Libya,official_exchange_rate_lcu_usd,2022,4.813175
LBY,Libya,official_exchange_rate_lcu_usd,2021,4.514425
LBY,Libya,official_exchange_rate_lcu_usd,2020,1.38866668346465
LBY,Libya,official_exchange_rate_lcu_usd,2019,1.39826289736927
LBY,Libya,official_exchange_rate_lcu_usd,2018,1.36496666666666
LBY,Libya,official_exchange_rate_lcu_usd,2017,1.39382001082349
LBY,Libya,official_exchange_rate_lcu_usd,2016,1.39036867889833
LBY,Libya,official_exchange_rate_lcu_usd,2015,1.38120985962102
LBY,Libya,official_exchange_rate_lcu_usd,2014,1.27240206718887
LBY,Libya,official_exchange_rate_lcu_usd,2013,1.27169182111774
LBY,Libya,official_exchange_rate_lcu_usd,2012,1.26165963821484
LBY,Libya,official_exchange_rate_lcu_usd,2011,1.22415249460345
LBY,Libya,official_exchange_rate_lcu_usd,2010,1.26678941001316
LBY,Libya,gdp_current_usd,2025,48098909613.6316
LBY,Libya,gdp_current_usd,2024,48487151215.345
LBY,Libya,gdp_current_usd,2023,44027664915.187
LBY,Libya,gdp_current_usd,2022,43246297921.8499
LBY,Libya,gdp_current_usd,2021,35217995647.2862
LBY,Libya,gdp_current_usd,2020,46854285440.642
LBY,Libya,gdp_current_usd,2019,69254496471.6938
LBY,Libya,gdp_current_usd,2018,76686029772.1483
LBY,Libya,gdp_current_usd,2017,67157452181.7738
LBY,Libya,gdp_current_usd,2016,49912073701.298
LBY,Libya,gdp_current_usd,2015,48717501321.3052
LBY,Libya,gdp_current_usd,2014,57372355592.022
LBY,Libya,gdp_current_usd,2013,75351107029.0605
LBY,Libya,gdp_current_usd,2012,92540938129.1315
LBY,Libya,gdp_current_usd,2011,48169263294.1007
LBY,Libya,gdp_current_usd,2010,75380825062.4216
LBY,Libya,gdp_per_capita_usd,2025,6448.82415074121
LBY,Libya,gdp_per_capita_usd,2024,6569.16408678648
LBY,Libya,gdp_per_capita_usd,2023,6026.51518708812
LBY,Libya,gdp_per_capita_usd,2022,5986.63694851258
LBY,Libya,gdp_per_capita_usd,2021,4935.82787349801
LBY,Libya,gdp_per_capita_usd,2020,6650.33810585348
LBY,Libya,gdp_per_capita_usd,2019,9963.19489084483
LBY,Libya,gdp_per_capita_usd,2018,11196.5854810844
LBY,Libya,gdp_per_capita_usd,2017,9965.83236729757
LBY,Libya,gdp_per_capita_usd,2016,7525.80299308216
LBY,Libya,gdp_per_capita_usd,2015,7458.48917756374
LBY,Libya,gdp_per_capita_usd,2014,8926.42074591474
LBY,Libya,gdp_per_capita_usd,2013,11951.7134126011
LBY,Libya,gdp_per_capita_usd,2012,14975.8902795144
LBY,Libya,gdp_per_capita_usd,2011,7593.8391525702
LBY,Libya,gdp_per_capita_usd,2010,11600.9068649472
LBY,Libya,total_reserves_usd,2025,104656885592.808
LBY,Libya,total_reserves_usd,2024,92893708178.1604
LBY,Libya,total_reserves_usd,2023,92427294786.8623
LBY,Libya,total_reserves_usd,2022,86683417844.2693
LBY,Libya,total_reserves_usd,2021,82262074686.351
LBY,Libya,total_reserves_usd,2020,79656428064.8913
LBY,Libya,total_reserves_usd,2019,84663589516.8684
LBY,Libya,total_reserves_usd,2018,85335649782.1665
LBY,Libya,total_reserves_usd,2017,79417877682.1686
LBY,Libya,total_reserves_usd,2016,70191441968.8814
LBY,Libya,total_reserves_usd,2015,77649594284.0861
LBY,Libya,total_reserves_usd,2014,93615450486.7894
LBY,Libya,total_reserves_usd,2013,119714241460.03
LBY,Libya,total_reserves_usd,2012,124647554175.811
LBY,Libya,total_reserves_usd,2011,110538560730.736
LBY,Libya,total_reserves_usd,2010,106144249630.959
LBY,Libya,unemployment_rate,2025,18.758
LBY,Libya,unemployment_rate,2024,19.085
LBY,Libya,unemployment_rate,2023,18.713
LBY,Libya,unemployment_rate,2022,19.238
LBY,Libya,unemployment_rate,2021,19.779
LBY,Libya,unemployment_rate,2020,19.651
LBY,Libya,unemployment_rate,2019,19.087
LBY,Libya,unemployment_rate,2018,18.865
LBY,Libya,unemployment_rate,2017,19.053
LBY,Libya,unemployment_rate,2016,19.559
LBY,Libya,unemployment_rate,2015,19.69
LBY,Libya,unemployment_rate,2014,19.295
LBY,Libya,unemployment_rate,2013,19.311
LBY,Libya,unemployment_rate,2012,19.03
LBY,Libya,unemployment_rate,2011,19.504
LBY,Libya,unemployment_rate,2010,19.321
LBY,Libya,youth_unemployment_rate,2025,50.057
LBY,Libya,youth_unemployment_rate,2024,50.586
LBY,Libya,youth_unemployment_rate,2023,49.864
LBY,Libya,youth_unemployment_rate,2022,50.841
LBY,Libya,youth_unemployment_rate,2021,52.086
LBY,Libya,youth_unemployment_rate,2020,53.562
LBY,Libya,youth_unemployment_rate,2019,50.569
LBY,Libya,youth_unemployment_rate,2018,50.136
LBY,Libya,youth_unemployment_rate,2017,50.471
LBY,Libya,youth_unemployment_rate,2016,51.378
LBY,Libya,youth_unemployment_rate,2015,51.538
LBY,Libya,youth_unemployment_rate,2014,50.68
LBY,Libya,youth_unemployment_rate,2013,50.576
LBY,Libya,youth_unemployment_rate,2012,49.879
LBY,Libya,youth_unemployment_rate,2011,50.372
LBY,Libya,youth_unemployment_rate,2010,49.563
MAR,Morocco,debt_to_gdp,2011,51.2263215704569
MAR,Morocco,debt_to_gdp,2010,47.0982656739638
MAR,Morocco,current_account_pct_gdp,2025,-2.49808221535456
MAR,Morocco,current_account_pct_gdp,2024,-1.23072108998601
MAR,Morocco,current_account_pct_gdp,2023,-1.04767760599469
MAR,Morocco,current_account_pct_gdp,2022,-3.6574911910038
MAR,Morocco,current_account_pct_gdp,2021,-2.35786783699057
MAR,Morocco,current_account_pct_gdp,2020,-1.12759931996509
MAR,Morocco,current_account_pct_gdp,2019,-3.4182057355437
MAR,Morocco,current_account_pct_gdp,2018,-4.87290163435468
MAR,Morocco,current_account_pct_gdp,2017,-3.10210665362038
MAR,Morocco,current_account_pct_gdp,2016,-3.74613174513
MAR,Morocco,current_account_pct_gdp,2015,-1.95690775142638
MAR,Morocco,current_account_pct_gdp,2014,-5.53783287947428
MAR,Morocco,current_account_pct_gdp,2013,-6.77731894447503
MAR,Morocco,current_account_pct_gdp,2012,-8.95034696939186
MAR,Morocco,current_account_pct_gdp,2011,-7.26703537698177
MAR,Morocco,current_account_pct_gdp,2010,-3.89149487244855
MAR,Morocco,reserves_months_imports,2025,5.92686959641172
MAR,Morocco,reserves_months_imports,2024,5.26170979299897
MAR,Morocco,reserves_months_imports,2023,5.63476498950226
MAR,Morocco,reserves_months_imports,2022,5.06212133329447
MAR,Morocco,reserves_months_imports,2021,6.77129241409979
MAR,Morocco,reserves_months_imports,2020,8.9354144570375
MAR,Morocco,reserves_months_imports,2019,5.58422656502833
MAR,Morocco,reserves_months_imports,2018,5.04505638234771
MAR,Morocco,reserves_months_imports,2017,6.02529305118116
MAR,Morocco,reserves_months_imports,2016,6.33785199898353
MAR,Morocco,reserves_months_imports,2015,6.25795105188849
MAR,Morocco,reserves_months_imports,2014,4.57755268835332
MAR,Morocco,reserves_months_imports,2013,4.54168416711332
MAR,Morocco,reserves_months_imports,2012,4.1203743521604
MAR,Morocco,reserves_months_imports,2011,4.96289903192588
MAR,Morocco,reserves_months_imports,2010,7.27489844884876
MAR,Morocco,gdp_growth,2025,4.59524349182247
MAR,Morocco,gdp_growth,2024,3.79336515978963
MAR,Morocco,gdp_growth,2023,3.65564411017931
MAR,Morocco,gdp_growth,2022,1.81269242194809
MAR,Morocco,gdp_growth,2021,8.15473889823681
MAR,Morocco,gdp_growth,2020,-7.17820744246774
MAR,Morocco,gdp_growth,2019,2.89097476137077
MAR,Morocco,gdp_growth,2018,3.06564133025955
MAR,Morocco,gdp_growth,2017,5.05789816173446
MAR,Morocco,gdp_growth,2016,0.52118550608968
MAR,Morocco,gdp_growth,2015,4.34458297635238
MAR,Morocco,gdp_growth,2014,2.7192440802029
MAR,Morocco,gdp_growth,2013,4.12221286860944
MAR,Morocco,gdp_growth,2012,3.06234368502997
MAR,Morocco,gdp_growth,2011,5.52464523319847
MAR,Morocco,gdp_growth,2010,3.49955709403216
MAR,Morocco,inflation,2025,0.701902154839544
MAR,Morocco,inflation,2024,0.985256592004506
MAR,Morocco,inflation,2023,6.0911415250414
MAR,Morocco,inflation,2022,6.65704202759066
MAR,Morocco,inflation,2021,1.40195883962005
MAR,Morocco,inflation,2020,0.70596866133826
MAR,Morocco,inflation,2019,0.303386036590383
MAR,Morocco,inflation,2018,1.80391671141895
MAR,Morocco,inflation,2017,0.754663249323618
MAR,Morocco,inflation,2016,1.63531114327064
MAR,Morocco,inflation,2015,1.5579071134626
MAR,Morocco,inflation,2014,0.442310053557047
MAR,Morocco,inflation,2013,1.88065466724085
MAR,Morocco,inflation,2012,1.28712240079219
MAR,Morocco,inflation,2011,0.9069249096918
MAR,Morocco,inflation,2010,0.993557401226392
MAR,Morocco,political_stability,2025,-0.5427683
MAR,Morocco,political_stability,2024,-0.4612173
MAR,Morocco,political_stability,2023,-0.544303
MAR,Morocco,political_stability,2022,-0.4968095
MAR,Morocco,political_stability,2021,-0.4674578
MAR,Morocco,political_stability,2020,-0.4141305
MAR,Morocco,political_stability,2019,-0.39299
MAR,Morocco,political_stability,2018,-0.4294753
MAR,Morocco,political_stability,2017,-0.5055074
MAR,Morocco,political_stability,2016,-0.4741811
MAR,Morocco,political_stability,2015,-0.4530588
MAR,Morocco,political_stability,2014,-0.4002591
MAR,Morocco,political_stability,2013,-0.6894921
MAR,Morocco,political_stability,2012,-0.5653204
MAR,Morocco,political_stability,2011,-0.4996162
MAR,Morocco,political_stability,2010,-0.4319165
MAR,Morocco,government_effectiveness,2025,0.1765373
MAR,Morocco,government_effectiveness,2024,0.1776166
MAR,Morocco,government_effectiveness,2023,0.0240041
MAR,Morocco,government_effectiveness,2022,-0.0452016
MAR,Morocco,government_effectiveness,2021,-0.0359096
MAR,Morocco,government_effectiveness,2020,-0.0305319
MAR,Morocco,government_effectiveness,2019,-0.108225
MAR,Morocco,government_effectiveness,2018,-0.2621544
MAR,Morocco,government_effectiveness,2017,-0.1958943
MAR,Morocco,government_effectiveness,2016,-0.123608
MAR,Morocco,government_effectiveness,2015,-0.1856786
MAR,Morocco,government_effectiveness,2014,-0.1994142
MAR,Morocco,government_effectiveness,2013,-0.1289843
MAR,Morocco,government_effectiveness,2012,-0.111251
MAR,Morocco,government_effectiveness,2011,-0.0793629
MAR,Morocco,government_effectiveness,2010,-0.0698771
MAR,Morocco,rule_of_law,2025,-0.3409583
MAR,Morocco,rule_of_law,2024,-0.333096
MAR,Morocco,rule_of_law,2023,-0.3753342
MAR,Morocco,rule_of_law,2022,-0.4241877
MAR,Morocco,rule_of_law,2021,-0.4195244
MAR,Morocco,rule_of_law,2020,-0.2969523
MAR,Morocco,rule_of_law,2019,-0.305738
MAR,Morocco,rule_of_law,2018,-0.3106371
MAR,Morocco,rule_of_law,2017,-0.3603312
MAR,Morocco,rule_of_law,2016,-0.2779122
MAR,Morocco,rule_of_law,2015,-0.3500977
MAR,Morocco,rule_of_law,2014,-0.3580666
MAR,Morocco,rule_of_law,2013,-0.4165983
MAR,Morocco,rule_of_law,2012,-0.321699
MAR,Morocco,rule_of_law,2011,-0.3624276
MAR,Morocco,rule_of_law,2010,-0.3661926
MAR,Morocco,regulatory_quality,2025,-0.0179117
MAR,Morocco,regulatory_quality,2024,-0.0427678
MAR,Morocco,regulatory_quality,2023,-0.0480585
MAR,Morocco,regulatory_quality,2022,-0.0668499
MAR,Morocco,regulatory_quality,2021,-0.0675927
MAR,Morocco,regulatory_quality,2020,0.0500585
MAR,Morocco,regulatory_quality,2019,0.0148601
MAR,Morocco,regulatory_quality,2018,-0.0947799
MAR,Morocco,regulatory_quality,2017,0.0316703
MAR,Morocco,regulatory_quality,2016,0.04375
MAR,Morocco,regulatory_quality,2015,0.1104148
MAR,Morocco,regulatory_quality,2014,0.0705582
MAR,Morocco,regulatory_quality,2013,0.0296583
MAR,Morocco,regulatory_quality,2012,0.0212488
MAR,Morocco,regulatory_quality,2011,-0.076184
MAR,Morocco,regulatory_quality,2010,0.0075841
MAR,Morocco,control_of_corruption,2025,-0.5027918
MAR,Morocco,control_of_corruption,2024,-0.5141399
MAR,Morocco,control_of_corruption,2023,-0.5637295
MAR,Morocco,control_of_corruption,2022,-0.4811719
MAR,Morocco,control_of_corruption,2021,-0.4669226
MAR,Morocco,control_of_corruption,2020,-0.4493185
MAR,Morocco,control_of_corruption,2019,-0.4713029
MAR,Morocco,control_of_corruption,2018,-0.4836393
MAR,Morocco,control_of_corruption,2017,-0.3804182
MAR,Morocco,control_of_corruption,2016,-0.3027111
MAR,Morocco,control_of_corruption,2015,-0.339211
MAR,Morocco,control_of_corruption,2014,-0.4259925
MAR,Morocco,control_of_corruption,2013,-0.4295165
MAR,Morocco,control_of_corruption,2012,-0.5169486
MAR,Morocco,control_of_corruption,2011,-0.5127307
MAR,Morocco,control_of_corruption,2010,-0.3010548
MAR,Morocco,fdi_net_inflows_pct_gdp,2025,1.81954513887835
MAR,Morocco,fdi_net_inflows_pct_gdp,2024,1.08850441035779
MAR,Morocco,fdi_net_inflows_pct_gdp,2023,0.725864122672683
MAR,Morocco,fdi_net_inflows_pct_gdp,2022,1.74814323662076
MAR,Morocco,fdi_net_inflows_pct_gdp,2021,1.59422321445366
MAR,Morocco,fdi_net_inflows_pct_gdp,2020,1.16907334587558
MAR,Morocco,fdi_net_inflows_pct_gdp,2019,1.33479789567415
MAR,Morocco,fdi_net_inflows_pct_gdp,2018,2.78337936840164
MAR,Morocco,fdi_net_inflows_pct_gdp,2017,2.26092196120538
MAR,Morocco,fdi_net_inflows_pct_gdp,2016,1.93000540251056
MAR,Morocco,fdi_net_inflows_pct_gdp,2015,2.94611108390154
MAR,Morocco,fdi_net_inflows_pct_gdp,2014,2.95925435484489
MAR,Morocco,fdi_net_inflows_pct_gdp,2013,2.9038626404404
MAR,Morocco,fdi_net_inflows_pct_gdp,2012,2.65758712641507
MAR,Morocco,fdi_net_inflows_pct_gdp,2011,2.29046840496639
MAR,Morocco,fdi_net_inflows_pct_gdp,2010,1.2299824583835
MAR,Morocco,exports_pct_gdp,2025,41.9692139163022
MAR,Morocco,exports_pct_gdp,2024,41.9985232956684
MAR,Morocco,exports_pct_gdp,2023,42.4176033594569
MAR,Morocco,exports_pct_gdp,2022,44.7116282313453
MAR,Morocco,exports_pct_gdp,2021,33.1360849405787
MAR,Morocco,exports_pct_gdp,2020,30.7941069539783
MAR,Morocco,exports_pct_gdp,2019,34.093057468891
MAR,Morocco,exports_pct_gdp,2018,33.8284373726717
MAR,Morocco,exports_pct_gdp,2017,32.6064609907781
MAR,Morocco,exports_pct_gdp,2016,30.7345951424219
MAR,Morocco,exports_pct_gdp,2015,29.9958538899695
MAR,Morocco,exports_pct_gdp,2014,30.1329866374292
MAR,Morocco,exports_pct_gdp,2013,30.2532656391617
MAR,Morocco,exports_pct_gdp,2012,32.0970961451136
MAR,Morocco,exports_pct_gdp,2011,31.9544842646976
MAR,Morocco,exports_pct_gdp,2010,29.7889486802284
MAR,Morocco,imports_pct_gdp,2025,51.1324428826402
MAR,Morocco,imports_pct_gdp,2024,50.188721310572
MAR,Morocco,imports_pct_gdp,2023,50.7002810585209
MAR,Morocco,imports_pct_gdp,2022,56.1946819703061
MAR,Morocco,imports_pct_gdp,2021,42.3873322350718
MAR,Morocco,imports_pct_gdp,2020,38.0496964364582
MAR,Morocco,imports_pct_gdp,2019,41.9050584109511
MAR,Morocco,imports_pct_gdp,2018,43.4264501517272
MAR,Morocco,imports_pct_gdp,2017,41.5668968878792
MAR,Morocco,imports_pct_gdp,2016,40.3880652392646
MAR,Morocco,imports_pct_gdp,2015,37.2928220354154
MAR,Morocco,imports_pct_gdp,2014,41.7605801165106
MAR,Morocco,imports_pct_gdp,2013,43.6044908923701
MAR,Morocco,imports_pct_gdp,2012,46.1250057504935
MAR,Morocco,imports_pct_gdp,2011,44.8713872259271
MAR,Morocco,imports_pct_gdp,2010,39.7530309299157
MAR,Morocco,official_exchange_rate_lcu_usd,2025,9.35027697089946
MAR,Morocco,official_exchange_rate_lcu_usd,2024,9.94235921679198
MAR,Morocco,official_exchange_rate_lcu_usd,2023,10.1314260970897
MAR,Morocco,official_exchange_rate_lcu_usd,2022,10.1606602430359
MAR,Morocco,official_exchange_rate_lcu_usd,2021,8.98848402414138
MAR,Morocco,official_exchange_rate_lcu_usd,2020,9.49684732221968
MAR,Morocco,official_exchange_rate_lcu_usd,2019,9.61707609950743
MAR,Morocco,official_exchange_rate_lcu_usd,2018,9.38610242091972
MAR,Morocco,official_exchange_rate_lcu_usd,2017,9.6919978888289
MAR,Morocco,official_exchange_rate_lcu_usd,2016,9.8074760315025
MAR,Morocco,official_exchange_rate_lcu_usd,2015,9.7643482795011
MAR,Morocco,official_exchange_rate_lcu_usd,2014,8.40633668826151
MAR,Morocco,official_exchange_rate_lcu_usd,2013,8.4055039167443
MAR,Morocco,official_exchange_rate_lcu_usd,2012,8.62844458333333
MAR,Morocco,official_exchange_rate_lcu_usd,2011,8.089875
MAR,Morocco,official_exchange_rate_lcu_usd,2010,8.41715833333333
MAR,Morocco,gdp_current_usd,2025,182374250612.28
MAR,Morocco,gdp_current_usd,2024,160610994054.734
MAR,Morocco,gdp_current_usd,2023,146036093666.762
MAR,Morocco,gdp_current_usd,2022,131245312804.483
MAR,Morocco,gdp_current_usd,2021,142022058447.231
MAR,Morocco,gdp_current_usd,2020,121353645057.144
MAR,Morocco,gdp_current_usd,2019,128920266409.458
MAR,Morocco,gdp_current_usd,2018,127341147581.818
MAR,Morocco,gdp_current_usd,2017,118540573367.844
MAR,Morocco,gdp_current_usd,2016,111572947004.917
MAR,Morocco,gdp_current_usd,2015,110413823841.592
MAR,Morocco,gdp_current_usd,2014,119130841411.664
MAR,Morocco,gdp_current_usd,2013,115739287305.08
MAR,Morocco,gdp_current_usd,2012,106937392311.129
MAR,Morocco,gdp_current_usd,2011,110080631332.375
MAR,Morocco,gdp_current_usd,2010,100865329473.44
MAR,Morocco,gdp_per_capita_usd,2025,4672.46826171875
MAR,Morocco,gdp_per_capita_usd,2024,4153.1943359375
MAR,Morocco,gdp_per_capita_usd,2023,3813.72607421875
MAR,Morocco,gdp_per_capita_usd,2022,3463.1376953125
MAR,Morocco,gdp_per_capita_usd,2021,3785.93627929688
MAR,Morocco,gdp_per_capita_usd,2020,3268.0302734375
MAR,Morocco,gdp_per_capita_usd,2019,3508.09765625
MAR,Morocco,gdp_per_capita_usd,2018,3501.69799804688
MAR,Morocco,gdp_per_capita_usd,2017,3296.52661132813
MAR,Morocco,gdp_per_capita_usd,2016,3140.85546875
MAR,Morocco,gdp_per_capita_usd,2015,3146.24780273438
MAR,Morocco,gdp_per_capita_usd,2014,3435.40698242188
MAR,Morocco,gdp_per_capita_usd,2013,3379.7431640625
MAR,Morocco,gdp_per_capita_usd,2012,3164.17724609375
MAR,Morocco,gdp_per_capita_usd,2011,3301.98876953125
MAR,Morocco,gdp_per_capita_usd,2010,3067.9853515625
MAR,Morocco,total_reserves_usd,2025,48453629604.8779
MAR,Morocco,total_reserves_usd,2024,37133907722.7893
MAR,Morocco,total_reserves_usd,2023,36327701787.7522
MAR,Morocco,total_reserves_usd,2022,32314245660.4383
MAR,Morocco,total_reserves_usd,2021,35648269520.1527
MAR,Morocco,total_reserves_usd,2020,35997639773.4544
MAR,Morocco,total_reserves_usd,2019,26412762236.8499
MAR,Morocco,total_reserves_usd,2018,24461023093.2087
MAR,Morocco,total_reserves_usd,2017,26189585939.2966
MAR,Morocco,total_reserves_usd,2016,25096263443.7989
MAR,Morocco,total_reserves_usd,2015,22749566243.6605
MAR,Morocco,total_reserves_usd,2014,20272045638.8486
MAR,Morocco,total_reserves_usd,2013,18797794939.8508
MAR,Morocco,total_reserves_usd,2012,17138210439.2506
MAR,Morocco,total_reserves_usd,2011,20167412691.7065
MAR,Morocco,total_reserves_usd,2010,23709466593.9931
MAR,Morocco,unemployment_rate,2025,9.0
MAR,Morocco,unemployment_rate,2024,9.103
MAR,Morocco,unemployment_rate,2023,8.896
MAR,Morocco,unemployment_rate,2022,9.413
MAR,Morocco,unemployment_rate,2021,10.551
MAR,Morocco,unemployment_rate,2020,11.189
MAR,Morocco,unemployment_rate,2019,9.191
MAR,Morocco,unemployment_rate,2018,9.272
MAR,Morocco,unemployment_rate,2017,9.22
MAR,Morocco,unemployment_rate,2016,9.3
MAR,Morocco,unemployment_rate,2015,9.46
MAR,Morocco,unemployment_rate,2014,9.7
MAR,Morocco,unemployment_rate,2013,9.23
MAR,Morocco,unemployment_rate,2012,8.99
MAR,Morocco,unemployment_rate,2011,8.91
MAR,Morocco,unemployment_rate,2010,9.09
MAR,Morocco,youth_unemployment_rate,2025,21.882
MAR,Morocco,youth_unemployment_rate,2024,22.372
MAR,Morocco,youth_unemployment_rate,2023,21.974
MAR,Morocco,youth_unemployment_rate,2022,22.713
MAR,Morocco,youth_unemployment_rate,2021,25.053
MAR,Morocco,youth_unemployment_rate,2020,26.795
MAR,Morocco,youth_unemployment_rate,2019,22.475
MAR,Morocco,youth_unemployment_rate,2018,22.431
MAR,Morocco,youth_unemployment_rate,2017,22.167
MAR,Morocco,youth_unemployment_rate,2016,22.265
MAR,Morocco,youth_unemployment_rate,2015,20.826
MAR,Morocco,youth_unemployment_rate,2014,19.97
MAR,Morocco,youth_unemployment_rate,2013,19.162
MAR,Morocco,youth_unemployment_rate,2012,18.642
MAR,Morocco,youth_unemployment_rate,2011,17.931
MAR,Morocco,youth_unemployment_rate,2010,17.621
MAR,Morocco,gini_index,2013,39.5
OMN,Oman,current_account_pct_gdp,2025,-1.09295839165433
OMN,Oman,current_account_pct_gdp,2024,3.57023894433876
OMN,Oman,current_account_pct_gdp,2023,2.03071139267248
OMN,Oman,current_account_pct_gdp,2022,3.65021452080102
OMN,Oman,current_account_pct_gdp,2021,-5.53764911438897
OMN,Oman,current_account_pct_gdp,2020,-16.6107722960328
OMN,Oman,current_account_pct_gdp,2019,-4.91818869978251
OMN,Oman,current_account_pct_gdp,2018,-4.85027419563218
OMN,Oman,current_account_pct_gdp,2017,-13.6143943671897
OMN,Oman,current_account_pct_gdp,2016,-16.6107645205386
OMN,Oman,current_account_pct_gdp,2015,-13.7812835379107
OMN,Oman,current_account_pct_gdp,2014,4.62995815380295
OMN,Oman,current_account_pct_gdp,2013,5.87992091672238
OMN,Oman,current_account_pct_gdp,2012,8.99068507231773
OMN,Oman,current_account_pct_gdp,2011,11.4435714770698
OMN,Oman,current_account_pct_gdp,2010,7.59476361744697
OMN,Oman,reserves_months_imports,2024,3.74372481422508
OMN,Oman,reserves_months_imports,2023,3.81657981606791
OMN,Oman,reserves_months_imports,2022,3.70600673637266
OMN,Oman,reserves_months_imports,2021,5.2540951955933
OMN,Oman,reserves_months_imports,2020,4.48086343653316
OMN,Oman,reserves_months_imports,2019,5.0046927367051
OMN,Oman,reserves_months_imports,2018,4.97765718217376
OMN,Oman,reserves_months_imports,2017,4.94495511746355
OMN,Oman,reserves_months_imports,2016,7.11426799298372
OMN,Oman,reserves_months_imports,2015,5.31284073750932
OMN,Oman,reserves_months_imports,2014,4.52170368798391
OMN,Oman,reserves_months_imports,2013,4.07750628970271
OMN,Oman,reserves_months_imports,2012,4.36417390706346
OMN,Oman,reserves_months_imports,2011,5.05999040118842
OMN,Oman,reserves_months_imports,2010,5.47673202539588
OMN,Oman,gdp_growth,2025,2.39787382295398
OMN,Oman,gdp_growth,2024,1.63163231397978
OMN,Oman,gdp_growth,2023,1.41401383200161
OMN,Oman,gdp_growth,2022,7.98570728354278
OMN,Oman,gdp_growth,2021,2.5821749892893
OMN,Oman,gdp_growth,2020,-3.37972052697999
OMN,Oman,gdp_growth,2019,-1.12863801728058
OMN,Oman,gdp_growth,2018,1.28710391543288
OMN,Oman,gdp_growth,2017,0.304057565922449
OMN,Oman,gdp_growth,2016,5.04642394571691
OMN,Oman,gdp_growth,2015,5.01705799719045
OMN,Oman,gdp_growth,2014,1.29225229411081
OMN,Oman,gdp_growth,2013,5.22770408145942
OMN,Oman,gdp_growth,2012,8.86312225557018
OMN,Oman,gdp_growth,2011,2.89460973541192
OMN,Oman,gdp_growth,2010,2.47199856582773
OMN,Oman,inflation,2025,0.967741935483927
OMN,Oman,inflation,2024,0.593589236248469
OMN,Oman,inflation,2023,0.950782997762827
OMN,Oman,inflation,2022,2.50614250614249
OMN,Oman,inflation,2021,1.68221185876084
OMN,Oman,inflation,2020,-0.406402919465849
OMN,Oman,inflation,2019,0.490815362820671
OMN,Oman,inflation,2018,0.889312370970403
OMN,Oman,inflation,2017,1.58909413567798
OMN,Oman,inflation,2016,1.10920805807026
OMN,Oman,inflation,2015,0.0652901330286599
OMN,Oman,inflation,2014,1.01401483924155
OMN,Oman,inflation,2013,1.05354820265931
OMN,Oman,inflation,2012,2.94773495257209
OMN,Oman,inflation,2011,4.0421886711639
OMN,Oman,inflation,2010,3.25657959078624
OMN,Oman,political_stability,2025,0.5951274
OMN,Oman,political_stability,2024,0.6371235
OMN,Oman,political_stability,2023,0.5375965
OMN,Oman,political_stability,2022,0.4311046
OMN,Oman,political_stability,2021,0.3783007
OMN,Oman,political_stability,2020,0.4604844
OMN,Oman,political_stability,2019,0.500382
OMN,Oman,political_stability,2018,0.5228046
OMN,Oman,political_stability,2017,0.5296682
OMN,Oman,political_stability,2016,0.4889417
OMN,Oman,political_stability,2015,0.6016873
OMN,Oman,political_stability,2014,0.5537218
OMN,Oman,political_stability,2013,0.3279538
OMN,Oman,political_stability,2012,0.3860959
OMN,Oman,political_stability,2011,0.3055747
OMN,Oman,political_stability,2010,0.5940596
OMN,Oman,government_effectiveness,2025,0.3804683
OMN,Oman,government_effectiveness,2024,0.4485897
OMN,Oman,government_effectiveness,2023,0.2458947
OMN,Oman,government_effectiveness,2022,0.2659053
OMN,Oman,government_effectiveness,2021,0.0525382
OMN,Oman,government_effectiveness,2020,0.052149
OMN,Oman,government_effectiveness,2019,0.1508997
OMN,Oman,government_effectiveness,2018,0.0724876
OMN,Oman,government_effectiveness,2017,0.0721091
OMN,Oman,government_effectiveness,2016,0.1165778
OMN,Oman,government_effectiveness,2015,0.0521853
OMN,Oman,government_effectiveness,2014,0.1010682
OMN,Oman,government_effectiveness,2013,-0.0373496
OMN,Oman,government_effectiveness,2012,0.0187683
OMN,Oman,government_effectiveness,2011,0.0581984
OMN,Oman,government_effectiveness,2010,0.1904385
OMN,Oman,rule_of_law,2025,0.5018684
OMN,Oman,rule_of_law,2024,0.4763055
OMN,Oman,rule_of_law,2023,0.3756839
OMN,Oman,rule_of_law,2022,0.360824
OMN,Oman,rule_of_law,2021,0.2298238
OMN,Oman,rule_of_law,2020,0.2636836
OMN,Oman,rule_of_law,2019,0.2558083
OMN,Oman,rule_of_law,2018,0.2020833
OMN,Oman,rule_of_law,2017,0.1982846
OMN,Oman,rule_of_law,2016,0.239099
OMN,Oman,rule_of_law,2015,0.2389962
OMN,Oman,rule_of_law,2014,0.2305701
OMN,Oman,rule_of_law,2013,0.3038503
OMN,Oman,rule_of_law,2012,0.3352666
OMN,Oman,rule_of_law,2011,0.2717872
OMN,Oman,rule_of_law,2010,0.4307648
OMN,Oman,regulatory_quality,2025,0.6926743
OMN,Oman,regulatory_quality,2024,0.6538909
OMN,Oman,regulatory_quality,2023,0.4842317
OMN,Oman,regulatory_quality,2022,0.5023853
OMN,Oman,regulatory_quality,2021,0.4364416
OMN,Oman,regulatory_quality,2020,0.4907479
OMN,Oman,regulatory_quality,2019,0.5170524
OMN,Oman,regulatory_quality,2018,0.5314406
OMN,Oman,regulatory_quality,2017,0.7002393
OMN,Oman,regulatory_quality,2016,0.6883425
OMN,Oman,regulatory_quality,2015,0.645213
OMN,Oman,regulatory_quality,2014,0.7416696
OMN,Oman,regulatory_quality,2013,0.7684799
OMN,Oman,regulatory_quality,2012,0.7896318
OMN,Oman,regulatory_quality,2011,0.7138522
OMN,Oman,regulatory_quality,2010,0.8191963
OMN,Oman,control_of_corruption,2025,0.5029936
OMN,Oman,control_of_corruption,2024,0.5064127
OMN,Oman,control_of_corruption,2023,0.2237572
OMN,Oman,control_of_corruption,2022,0.0143951
OMN,Oman,control_of_corruption,2021,0.0212797
OMN,Oman,control_of_corruption,2020,0.0208865
OMN,Oman,control_of_corruption,2019,0.1580546
OMN,Oman,control_of_corruption,2018,-0.022778
OMN,Oman,control_of_corruption,2017,-0.0235651
OMN,Oman,control_of_corruption,2016,-0.0231045
OMN,Oman,control_of_corruption,2015,-0.0030783
OMN,Oman,control_of_corruption,2014,0.0100374
OMN,Oman,control_of_corruption,2013,-0.0676927
OMN,Oman,control_of_corruption,2012,-0.0284755
OMN,Oman,control_of_corruption,2011,-0.0382416
OMN,Oman,control_of_corruption,2010,0.2720039
OMN,Oman,fdi_net_inflows_pct_gdp,2025,6.15593965736605
OMN,Oman,fdi_net_inflows_pct_gdp,2024,8.7089818298416
OMN,Oman,fdi_net_inflows_pct_gdp,2023,11.8157929128229
OMN,Oman,fdi_net_inflows_pct_gdp,2022,6.25544528201825
OMN,Oman,fdi_net_inflows_pct_gdp,2021,10.015189421015
OMN,Oman,fdi_net_inflows_pct_gdp,2020,2.51548624054379
OMN,Oman,fdi_net_inflows_pct_gdp,2019,2.26908923371353
OMN,Oman,fdi_net_inflows_pct_gdp,2018,6.12067985447931
OMN,Oman,fdi_net_inflows_pct_gdp,2017,3.56005583896762
OMN,Oman,fdi_net_inflows_pct_gdp,2016,3.01624952400734
OMN,Oman,fdi_net_inflows_pct_gdp,2015,-2.76001757846703
OMN,Oman,fdi_net_inflows_pct_gdp,2014,1.3876575353227
OMN,Oman,fdi_net_inflows_pct_gdp,2013,1.79286446946825
OMN,Oman,fdi_net_inflows_pct_gdp,2012,1.5612029028198
OMN,Oman,fdi_net_inflows_pct_gdp,2011,2.10218875218974
OMN,Oman,fdi_net_inflows_pct_gdp,2010,1.91196478591436
OMN,Oman,exports_pct_gdp,2024,66.072566156431
OMN,Oman,exports_pct_gdp,2023,61.5843427989208
OMN,Oman,exports_pct_gdp,2022,63.2505019129513
OMN,Oman,exports_pct_gdp,2021,53.329759351918
OMN,Oman,exports_pct_gdp,2020,47.0548733691481
OMN,Oman,exports_pct_gdp,2019,49.4929030047786
OMN,Oman,exports_pct_gdp,2018,50.6224420190996
OMN,Oman,exports_pct_gdp,2017,45.7165464756476
OMN,Oman,exports_pct_gdp,2016,41.3196247446948
OMN,Oman,exports_pct_gdp,2015,49.652560938135
OMN,Oman,exports_pct_gdp,2014,61.4401786616091
OMN,Oman,exports_pct_gdp,2013,66.0316248510717
OMN,Oman,exports_pct_gdp,2012,62.7218547578454
OMN,Oman,exports_pct_gdp,2011,63.9174704172791
OMN,Oman,exports_pct_gdp,2010,59.0956382553021
OMN,Oman,imports_pct_gdp,2024,48.7801054403878
OMN,Oman,imports_pct_gdp,2023,44.8623883036834
OMN,Oman,imports_pct_gdp,2022,42.4945073677033
OMN,Oman,imports_pct_gdp,2021,42.6197283774124
OMN,Oman,imports_pct_gdp,2020,44.8210174322991
OMN,Oman,imports_pct_gdp,2019,36.9852980265451
OMN,Oman,imports_pct_gdp,2018,38.6567758071851
OMN,Oman,imports_pct_gdp,2017,43.236601542648
OMN,Oman,imports_pct_gdp,2016,41.5446394571953
OMN,Oman,imports_pct_gdp,2015,46.7250192470997
OMN,Oman,imports_pct_gdp,2014,40.8385424265209
OMN,Oman,imports_pct_gdp,2013,46.511896912702
OMN,Oman,imports_pct_gdp,2012,39.3529056464546
OMN,Oman,imports_pct_gdp,2011,37.7242615226627
OMN,Oman,imports_pct_gdp,2010,37.2909163665466
OMN,Oman,official_exchange_rate_lcu_usd,2025,0.3845
OMN,Oman,official_exchange_rate_lcu_usd,2024,0.3845
OMN,Oman,official_exchange_rate_lcu_usd,2023,0.3845
OMN,Oman,official_exchange_rate_lcu_usd,2022,0.3845
OMN,Oman,official_exchange_rate_lcu_usd,2021,0.3845
OMN,Oman,official_exchange_rate_lcu_usd,2020,0.3845
OMN,Oman,official_exchange_rate_lcu_usd,2019,0.3845
OMN,Oman,official_exchange_rate_lcu_usd,2018,0.3845
OMN,Oman,official_exchange_rate_lcu_usd,2017,0.3845
OMN,Oman,official_exchange_rate_lcu_usd,2016,0.3845
OMN,Oman,official_exchange_rate_lcu_usd,2015,0.3845
OMN,Oman,official_exchange_rate_lcu_usd,2014,0.3845
OMN,Oman,official_exchange_rate_lcu_usd,2013,0.3845
OMN,Oman,official_exchange_rate_lcu_usd,2012,0.3845
OMN,Oman,official_exchange_rate_lcu_usd,2011,0.3845
OMN,Oman,official_exchange_rate_lcu_usd,2010,0.3845
OMN,Oman,gdp_current_usd,2025,109604780696.23
OMN,Oman,gdp_current_usd,2024,107137198699.61
OMN,Oman,gdp_current_usd,2023,106174707932.38
OMN,Oman,gdp_current_usd,2022,109852795838.752
OMN,Oman,gdp_current_usd,2021,87323797139.1417
OMN,Oman,gdp_current_usd,2020,75909492847.8544
OMN,Oman,gdp_current_usd,2019,88060858257.4772
OMN,Oman,gdp_current_usd,2018,91505851755.5267
OMN,Oman,gdp_current_usd,2017,80856697009.1027
OMN,Oman,gdp_current_usd,2016,75128738621.5865
OMN,Oman,gdp_current_usd,2015,78710793237.9714
OMN,Oman,gdp_current_usd,2014,92699089726.9181
OMN,Oman,gdp_current_usd,2013,89936020806.2419
OMN,Oman,gdp_current_usd,2012,87408842652.7958
OMN,Oman,gdp_current_usd,2011,77497529258.7776
OMN,Oman,gdp_current_usd,2010,64993498049.4148
OMN,Oman,gdp_per_capita_usd,2025,19947.3966227092
OMN,Oman,gdp_per_capita_usd,2024,20285.2272765262
OMN,Oman,gdp_per_capita_usd,2023,21027.7384572657
OMN,Oman,gdp_per_capita_usd,2022,23223.5829405935
OMN,Oman,gdp_per_capita_usd,2021,19403.4600160211
OMN,Oman,gdp_per_capita_usd,2020,16784.8630630058
OMN,Oman,gdp_per_capita_usd,2019,19180.1864152801
OMN,Oman,gdp_per_capita_usd,2018,19901.7615642016
OMN,Oman,gdp_per_capita_usd,2017,17820.0661809335
OMN,Oman,gdp_per_capita_usd,2016,17110.1897460545
OMN,Oman,gdp_per_capita_usd,2015,18808.3077921839
OMN,Oman,gdp_per_capita_usd,2014,23160.6502252547
OMN,Oman,gdp_per_capita_usd,2013,23458.0233840053
OMN,Oman,gdp_per_capita_usd,2012,24642.2978768596
OMN,Oman,gdp_per_capita_usd,2011,25188.0074151885
OMN,Oman,gdp_per_capita_usd,2010,23570.1798147325
OMN,Oman,total_reserves_usd,2024,18286526117.9972
OMN,Oman,total_reserves_usd,2023,17454630668.5071
OMN,Oman,total_reserves_usd,2022,17606348634.1577
OMN,Oman,total_reserves_usd,2021,19730879938.0595
OMN,Oman,total_reserves_usd,2020,15007356725.394
OMN,Oman,total_reserves_usd,2019,16661756725.189
OMN,Oman,total_reserves_usd,2018,17388370607.2955
OMN,Oman,total_reserves_usd,2017,16088803822.7708
OMN,Oman,total_reserves_usd,2016,20262241805.121
OMN,Oman,total_reserves_usd,2015,17543980312.7004
OMN,Oman,total_reserves_usd,2014,16324457251.6461
OMN,Oman,total_reserves_usd,2013,15951037291.2884
OMN,Oman,total_reserves_usd,2012,14401122657.9675
OMN,Oman,total_reserves_usd,2011,14366193706.024
OMN,Oman,total_reserves_usd,2010,13025235620.4615
OMN,Oman,unemployment_rate,2025,3.251
OMN,Oman,unemployment_rate,2024,3.203
OMN,Oman,unemployment_rate,2023,3.176
OMN,Oman,unemployment_rate,2022,3.3
OMN,Oman,unemployment_rate,2021,1.9
OMN,Oman,unemployment_rate,2020,2.94
OMN,Oman,unemployment_rate,2019,2.045
OMN,Oman,unemployment_rate,2018,1.8
OMN,Oman,unemployment_rate,2017,2.523
OMN,Oman,unemployment_rate,2016,3.266
OMN,Oman,unemployment_rate,2015,3.403
OMN,Oman,unemployment_rate,2014,3.453
OMN,Oman,unemployment_rate,2013,3.553
OMN,Oman,unemployment_rate,2012,3.753
OMN,Oman,unemployment_rate,2011,3.95
OMN,Oman,unemployment_rate,2010,3.911
OMN,Oman,youth_unemployment_rate,2025,13.885
OMN,Oman,youth_unemployment_rate,2024,13.524
OMN,Oman,youth_unemployment_rate,2023,13.594
OMN,Oman,youth_unemployment_rate,2022,14.562
OMN,Oman,youth_unemployment_rate,2021,9.097
OMN,Oman,youth_unemployment_rate,2020,13.523
OMN,Oman,youth_unemployment_rate,2019,9.015
OMN,Oman,youth_unemployment_rate,2018,7.851
OMN,Oman,youth_unemployment_rate,2017,11.058
OMN,Oman,youth_unemployment_rate,2016,14.199
OMN,Oman,youth_unemployment_rate,2015,15.152
OMN,Oman,youth_unemployment_rate,2014,15.327
OMN,Oman,youth_unemployment_rate,2013,15.453
OMN,Oman,youth_unemployment_rate,2012,15.655
OMN,Oman,youth_unemployment_rate,2011,15.209
OMN,Oman,youth_unemployment_rate,2010,13.873
PSE,Palestine,current_account_pct_gdp,2025,-15.8215746940007
PSE,Palestine,current_account_pct_gdp,2024,-18.0999264452663
PSE,Palestine,current_account_pct_gdp,2023,-15.5371822753305
PSE,Palestine,current_account_pct_gdp,2022,-10.626522987378
PSE,Palestine,current_account_pct_gdp,2021,-9.81804738509631
PSE,Palestine,current_account_pct_gdp,2020,-12.251111498554
PSE,Palestine,current_account_pct_gdp,2019,-10.3854804313719
PSE,Palestine,current_account_pct_gdp,2018,-13.1500305467431
PSE,Palestine,current_account_pct_gdp,2017,-13.2065607876551
PSE,Palestine,current_account_pct_gdp,2016,-13.90776226662
PSE,Palestine,current_account_pct_gdp,2015,-13.8789175930847
PSE,Palestine,current_account_pct_gdp,2014,-13.5869104014544
PSE,Palestine,current_account_pct_gdp,2013,-14.7723926183375
PSE,Palestine,current_account_pct_gdp,2012,-14.917075141058
PSE,Palestine,current_account_pct_gdp,2011,-18.500705760576
PSE,Palestine,current_account_pct_gdp,2010,-13.4993932332553
PSE,Palestine,reserves_months_imports,2025,2.34819177993939
PSE,Palestine,reserves_months_imports,2024,1.90727837913163
PSE,Palestine,reserves_months_imports,2023,1.34968969559463
PSE,Palestine,reserves_months_imports,2022,0.867681729377903
PSE,Palestine,reserves_months_imports,2021,1.0227581251269
PSE,Palestine,reserves_months_imports,2020,1.01706322743793
PSE,Palestine,reserves_months_imports,2019,0.845641204299452
PSE,Palestine,reserves_months_imports,2018,0.699911223141067
PSE,Palestine,reserves_months_imports,2017,0.615717802392961
PSE,Palestine,reserves_months_imports,2016,0.469778606419567
PSE,Palestine,reserves_months_imports,2015,0.901149838647809
PSE,Palestine,reserves_months_imports,2014,1.09049149181729
PSE,Palestine,reserves_months_imports,2013,1.18324871085987
PSE,Palestine,reserves_months_imports,2012,1.24818038165305
PSE,Palestine,reserves_months_imports,2011,1.02737618447542
PSE,Palestine,reserves_months_imports,2010,1.18623230311646
PSE,Palestine,gdp_growth,2025,4.34444072337577
PSE,Palestine,gdp_growth,2024,-22.8573273913324
PSE,Palestine,gdp_growth,2023,-0.97217780620403
PSE,Palestine,gdp_growth,2022,4.08276027347105
PSE,Palestine,gdp_growth,2021,7.01198227592003
PSE,Palestine,gdp_growth,2020,-11.3184661065134
PSE,Palestine,gdp_growth,2019,1.36268746558062
PSE,Palestine,gdp_growth,2018,1.22707737782703
PSE,Palestine,gdp_growth,2017,1.41936756294787
PSE,Palestine,gdp_growth,2016,8.86461881995935
PSE,Palestine,gdp_growth,2015,3.72129967114788
PSE,Palestine,gdp_growth,2014,-0.157866650855297
PSE,Palestine,gdp_growth,2013,4.69856986552234
PSE,Palestine,gdp_growth,2012,6.09645656326154
PSE,Palestine,gdp_growth,2011,9.60080848913594
PSE,Palestine,gdp_growth,2010,5.77736205629419
PSE,Palestine,inflation,2025,9.80840118100493
PSE,Palestine,inflation,2024,53.6691458303782
PSE,Palestine,inflation,2023,5.87110177678987
PSE,Palestine,inflation,2022,3.74122391852077
PSE,Palestine,inflation,2021,1.23748102831368
PSE,Palestine,inflation,2020,-0.73533200109219
PSE,Palestine,inflation,2019,1.58018333639455
PSE,Palestine,inflation,2018,-0.195107773730734
PSE,Palestine,inflation,2017,0.212570934228881
PSE,Palestine,inflation,2016,-0.219106604907315
PSE,Palestine,inflation,2015,1.43161145810476
PSE,Palestine,inflation,2014,1.73298510037447
PSE,Palestine,inflation,2013,1.7243993362693
PSE,Palestine,inflation,2012,2.77908768282492
PSE,Palestine,inflation,2011,2.8772435849594
PSE,Palestine,inflation,2010,3.74915727597096
PSE,Palestine,political_stability,2025,-1.910581
PSE,Palestine,political_stability,2024,-1.8775186
PSE,Palestine,political_stability,2023,-1.6265534
PSE,Palestine,political_stability,2022,-1.5504942
PSE,Palestine,political_stability,2021,-1.6554972
PSE,Palestine,political_stability,2020,-1.7548329
PSE,Palestine,political_stability,2019,-1.5523039
PSE,Palestine,political_stability,2018,-1.5031644
PSE,Palestine,political_stability,2017,-1.4028529
PSE,Palestine,political_stability,2016,-1.7059194
PSE,Palestine,political_stability,2015,-1.7572102
PSE,Palestine,political_stability,2014,-1.6952547
PSE,Palestine,political_stability,2013,-1.7990737
PSE,Palestine,political_stability,2012,-1.9533616
PSE,Palestine,political_stability,2011,-1.8832324
PSE,Palestine,political_stability,2010,-1.7680705
PSE,Palestine,government_effectiveness,2025,-1.3173044
PSE,Palestine,government_effectiveness,2024,-1.3392246
PSE,Palestine,government_effectiveness,2023,-1.2794519
PSE,Palestine,government_effectiveness,2022,-0.9770754
PSE,Palestine,government_effectiveness,2021,-0.9313785
PSE,Palestine,government_effectiveness,2020,-0.768889
PSE,Palestine,government_effectiveness,2019,-0.7639386
PSE,Palestine,government_effectiveness,2018,-0.6085345
PSE,Palestine,government_effectiveness,2017,-0.3775498
PSE,Palestine,government_effectiveness,2016,-0.5610679
PSE,Palestine,government_effectiveness,2015,-0.5058986
PSE,Palestine,government_effectiveness,2014,-0.4640382
PSE,Palestine,government_effectiveness,2013,-0.6414092
PSE,Palestine,government_effectiveness,2012,-0.6465828
PSE,Palestine,government_effectiveness,2011,-0.6276184
PSE,Palestine,government_effectiveness,2010,-0.4374966
PSE,Palestine,rule_of_law,2025,-0.9613304
PSE,Palestine,rule_of_law,2024,-0.9839869
PSE,Palestine,rule_of_law,2023,-0.8764293
PSE,Palestine,rule_of_law,2022,-0.8337703
PSE,Palestine,rule_of_law,2021,-0.875095
PSE,Palestine,rule_of_law,2020,-0.8686197
PSE,Palestine,rule_of_law,2019,-0.8386563
PSE,Palestine,rule_of_law,2018,-0.8621738
PSE,Palestine,rule_of_law,2017,-0.7914958
PSE,Palestine,rule_of_law,2016,-0.7787806
PSE,Palestine,rule_of_law,2015,-0.8594525
PSE,Palestine,rule_of_law,2014,-0.7508943
PSE,Palestine,rule_of_law,2013,-0.7625458
PSE,Palestine,rule_of_law,2012,-0.7283837
PSE,Palestine,rule_of_law,2011,-0.7270412
PSE,Palestine,rule_of_law,2010,-0.5171984
PSE,Palestine,regulatory_quality,2025,-0.4065393
PSE,Palestine,regulatory_quality,2024,-0.4050483
PSE,Palestine,regulatory_quality,2023,-0.3120301
PSE,Palestine,regulatory_quality,2022,-0.0914461
PSE,Palestine,regulatory_quality,2021,-0.0886125
PSE,Palestine,regulatory_quality,2020,-0.0877932
PSE,Palestine,regulatory_quality,2019,-0.0850257
PSE,Palestine,regulatory_quality,2018,-0.0868653
PSE,Palestine,regulatory_quality,2017,0.0050796
PSE,Palestine,regulatory_quality,2016,-0.0894277
PSE,Palestine,regulatory_quality,2015,-0.1023538
PSE,Palestine,regulatory_quality,2014,-0.1047254
PSE,Palestine,regulatory_quality,2013,-0.2906151
PSE,Palestine,regulatory_quality,2012,-0.2902825
PSE,Palestine,regulatory_quality,2011,0.0279137
PSE,Palestine,regulatory_quality,2010,0.1316256
PSE,Palestine,control_of_corruption,2025,-0.5839144
PSE,Palestine,control_of_corruption,2024,-0.5698689
PSE,Palestine,control_of_corruption,2023,-0.5983963
PSE,Palestine,control_of_corruption,2022,-0.5725882
PSE,Palestine,control_of_corruption,2021,-0.5918645
PSE,Palestine,control_of_corruption,2020,-0.5374751
PSE,Palestine,control_of_corruption,2019,-0.3199875
PSE,Palestine,control_of_corruption,2018,-0.3056994
PSE,Palestine,control_of_corruption,2017,-0.3098124
PSE,Palestine,control_of_corruption,2016,-0.2843743
PSE,Palestine,control_of_corruption,2015,-0.4574386
PSE,Palestine,control_of_corruption,2014,-0.43501
PSE,Palestine,control_of_corruption,2013,-0.3368243
PSE,Palestine,control_of_corruption,2012,-0.4315655
PSE,Palestine,control_of_corruption,2011,-0.4650906
PSE,Palestine,control_of_corruption,2010,-0.0195116
PSE,Palestine,fdi_net_inflows_pct_gdp,2025,1.9212691698858
PSE,Palestine,fdi_net_inflows_pct_gdp,2024,1.01253497329187
PSE,Palestine,fdi_net_inflows_pct_gdp,2023,0.555593283570762
PSE,Palestine,fdi_net_inflows_pct_gdp,2022,1.62179695015304
PSE,Palestine,fdi_net_inflows_pct_gdp,2021,1.95194132723981
PSE,Palestine,fdi_net_inflows_pct_gdp,2020,0.513433766585376
PSE,Palestine,fdi_net_inflows_pct_gdp,2019,0.769720046510608
PSE,Palestine,fdi_net_inflows_pct_gdp,2018,1.29446294401352
PSE,Palestine,fdi_net_inflows_pct_gdp,2017,1.14056698202946
PSE,Palestine,fdi_net_inflows_pct_gdp,2016,1.92447798073354
PSE,Palestine,fdi_net_inflows_pct_gdp,2015,0.751035803856381
PSE,Palestine,fdi_net_inflows_pct_gdp,2014,1.14163752860063
PSE,Palestine,fdi_net_inflows_pct_gdp,2013,1.40253913684002
PSE,Palestine,fdi_net_inflows_pct_gdp,2012,0.515918270255689
PSE,Palestine,fdi_net_inflows_pct_gdp,2011,2.13515604683715
PSE,Palestine,fdi_net_inflows_pct_gdp,2010,1.85860711452246
PSE,Palestine,exports_pct_gdp,2025,21.2278136668395
PSE,Palestine,exports_pct_gdp,2024,21.8525432511909
PSE,Palestine,exports_pct_gdp,2023,16.9958841111666
PSE,Palestine,exports_pct_gdp,2022,18.4362526414651
PSE,Palestine,exports_pct_gdp,2021,17.3411011099453
PSE,Palestine,exports_pct_gdp,2020,15.3576234410914
PSE,Palestine,exports_pct_gdp,2019,15.5210552426533
PSE,Palestine,exports_pct_gdp,2018,15.961564454493
PSE,Palestine,exports_pct_gdp,2017,15.7242063492063
PSE,Palestine,exports_pct_gdp,2016,14.3267945006296
PSE,Palestine,exports_pct_gdp,2015,16.0623801208096
PSE,Palestine,exports_pct_gdp,2014,15.8230698299463
PSE,Palestine,exports_pct_gdp,2013,15.6198438829492
PSE,Palestine,exports_pct_gdp,2012,15.3263326889683
PSE,Palestine,exports_pct_gdp,2011,16.0860353474401
PSE,Palestine,exports_pct_gdp,2010,14.1228115477973
PSE,Palestine,imports_pct_gdp,2025,53.5326292734358
PSE,Palestine,imports_pct_gdp,2024,52.7355480773433
PSE,Palestine,imports_pct_gdp,2023,59.1775735037644
PSE,Palestine,imports_pct_gdp,2022,63.9586757454802
PSE,Palestine,imports_pct_gdp,2021,55.7424485062676
PSE,Palestine,imports_pct_gdp,2020,51.9305678064861
PSE,Palestine,imports_pct_gdp,2019,53.4724370385502
PSE,Palestine,imports_pct_gdp,2018,55.439710996154
PSE,Palestine,imports_pct_gdp,2017,52.7244543650794
PSE,Palestine,imports_pct_gdp,2016,51.0957196827087
PSE,Palestine,imports_pct_gdp,2015,54.7185880736309
PSE,Palestine,imports_pct_gdp,2014,51.9167673359686
PSE,Palestine,imports_pct_gdp,2013,50.6514742332877
PSE,Palestine,imports_pct_gdp,2012,51.6029946594148
PSE,Palestine,imports_pct_gdp,2011,51.1634975550013
PSE,Palestine,imports_pct_gdp,2010,54.3748386097196
PSE,Palestine,gdp_current_usd,2025,17167100000.0
PSE,Palestine,gdp_current_usd,2024,16016900000.0
PSE,Palestine,gdp_current_usd,2023,18635100000.0
PSE,Palestine,gdp_current_usd,2022,19165500000.0
PSE,Palestine,gdp_current_usd,2021,18109000000.0
PSE,Palestine,gdp_current_usd,2020,15531700000.0
PSE,Palestine,gdp_current_usd,2019,17133500000.0
PSE,Palestine,gdp_current_usd,2018,16276600000.0
PSE,Palestine,gdp_current_usd,2017,16128000000.0
PSE,Palestine,gdp_current_usd,2016,15405400000.0
PSE,Palestine,gdp_current_usd,2015,13972400000.0
PSE,Palestine,gdp_current_usd,2014,13989700000.0
PSE,Palestine,gdp_current_usd,2013,13515500000.0
PSE,Palestine,gdp_current_usd,2012,12208400000.0
PSE,Palestine,gdp_current_usd,2011,11186100000.0
PSE,Palestine,gdp_current_usd,2010,9681500000.0
PSE,Palestine,gdp_per_capita_usd,2025,3171.10844621579
PSE,Palestine,gdp_per_capita_usd,2024,3028.25481286981
PSE,Palestine,gdp_per_capita_usd,2023,3607.41611858821
PSE,Palestine,gdp_per_capita_usd,2022,3799.95527015163
PSE,Palestine,gdp_per_capita_usd,2021,3678.63565662194
PSE,Palestine,gdp_per_capita_usd,2020,3233.56863835858
PSE,Palestine,gdp_per_capita_usd,2019,3656.85827137011
PSE,Palestine,gdp_per_capita_usd,2018,3562.33094270256
PSE,Palestine,gdp_per_capita_usd,2017,3620.36048715937
PSE,Palestine,gdp_per_capita_usd,2016,3527.61382413178
PSE,Palestine,gdp_per_capita_usd,2015,3272.15432360708
PSE,Palestine,gdp_per_capita_usd,2014,3352.11259506043
PSE,Palestine,gdp_per_capita_usd,2013,3315.29753909282
PSE,Palestine,gdp_per_capita_usd,2012,3067.43872735614
PSE,Palestine,gdp_per_capita_usd,2011,2880.79843707909
PSE,Palestine,gdp_per_capita_usd,2010,2557.07562356699
PSE,Palestine,total_reserves_usd,2025,1825200000.0
PSE,Palestine,total_reserves_usd,2024,1328000000.0
PSE,Palestine,total_reserves_usd,2023,1323200000.0
PSE,Palestine,total_reserves_usd,2022,896900000.0
PSE,Palestine,total_reserves_usd,2021,872540971.01
PSE,Palestine,total_reserves_usd,2020,697074683.28
PSE,Palestine,total_reserves_usd,2019,658352116.3
PSE,Palestine,total_reserves_usd,2018,537846124.64
PSE,Palestine,total_reserves_usd,2017,446349334.35
PSE,Palestine,total_reserves_usd,2016,312800333.67
PSE,Palestine,total_reserves_usd,2015,580939642.18
PSE,Palestine,total_reserves_usd,2014,672378108.54
PSE,Palestine,total_reserves_usd,2013,685224934.26
PSE,Palestine,total_reserves_usd,2012,664041719.54
PSE,Palestine,total_reserves_usd,2011,498047447.64
PSE,Palestine,total_reserves_usd,2010,531755697.08
PSE,Palestine,unemployment_rate,2022,24.42
PSE,Palestine,unemployment_rate,2021,26.39
PSE,Palestine,unemployment_rate,2020,25.895
PSE,Palestine,unemployment_rate,2019,25.34
PSE,Palestine,unemployment_rate,2018,26.256
PSE,Palestine,unemployment_rate,2017,25.677
PSE,Palestine,unemployment_rate,2016,23.939
PSE,Palestine,unemployment_rate,2015,23.005
PSE,Palestine,unemployment_rate,2014,20.526
PSE,Palestine,unemployment_rate,2013,19.894
PSE,Palestine,unemployment_rate,2012,19.202
PSE,Palestine,unemployment_rate,2011,17.597
PSE,Palestine,unemployment_rate,2010,21.416
PSE,Palestine,youth_unemployment_rate,2022,36.092
PSE,Palestine,youth_unemployment_rate,2021,41.63
PSE,Palestine,youth_unemployment_rate,2020,42.053
PSE,Palestine,youth_unemployment_rate,2019,40.151
PSE,Palestine,youth_unemployment_rate,2018,42.224
PSE,Palestine,youth_unemployment_rate,2017,41.868
PSE,Palestine,youth_unemployment_rate,2016,38.507
PSE,Palestine,youth_unemployment_rate,2015,37.215
PSE,Palestine,youth_unemployment_rate,2014,36.33
PSE,Palestine,youth_unemployment_rate,2013,37.137
PSE,Palestine,youth_unemployment_rate,2012,34.644
PSE,Palestine,youth_unemployment_rate,2011,31.224
PSE,Palestine,youth_unemployment_rate,2010,36.178
PSE,Palestine,gini_index,2023,36.4
PSE,Palestine,gini_index,2016,33.7
PSE,Palestine,gini_index,2011,34.4
PSE,Palestine,gini_index,2010,35.3
QAT,Qatar,current_account_pct_gdp,2025,14.8111802018003
QAT,Qatar,current_account_pct_gdp,2024,17.5152925396793
QAT,Qatar,current_account_pct_gdp,2023,17.1136863378173
QAT,Qatar,current_account_pct_gdp,2022,26.7778361978623
QAT,Qatar,current_account_pct_gdp,2021,14.6435967825643
QAT,Qatar,current_account_pct_gdp,2020,-2.06750647346492
QAT,Qatar,current_account_pct_gdp,2019,2.41529709778
QAT,Qatar,current_account_pct_gdp,2018,9.08293669883969
QAT,Qatar,current_account_pct_gdp,2017,3.98856887721847
QAT,Qatar,current_account_pct_gdp,2016,-5.45006694867961
QAT,Qatar,current_account_pct_gdp,2015,8.50181028353519
QAT,Qatar,current_account_pct_gdp,2014,23.9592611415734
QAT,Qatar,current_account_pct_gdp,2013,30.4240457483909
QAT,Qatar,current_account_pct_gdp,2012,33.1847245628586
QAT,Qatar,current_account_pct_gdp,2011,31.0675107947676
QAT,Qatar,reserves_months_imports,2025,7.4525876467388
QAT,Qatar,reserves_months_imports,2024,6.69567627121725
QAT,Qatar,reserves_months_imports,2023,6.48104847137266
QAT,Qatar,reserves_months_imports,2022,5.86304657389892
QAT,Qatar,reserves_months_imports,2021,6.81463955622911
QAT,Qatar,reserves_months_imports,2020,6.77351981461538
QAT,Qatar,reserves_months_imports,2019,5.94863841809649
QAT,Qatar,reserves_months_imports,2018,4.69637516299306
QAT,Qatar,reserves_months_imports,2017,2.52957830646864
QAT,Qatar,reserves_months_imports,2016,5.33675404453708
QAT,Qatar,reserves_months_imports,2015,6.33001498015487
QAT,Qatar,reserves_months_imports,2014,6.42598128516766
QAT,Qatar,reserves_months_imports,2013,6.67015979671203
QAT,Qatar,reserves_months_imports,2012,5.43006082958834
QAT,Qatar,reserves_months_imports,2011,3.19016206908008
QAT,Qatar,gdp_growth,2025,2.90166036660493
QAT,Qatar,gdp_growth,2024,3.10963283242745
QAT,Qatar,gdp_growth,2023,1.18715991623776
QAT,Qatar,gdp_growth,2022,4.18500970982862
QAT,Qatar,gdp_growth,2021,1.62684671918775
QAT,Qatar,gdp_growth,2020,-3.5576039896784
QAT,Qatar,gdp_growth,2019,0.688240954592672
QAT,Qatar,gdp_growth,2018,1.23487220191065
QAT,Qatar,gdp_growth,2017,-1.49760470227838
QAT,Qatar,gdp_growth,2016,3.06419188430156
QAT,Qatar,gdp_growth,2015,4.75334572438737
QAT,Qatar,gdp_growth,2014,4.11911527912761
QAT,Qatar,gdp_growth,2013,4.43070196521455
QAT,Qatar,gdp_growth,2012,4.62623675511804
QAT,Qatar,gdp_growth,2011,13.0214050496923
QAT,Qatar,gdp_growth,2010,16.7315558489187
QAT,Qatar,inflation,2024,1.26734310292375
QAT,Qatar,inflation,2023,3.02764899198901
QAT,Qatar,inflation,2022,4.9952755374076
QAT,Qatar,inflation,2021,2.30446565742003
QAT,Qatar,inflation,2020,-2.54031503004759
QAT,Qatar,inflation,2019,-0.666641124861147
QAT,Qatar,inflation,2018,0.255815382724408
QAT,Qatar,inflation,2017,0.394878914083005
QAT,Qatar,inflation,2016,2.67659170098189
QAT,Qatar,inflation,2015,1.8140772393776
QAT,Qatar,inflation,2014,3.34972085659523
QAT,Qatar,inflation,2013,3.22197756829293
QAT,Qatar,inflation,2012,2.31534853431661
QAT,Qatar,inflation,2011,1.13836623529202
QAT,Qatar,inflation,2010,-2.42525675161713
QAT,Qatar,political_stability,2025,1.0413601
QAT,Qatar,political_stability,2024,0.9711158
QAT,Qatar,political_stability,2023,1.0121922
QAT,Qatar,political_stability,2022,0.9075159
QAT,Qatar,political_stability,2021,0.9175398
QAT,Qatar,political_stability,2020,0.8751777
QAT,Qatar,political_stability,2019,0.8668153
QAT,Qatar,political_stability,2018,0.8550526
QAT,Qatar,political_stability,2017,0.831997
QAT,Qatar,political_stability,2016,0.8296181
QAT,Qatar,political_stability,2015,0.9589309
QAT,Qatar,political_stability,2014,1.0945573
QAT,Qatar,political_stability,2013,1.1064608
QAT,Qatar,political_stability,2012,1.1524792
QAT,Qatar,political_stability,2011,1.0711667
QAT,Qatar,political_stability,2010,1.1539359
QAT,Qatar,government_effectiveness,2025,0.9959197
QAT,Qatar,government_effectiveness,2024,0.9828787
QAT,Qatar,government_effectiveness,2023,1.0104576
QAT,Qatar,government_effectiveness,2022,1.0517532
QAT,Qatar,government_effectiveness,2021,0.9782849
QAT,Qatar,government_effectiveness,2020,0.8316013
QAT,Qatar,government_effectiveness,2019,0.8135324
QAT,Qatar,government_effectiveness,2018,0.6925351
QAT,Qatar,government_effectiveness,2017,0.837592
QAT,Qatar,government_effectiveness,2016,0.8824615
QAT,Qatar,government_effectiveness,2015,0.8700148
QAT,Qatar,government_effectiveness,2014,0.8270821
QAT,Qatar,government_effectiveness,2013,0.970586
QAT,Qatar,government_effectiveness,2012,0.8684253
QAT,Qatar,government_effectiveness,2011,0.8537434
QAT,Qatar,government_effectiveness,2010,0.7844279
QAT,Qatar,rule_of_law,2025,0.5630854
QAT,Qatar,rule_of_law,2024,0.5982385
QAT,Qatar,rule_of_law,2023,0.5765985
QAT,Qatar,rule_of_law,2022,0.6069768
QAT,Qatar,rule_of_law,2021,0.499359
QAT,Qatar,rule_of_law,2020,0.4724154
QAT,Qatar,rule_of_law,2019,0.467567
QAT,Qatar,rule_of_law,2018,0.4338228
QAT,Qatar,rule_of_law,2017,0.4468938
QAT,Qatar,rule_of_law,2016,0.5726136
QAT,Qatar,rule_of_law,2015,0.5166848
QAT,Qatar,rule_of_law,2014,0.5680709
QAT,Qatar,rule_of_law,2013,0.7522977
QAT,Qatar,rule_of_law,2012,0.7231613
QAT,Qatar,rule_of_law,2011,0.6437073
QAT,Qatar,rule_of_law,2010,0.7144779
QAT,Qatar,regulatory_quality,2025,0.9977909
QAT,Qatar,regulatory_quality,2024,0.9244843
QAT,Qatar,regulatory_quality,2023,0.8854193
QAT,Qatar,regulatory_quality,2022,0.8245796
QAT,Qatar,regulatory_quality,2021,0.7854045
QAT,Qatar,regulatory_quality,2020,0.7864773
QAT,Qatar,regulatory_quality,2019,0.7277995
QAT,Qatar,regulatory_quality,2018,0.6150466
QAT,Qatar,regulatory_quality,2017,0.51753
QAT,Qatar,regulatory_quality,2016,0.6982413
QAT,Qatar,regulatory_quality,2015,0.698902
QAT,Qatar,regulatory_quality,2014,0.636784
QAT,Qatar,regulatory_quality,2013,0.8465573
QAT,Qatar,regulatory_quality,2012,0.8708036
QAT,Qatar,regulatory_quality,2011,0.7985848
QAT,Qatar,regulatory_quality,2010,0.8231763
QAT,Qatar,control_of_corruption,2025,0.8809148
QAT,Qatar,control_of_corruption,2024,0.7450876
QAT,Qatar,control_of_corruption,2023,0.7654118
QAT,Qatar,control_of_corruption,2022,0.8191903
QAT,Qatar,control_of_corruption,2021,0.8396645
QAT,Qatar,control_of_corruption,2020,0.873814
QAT,Qatar,control_of_corruption,2019,0.8767337
QAT,Qatar,control_of_corruption,2018,0.7485436
QAT,Qatar,control_of_corruption,2017,0.7442507
QAT,Qatar,control_of_corruption,2016,0.8601522
QAT,Qatar,control_of_corruption,2015,0.8402855
QAT,Qatar,control_of_corruption,2014,0.856831
QAT,Qatar,control_of_corruption,2013,1.1711652
QAT,Qatar,control_of_corruption,2012,1.151551
QAT,Qatar,control_of_corruption,2011,1.1458013
QAT,Qatar,control_of_corruption,2010,1.3411821
QAT,Qatar,fdi_net_inflows_pct_gdp,2025,1.40702006150615
QAT,Qatar,fdi_net_inflows_pct_gdp,2024,0.212749202349259
QAT,Qatar,fdi_net_inflows_pct_gdp,2023,-0.222614821674707
QAT,Qatar,fdi_net_inflows_pct_gdp,2022,0.0322850616403459
QAT,Qatar,fdi_net_inflows_pct_gdp,2021,-0.608353846418717
QAT,Qatar,fdi_net_inflows_pct_gdp,2020,-1.68550858988767
QAT,Qatar,fdi_net_inflows_pct_gdp,2019,-1.59472537643955
QAT,Qatar,fdi_net_inflows_pct_gdp,2018,-1.19249695201383
QAT,Qatar,fdi_net_inflows_pct_gdp,2017,0.612038723345893
QAT,Qatar,fdi_net_inflows_pct_gdp,2016,0.510044137883475
QAT,Qatar,fdi_net_inflows_pct_gdp,2015,0.662099304441699
QAT,Qatar,fdi_net_inflows_pct_gdp,2014,0.504491036758769
QAT,Qatar,fdi_net_inflows_pct_gdp,2013,-0.422882595917482
QAT,Qatar,fdi_net_inflows_pct_gdp,2012,0.21188872224358
QAT,Qatar,fdi_net_inflows_pct_gdp,2011,0.559389030984015
QAT,Qatar,fdi_net_inflows_pct_gdp,2010,3.73261315829573
QAT,Qatar,exports_pct_gdp,2022,68.5984131738821
QAT,Qatar,exports_pct_gdp,2021,58.7260170336864
QAT,Qatar,exports_pct_gdp,2020,49.118878259958
QAT,Qatar,exports_pct_gdp,2019,52.1888599262863
QAT,Qatar,exports_pct_gdp,2018,55.9418631716143
QAT,Qatar,exports_pct_gdp,2017,52.889422628417
QAT,Qatar,exports_pct_gdp,2016,47.7138414909054
QAT,Qatar,exports_pct_gdp,2015,57.061477766584
QAT,Qatar,exports_pct_gdp,2014,67.9981181320016
QAT,Qatar,exports_pct_gdp,2013,72.7178350242963
QAT,Qatar,exports_pct_gdp,2012,76.4724190759864
QAT,Qatar,exports_pct_gdp,2011,72.619706501698
QAT,Qatar,exports_pct_gdp,2010,62.3197092953046
QAT,Qatar,imports_pct_gdp,2022,31.6152340257357
QAT,Qatar,imports_pct_gdp,2021,34.0531415378261
QAT,Qatar,imports_pct_gdp,2020,40.9002166233522
QAT,Qatar,imports_pct_gdp,2019,37.8575156222525
QAT,Qatar,imports_pct_gdp,2018,35.8965858065867
QAT,Qatar,imports_pct_gdp,2017,38.6051652911024
QAT,Qatar,imports_pct_gdp,2016,41.8337586290298
QAT,Qatar,imports_pct_gdp,2015,36.6461264070517
QAT,Qatar,imports_pct_gdp,2014,31.0362566094301
QAT,Qatar,imports_pct_gdp,2013,29.6653730820309
QAT,Qatar,imports_pct_gdp,2012,29.2739243592311
QAT,Qatar,imports_pct_gdp,2011,26.1019286002011
QAT,Qatar,imports_pct_gdp,2010,23.7506175279123
QAT,Qatar,official_exchange_rate_lcu_usd,2025,3.64
QAT,Qatar,official_exchange_rate_lcu_usd,2024,3.64
QAT,Qatar,official_exchange_rate_lcu_usd,2023,3.64
QAT,Qatar,official_exchange_rate_lcu_usd,2022,3.64
QAT,Qatar,official_exchange_rate_lcu_usd,2021,3.64
QAT,Qatar,official_exchange_rate_lcu_usd,2020,3.64
QAT,Qatar,official_exchange_rate_lcu_usd,2019,3.64
QAT,Qatar,official_exchange_rate_lcu_usd,2018,3.64
QAT,Qatar,official_exchange_rate_lcu_usd,2017,3.64
QAT,Qatar,official_exchange_rate_lcu_usd,2016,3.64
QAT,Qatar,official_exchange_rate_lcu_usd,2015,3.64
QAT,Qatar,official_exchange_rate_lcu_usd,2014,3.64
QAT,Qatar,official_exchange_rate_lcu_usd,2013,3.64
QAT,Qatar,official_exchange_rate_lcu_usd,2012,3.64
QAT,Qatar,official_exchange_rate_lcu_usd,2011,3.64
QAT,Qatar,official_exchange_rate_lcu_usd,2010,3.64
QAT,Qatar,gdp_current_usd,2025,215559615384.615
QAT,Qatar,gdp_current_usd,2024,216294505494.505
QAT,Qatar,gdp_current_usd,2023,213002809340.659
QAT,Qatar,gdp_current_usd,2022,235709325714.286
QAT,Qatar,gdp_current_usd,2021,179732009560.44
QAT,Qatar,gdp_current_usd,2020,144411363351.648
QAT,Qatar,gdp_current_usd,2019,176371267692.308
QAT,Qatar,gdp_current_usd,2018,183334953818.681
QAT,Qatar,gdp_current_usd,2017,161099122225.275
QAT,Qatar,gdp_current_usd,2016,151732181868.132
QAT,Qatar,gdp_current_usd,2015,161739955576.923
QAT,Qatar,gdp_current_usd,2014,206224598571.429
QAT,Qatar,gdp_current_usd,2013,198727642967.033
QAT,Qatar,gdp_current_usd,2012,186833502362.637
QAT,Qatar,gdp_current_usd,2011,167775274725.275
QAT,Qatar,gdp_current_usd,2010,125122252747.253
QAT,Qatar,gdp_per_capita_usd,2025,72524.9066385222
QAT,Qatar,gdp_per_capita_usd,2024,75685.0865779973
QAT,Qatar,gdp_per_capita_usd,2023,80195.8746508549
QAT,Qatar,gdp_per_capita_usd,2022,88701.463352273
QAT,Qatar,gdp_per_capita_usd,2021,71751.8831257169
QAT,Qatar,gdp_per_capita_usd,2020,51683.5054376677
QAT,Qatar,gdp_per_capita_usd,2019,66841.3013484919
QAT,Qatar,gdp_per_capita_usd,2018,71039.8490579352
QAT,Qatar,gdp_per_capita_usd,2017,63279.8556949332
QAT,Qatar,gdp_per_capita_usd,2016,61253.6375482797
QAT,Qatar,gdp_per_capita_usd,2015,68985.2946961507
QAT,Qatar,gdp_per_capita_usd,2014,95840.6310094498
QAT,Qatar,gdp_per_capita_usd,2013,103697.008372373
QAT,Qatar,gdp_per_capita_usd,2012,108470.378825036
QAT,Qatar,gdp_per_capita_usd,2011,103261.510293068
QAT,Qatar,gdp_per_capita_usd,2010,77387.2936379616
QAT,Qatar,total_reserves_usd,2025,55847316824.2017
QAT,Qatar,total_reserves_usd,2024,53987415590.4033
QAT,Qatar,total_reserves_usd,2023,51538727785.6389
QAT,Qatar,total_reserves_usd,2022,47389335669.7512
QAT,Qatar,total_reserves_usd,2021,42212542110.0839
QAT,Qatar,total_reserves_usd,2020,40972506521.4796
QAT,Qatar,total_reserves_usd,2019,39718464943.2826
QAT,Qatar,total_reserves_usd,2018,30358280804.0766
QAT,Qatar,total_reserves_usd,2017,15007730964.8132
QAT,Qatar,total_reserves_usd,2016,31887349772.9792
QAT,Qatar,total_reserves_usd,2015,37257529105.0351
QAT,Qatar,total_reserves_usd,2014,43215459717.5333
QAT,Qatar,total_reserves_usd,2013,42082172537.9649
QAT,Qatar,total_reserves_usd,2012,33185072530.0802
QAT,Qatar,total_reserves_usd,2011,16809490742.5329
QAT,Qatar,total_reserves_usd,2010,31181698262.5165
QAT,Qatar,unemployment_rate,2025,0.13
QAT,Qatar,unemployment_rate,2024,0.13
QAT,Qatar,unemployment_rate,2023,0.13
QAT,Qatar,unemployment_rate,2022,0.13
QAT,Qatar,unemployment_rate,2021,0.14
QAT,Qatar,unemployment_rate,2020,0.14
QAT,Qatar,unemployment_rate,2019,0.1
QAT,Qatar,unemployment_rate,2018,0.11
QAT,Qatar,unemployment_rate,2017,0.14
QAT,Qatar,unemployment_rate,2016,0.15
QAT,Qatar,unemployment_rate,2015,0.17
QAT,Qatar,unemployment_rate,2014,0.2
QAT,Qatar,unemployment_rate,2013,0.28
QAT,Qatar,unemployment_rate,2012,0.48
QAT,Qatar,unemployment_rate,2011,0.56
QAT,Qatar,unemployment_rate,2010,0.45
QAT,Qatar,youth_unemployment_rate,2025,0.559
QAT,Qatar,youth_unemployment_rate,2024,0.573
QAT,Qatar,youth_unemployment_rate,2023,0.574
QAT,Qatar,youth_unemployment_rate,2022,0.559
QAT,Qatar,youth_unemployment_rate,2021,0.693
QAT,Qatar,youth_unemployment_rate,2020,0.48
QAT,Qatar,youth_unemployment_rate,2019,0.295
QAT,Qatar,youth_unemployment_rate,2018,0.309
QAT,Qatar,youth_unemployment_rate,2017,0.505
QAT,Qatar,youth_unemployment_rate,2016,0.482
QAT,Qatar,youth_unemployment_rate,2015,0.569
QAT,Qatar,youth_unemployment_rate,2014,0.737
QAT,Qatar,youth_unemployment_rate,2013,1.109
QAT,Qatar,youth_unemployment_rate,2012,1.475
QAT,Qatar,youth_unemployment_rate,2011,1.306
QAT,Qatar,youth_unemployment_rate,2010,1.296
QAT,Qatar,gini_index,2017,35.1
SAU,Saudi Arabia,current_account_pct_gdp,2025,-2.56365940191401
SAU,Saudi Arabia,current_account_pct_gdp,2024,-1.29603148573183
SAU,Saudi Arabia,current_account_pct_gdp,2023,2.12936729495784
SAU,Saudi Arabia,current_account_pct_gdp,2022,11.7294510759776
SAU,Saudi Arabia,current_account_pct_gdp,2021,4.56976271965319
SAU,Saudi Arabia,current_account_pct_gdp,2020,-4.51692116727614
SAU,Saudi Arabia,current_account_pct_gdp,2019,3.64484004485363
SAU,Saudi Arabia,current_account_pct_gdp,2018,7.89890750977747
SAU,Saudi Arabia,current_account_pct_gdp,2017,1.2254608961689
SAU,Saudi Arabia,current_account_pct_gdp,2016,-3.91268584311643
SAU,Saudi Arabia,current_account_pct_gdp,2015,-7.93818281494483
SAU,Saudi Arabia,current_account_pct_gdp,2014,9.86478118777848
SAU,Saudi Arabia,current_account_pct_gdp,2013,18.3253067776542
SAU,Saudi Arabia,current_account_pct_gdp,2012,22.8484723061974
SAU,Saudi Arabia,current_account_pct_gdp,2011,23.8816335912651
SAU,Saudi Arabia,current_account_pct_gdp,2010,13.5423706949188
SAU,Saudi Arabia,reserves_months_imports,2025,15.5945460088131
SAU,Saudi Arabia,reserves_months_imports,2024,15.0571337423468
SAU,Saudi Arabia,reserves_months_imports,2023,16.5690894253073
SAU,Saudi Arabia,reserves_months_imports,2022,20.0230345579448
SAU,Saudi Arabia,reserves_months_imports,2021,25.1183969265183
SAU,Saudi Arabia,reserves_months_imports,2020,27.83499765841
SAU,Saudi Arabia,reserves_months_imports,2019,25.5992015113689
SAU,Saudi Arabia,reserves_months_imports,2018,27.2537617937105
SAU,Saudi Arabia,reserves_months_imports,2017,28.7798542698354
SAU,Saudi Arabia,reserves_months_imports,2016,31.6961891139936
SAU,Saudi Arabia,reserves_months_imports,2015,29.523607332364
SAU,Saudi Arabia,reserves_months_imports,2014,33.5078337240262
SAU,Saudi Arabia,reserves_months_imports,2013,37.373716349245
SAU,Saudi Arabia,reserves_months_imports,2012,36.4747145801621
SAU,Saudi Arabia,reserves_months_imports,2011,32.6137729985208
SAU,Saudi Arabia,reserves_months_imports,2010,30.5395328882405
SAU,Saudi Arabia,gdp_growth,2025,4.50246560191663
SAU,Saudi Arabia,gdp_growth,2024,2.64893068308965
SAU,Saudi Arabia,gdp_growth,2023,0.542592439393161
SAU,Saudi Arabia,gdp_growth,2022,12.0005874752929
SAU,Saudi Arabia,gdp_growth,2021,6.51959698325419
SAU,Saudi Arabia,gdp_growth,2020,-3.80478901996312
SAU,Saudi Arabia,gdp_growth,2019,1.65158925617395
SAU,Saudi Arabia,gdp_growth,2018,3.2269508901591
SAU,Saudi Arabia,gdp_growth,2017,1.18210705878283
SAU,Saudi Arabia,gdp_growth,2016,1.70404739202878
SAU,Saudi Arabia,gdp_growth,2015,4.65512316652699
SAU,Saudi Arabia,gdp_growth,2014,4.02467158380668
SAU,Saudi Arabia,gdp_growth,2013,2.94563789152025
SAU,Saudi Arabia,gdp_growth,2012,5.76157382270968
SAU,Saudi Arabia,gdp_growth,2011,11.758820686671
SAU,Saudi Arabia,gdp_growth,2010,5.0395150823517
SAU,Saudi Arabia,inflation,2025,2.03559944812264
SAU,Saudi Arabia,inflation,2024,1.50098521057891
SAU,Saudi Arabia,inflation,2023,2.47391224946225
SAU,Saudi Arabia,inflation,2022,2.5441644569453
SAU,Saudi Arabia,inflation,2021,3.12995508227416
SAU,Saudi Arabia,inflation,2020,3.18677098411784
SAU,Saudi Arabia,inflation,2019,-2.03668661515358
SAU,Saudi Arabia,inflation,2018,2.4733093049351
SAU,Saudi Arabia,inflation,2017,-0.859586773607416
SAU,Saudi Arabia,inflation,2016,2.91657616797142
SAU,Saudi Arabia,inflation,2015,1.18395043440954
SAU,Saudi Arabia,inflation,2014,1.83519833975362
SAU,Saudi Arabia,inflation,2013,3.12180604247056
SAU,Saudi Arabia,inflation,2012,2.86627149191122
SAU,Saudi Arabia,inflation,2011,5.82621631903492
SAU,Saudi Arabia,inflation,2010,5.33942009743968
SAU,Saudi Arabia,political_stability,2025,0.0170733
SAU,Saudi Arabia,political_stability,2024,-0.0169291
SAU,Saudi Arabia,political_stability,2023,-0.2642306
SAU,Saudi Arabia,political_stability,2022,-0.325557
SAU,Saudi Arabia,political_stability,2021,-0.4518557
SAU,Saudi Arabia,political_stability,2020,-0.5294655
SAU,Saudi Arabia,political_stability,2019,-0.5239956
SAU,Saudi Arabia,political_stability,2018,-0.5636028
SAU,Saudi Arabia,political_stability,2017,-0.632321
SAU,Saudi Arabia,political_stability,2016,-0.4924234
SAU,Saudi Arabia,political_stability,2015,-0.4505772
SAU,Saudi Arabia,political_stability,2014,-0.3094408
SAU,Saudi Arabia,political_stability,2013,-0.638108
SAU,Saudi Arabia,political_stability,2012,-0.5683714
SAU,Saudi Arabia,political_stability,2011,-0.4904342
SAU,Saudi Arabia,political_stability,2010,-0.2854611
SAU,Saudi Arabia,government_effectiveness,2025,0.739527
SAU,Saudi Arabia,government_effectiveness,2024,0.6467366
SAU,Saudi Arabia,government_effectiveness,2023,0.605606
SAU,Saudi Arabia,government_effectiveness,2022,0.4323815
SAU,Saudi Arabia,government_effectiveness,2021,0.2772241
SAU,Saudi Arabia,government_effectiveness,2020,0.0280841
SAU,Saudi Arabia,government_effectiveness,2019,0.1405598
SAU,Saudi Arabia,government_effectiveness,2018,0.1515551
SAU,Saudi Arabia,government_effectiveness,2017,0.0773243
SAU,Saudi Arabia,government_effectiveness,2016,0.162969
SAU,Saudi Arabia,government_effectiveness,2015,0.0038444
SAU,Saudi Arabia,government_effectiveness,2014,-0.005161
SAU,Saudi Arabia,government_effectiveness,2013,-0.143682
SAU,Saudi Arabia,government_effectiveness,2012,-0.0839278
SAU,Saudi Arabia,government_effectiveness,2011,-0.0708499
SAU,Saudi Arabia,government_effectiveness,2010,-0.0051789
SAU,Saudi Arabia,rule_of_law,2025,0.2737498
SAU,Saudi Arabia,rule_of_law,2024,0.2811129
SAU,Saudi Arabia,rule_of_law,2023,0.1674146
SAU,Saudi Arabia,rule_of_law,2022,0.0921253
SAU,Saudi Arabia,rule_of_law,2021,-0.1741499
SAU,Saudi Arabia,rule_of_law,2020,-0.2064911
SAU,Saudi Arabia,rule_of_law,2019,-0.1863906
SAU,Saudi Arabia,rule_of_law,2018,-0.2421556
SAU,Saudi Arabia,rule_of_law,2017,-0.3246127
SAU,Saudi Arabia,rule_of_law,2016,-0.1791671
SAU,Saudi Arabia,rule_of_law,2015,-0.2629958
SAU,Saudi Arabia,rule_of_law,2014,-0.3197473
SAU,Saudi Arabia,rule_of_law,2013,-0.0546245
SAU,Saudi Arabia,rule_of_law,2012,-0.0401019
SAU,Saudi Arabia,rule_of_law,2011,-0.1287021
SAU,Saudi Arabia,rule_of_law,2010,-0.1470251
SAU,Saudi Arabia,regulatory_quality,2025,0.6694526
SAU,Saudi Arabia,regulatory_quality,2024,0.6285589
SAU,Saudi Arabia,regulatory_quality,2023,0.530087
SAU,Saudi Arabia,regulatory_quality,2022,0.4840547
SAU,Saudi Arabia,regulatory_quality,2021,0.3305062
SAU,Saudi Arabia,regulatory_quality,2020,0.1358
SAU,Saudi Arabia,regulatory_quality,2019,0.142719
SAU,Saudi Arabia,regulatory_quality,2018,0.0640959
SAU,Saudi Arabia,regulatory_quality,2017,0.0892115
SAU,Saudi Arabia,regulatory_quality,2016,0.1503529
SAU,Saudi Arabia,regulatory_quality,2015,0.199974
SAU,Saudi Arabia,regulatory_quality,2014,0.1626065
SAU,Saudi Arabia,regulatory_quality,2013,0.2244651
SAU,Saudi Arabia,regulatory_quality,2012,0.1799844
SAU,Saudi Arabia,regulatory_quality,2011,0.3203122
SAU,Saudi Arabia,regulatory_quality,2010,0.2659382
SAU,Saudi Arabia,control_of_corruption,2025,0.8055716
SAU,Saudi Arabia,control_of_corruption,2024,0.7475804
SAU,Saudi Arabia,control_of_corruption,2023,0.4697294
SAU,Saudi Arabia,control_of_corruption,2022,0.3013417
SAU,Saudi Arabia,control_of_corruption,2021,0.2311585
SAU,Saudi Arabia,control_of_corruption,2020,0.31569
SAU,Saudi Arabia,control_of_corruption,2019,0.2066026
SAU,Saudi Arabia,control_of_corruption,2018,0.1494341
SAU,Saudi Arabia,control_of_corruption,2017,0.1041828
SAU,Saudi Arabia,control_of_corruption,2016,0.1140279
SAU,Saudi Arabia,control_of_corruption,2015,-0.1440797
SAU,Saudi Arabia,control_of_corruption,2014,-0.1777259
SAU,Saudi Arabia,control_of_corruption,2013,-0.1026
SAU,Saudi Arabia,control_of_corruption,2012,-0.1204938
SAU,Saudi Arabia,control_of_corruption,2011,-0.2156545
SAU,Saudi Arabia,control_of_corruption,2010,-0.1240335
SAU,Saudi Arabia,fdi_net_inflows_pct_gdp,2025,2.55517254024168
SAU,Saudi Arabia,fdi_net_inflows_pct_gdp,2024,1.70136894275871
SAU,Saudi Arabia,fdi_net_inflows_pct_gdp,2023,1.87130991298946
SAU,Saudi Arabia,fdi_net_inflows_pct_gdp,2022,2.1556449627378
SAU,Saudi Arabia,fdi_net_inflows_pct_gdp,2021,2.8850612174452
SAU,Saudi Arabia,fdi_net_inflows_pct_gdp,2020,0.211115523412857
SAU,Saudi Arabia,fdi_net_inflows_pct_gdp,2019,0.346411455797861
SAU,Saudi Arabia,fdi_net_inflows_pct_gdp,2018,1.36945683303735
SAU,Saudi Arabia,fdi_net_inflows_pct_gdp,2017,0.136801407151884
SAU,Saudi Arabia,fdi_net_inflows_pct_gdp,2016,3.18518611850268
SAU,Saudi Arabia,fdi_net_inflows_pct_gdp,2015,0.572622097928938
SAU,Saudi Arabia,fdi_net_inflows_pct_gdp,2014,0.191711517264834
SAU,Saudi Arabia,fdi_net_inflows_pct_gdp,2013,0.437984195574321
SAU,Saudi Arabia,fdi_net_inflows_pct_gdp,2012,0.669626013751334
SAU,Saudi Arabia,fdi_net_inflows_pct_gdp,2011,0.688133631504519
SAU,Saudi Arabia,fdi_net_inflows_pct_gdp,2010,0.923670092367435
SAU,Saudi Arabia,exports_pct_gdp,2025,29.7448740074211
SAU,Saudi Arabia,exports_pct_gdp,2024,29.3880027930942
SAU,Saudi Arabia,exports_pct_gdp,2023,30.7559610678442
SAU,Saudi Arabia,exports_pct_gdp,2022,35.9850098955522
SAU,Saudi Arabia,exports_pct_gdp,2021,29.1556614026837
SAU,Saudi Arabia,exports_pct_gdp,2020,23.8098115262185
SAU,Saudi Arabia,exports_pct_gdp,2019,32.159204977113
SAU,Saudi Arabia,exports_pct_gdp,2018,35.5209831625769
SAU,Saudi Arabia,exports_pct_gdp,2017,32.3625378991189
SAU,Saudi Arabia,exports_pct_gdp,2016,29.1430897114591
SAU,Saudi Arabia,exports_pct_gdp,2015,31.4401316153804
SAU,Saudi Arabia,exports_pct_gdp,2014,45.0958458227862
SAU,Saudi Arabia,exports_pct_gdp,2013,50.3725164415794
SAU,Saudi Arabia,exports_pct_gdp,2012,53.1198476436365
SAU,Saudi Arabia,exports_pct_gdp,2011,55.2733461365779
SAU,Saudi Arabia,exports_pct_gdp,2010,49.5697145263124
SAU,Saudi Arabia,imports_pct_gdp,2025,28.1733498505598
SAU,Saudi Arabia,imports_pct_gdp,2024,27.0169346216948
SAU,Saudi Arabia,imports_pct_gdp,2023,25.0415071647045
SAU,Saudi Arabia,imports_pct_gdp,2022,20.839154879381
SAU,Saudi Arabia,imports_pct_gdp,2021,21.728264937195
SAU,Saudi Arabia,imports_pct_gdp,2020,23.7233476988295
SAU,Saudi Arabia,imports_pct_gdp,2019,24.6346155115383
SAU,Saudi Arabia,imports_pct_gdp,2018,23.5819273071372
SAU,Saudi Arabia,imports_pct_gdp,2017,27.169441258704
SAU,Saudi Arabia,imports_pct_gdp,2016,28.7785737995774
SAU,Saudi Arabia,imports_pct_gdp,2015,35.6651376146789
SAU,Saudi Arabia,imports_pct_gdp,2014,32.9042652949498
SAU,Saudi Arabia,imports_pct_gdp,2013,29.8789849870989
SAU,Saudi Arabia,imports_pct_gdp,2012,28.6208309025235
SAU,Saudi Arabia,imports_pct_gdp,2011,29.0860881073216
SAU,Saudi Arabia,imports_pct_gdp,2010,32.9799704964413
SAU,Saudi Arabia,official_exchange_rate_lcu_usd,2025,3.75
SAU,Saudi Arabia,official_exchange_rate_lcu_usd,2024,3.75
SAU,Saudi Arabia,official_exchange_rate_lcu_usd,2023,3.75
SAU,Saudi Arabia,official_exchange_rate_lcu_usd,2022,3.75
SAU,Saudi Arabia,official_exchange_rate_lcu_usd,2021,3.75
SAU,Saudi Arabia,official_exchange_rate_lcu_usd,2020,3.75
SAU,Saudi Arabia,official_exchange_rate_lcu_usd,2019,3.75
SAU,Saudi Arabia,official_exchange_rate_lcu_usd,2018,3.75
SAU,Saudi Arabia,official_exchange_rate_lcu_usd,2017,3.75
SAU,Saudi Arabia,official_exchange_rate_lcu_usd,2016,3.75
SAU,Saudi Arabia,official_exchange_rate_lcu_usd,2015,3.75
SAU,Saudi Arabia,official_exchange_rate_lcu_usd,2014,3.75
SAU,Saudi Arabia,official_exchange_rate_lcu_usd,2013,3.75
SAU,Saudi Arabia,official_exchange_rate_lcu_usd,2012,3.75
SAU,Saudi Arabia,official_exchange_rate_lcu_usd,2011,3.75
SAU,Saudi Arabia,official_exchange_rate_lcu_usd,2010,3.75
SAU,Saudi Arabia,gdp_current_usd,2025,1276942933333.33
SAU,Saudi Arabia,gdp_current_usd,2024,1254140800000.0
SAU,Saudi Arabia,gdp_current_usd,2023,1218584800000.0
SAU,Saudi Arabia,gdp_current_usd,2022,1239075200000.0
SAU,Saudi Arabia,gdp_current_usd,2021,982661066666.667
SAU,Saudi Arabia,gdp_current_usd,2020,767951200000.0
SAU,Saudi Arabia,gdp_current_usd,2019,888890133333.333
SAU,Saudi Arabia,gdp_current_usd,2018,886564800000.0
SAU,Saudi Arabia,gdp_current_usd,2017,741266133333.333
SAU,Saudi Arabia,gdp_current_usd,2016,689279466666.667
SAU,Saudi Arabia,gdp_current_usd,2015,693414400000.0
SAU,Saudi Arabia,gdp_current_usd,2014,787153066666.667
SAU,Saudi Arabia,gdp_current_usd,2013,769755733333.333
SAU,Saudi Arabia,gdp_current_usd,2012,751921333333.333
SAU,Saudi Arabia,gdp_current_usd,2011,680660800000.0
SAU,Saudi Arabia,gdp_current_usd,2010,528207466666.667
SAU,Saudi Arabia,gdp_per_capita_usd,2025,34536.6555456551
SAU,Saudi Arabia,gdp_per_capita_usd,2024,35527.786181866
SAU,Saudi Arabia,gdp_per_capita_usd,2023,36156.8562500172
SAU,Saudi Arabia,gdp_per_capita_usd,2022,38510.2276211037
SAU,Saudi Arabia,gdp_per_capita_usd,2021,31920.7653655643
SAU,Saudi Arabia,gdp_per_capita_usd,2020,24338.8307301067
SAU,Saudi Arabia,gdp_per_capita_usd,2019,29566.7933827436
SAU,Saudi Arabia,gdp_per_capita_usd,2018,29360.0658968566
SAU,Saudi Arabia,gdp_per_capita_usd,2017,23929.2907135982
SAU,Saudi Arabia,gdp_per_capita_usd,2016,22267.7217050387
SAU,Saudi Arabia,gdp_per_capita_usd,2015,23256.1549553531
SAU,Saudi Arabia,gdp_per_capita_usd,2014,27805.4850319422
SAU,Saudi Arabia,gdp_per_capita_usd,2013,27865.465604962
SAU,Saudi Arabia,gdp_per_capita_usd,2012,28733.4375513452
SAU,Saudi Arabia,gdp_per_capita_usd,2011,27126.7498747702
SAU,Saudi Arabia,gdp_per_capita_usd,2010,22028.3901426586
SAU,Saudi Arabia,total_reserves_usd,2025,505163993094.995
SAU,Saudi Arabia,total_reserves_usd,2024,463869589071.029
SAU,Saudi Arabia,total_reserves_usd,2023,457948635287.487
SAU,Saudi Arabia,total_reserves_usd,2022,478231707665.699
SAU,Saudi Arabia,total_reserves_usd,2021,473889603512.936
SAU,Saudi Arabia,total_reserves_usd,2020,472850970844.846
SAU,Saudi Arabia,total_reserves_usd,2019,514962537825.302
SAU,Saudi Arabia,total_reserves_usd,2018,509468527336.472
SAU,Saudi Arabia,total_reserves_usd,2017,509457096430.155
SAU,Saudi Arabia,total_reserves_usd,2016,547266635919.12
SAU,Saudi Arabia,total_reserves_usd,2015,626989686477.741
SAU,Saudi Arabia,total_reserves_usd,2014,744440513643.462
SAU,Saudi Arabia,total_reserves_usd,2013,737796355078.29
SAU,Saudi Arabia,total_reserves_usd,2012,673739616018.359
SAU,Saudi Arabia,total_reserves_usd,2011,556570950256.256
SAU,Saudi Arabia,total_reserves_usd,2010,459313194915.439
SAU,Saudi Arabia,unemployment_rate,2025,3.038
SAU,Saudi Arabia,unemployment_rate,2024,3.518
SAU,Saudi Arabia,unemployment_rate,2023,4.008
SAU,Saudi Arabia,unemployment_rate,2022,5.589
SAU,Saudi Arabia,unemployment_rate,2021,6.621
SAU,Saudi Arabia,unemployment_rate,2020,7.66
SAU,Saudi Arabia,unemployment_rate,2019,5.636
SAU,Saudi Arabia,unemployment_rate,2018,6.029
SAU,Saudi Arabia,unemployment_rate,2017,5.89
SAU,Saudi Arabia,unemployment_rate,2016,5.6
SAU,Saudi Arabia,unemployment_rate,2015,5.6
SAU,Saudi Arabia,unemployment_rate,2014,5.877
SAU,Saudi Arabia,unemployment_rate,2013,5.6
SAU,Saudi Arabia,unemployment_rate,2012,5.622
SAU,Saudi Arabia,unemployment_rate,2011,5.77
SAU,Saudi Arabia,unemployment_rate,2010,5.55
SAU,Saudi Arabia,youth_unemployment_rate,2025,10.01
SAU,Saudi Arabia,youth_unemployment_rate,2024,11.502
SAU,Saudi Arabia,youth_unemployment_rate,2023,13.474
SAU,Saudi Arabia,youth_unemployment_rate,2022,15.964
SAU,Saudi Arabia,youth_unemployment_rate,2021,19.772
SAU,Saudi Arabia,youth_unemployment_rate,2020,29.627
SAU,Saudi Arabia,youth_unemployment_rate,2019,25.477
SAU,Saudi Arabia,youth_unemployment_rate,2018,30.213
SAU,Saudi Arabia,youth_unemployment_rate,2017,31.504
SAU,Saudi Arabia,youth_unemployment_rate,2016,24.275
SAU,Saudi Arabia,youth_unemployment_rate,2015,28.156
SAU,Saudi Arabia,youth_unemployment_rate,2014,28.603
SAU,Saudi Arabia,youth_unemployment_rate,2013,26.946
SAU,Saudi Arabia,youth_unemployment_rate,2012,24.843
SAU,Saudi Arabia,youth_unemployment_rate,2011,25.11
SAU,Saudi Arabia,youth_unemployment_rate,2010,24.738
SYR,Syria,current_account_pct_gdp,2010,-0.598441906450217
SYR,Syria,reserves_months_imports,2010,11.659017145464
SYR,Syria,gdp_growth,2022,-0.20247264200475
SYR,Syria,gdp_growth,2021,1.7896919997567
SYR,Syria,gdp_growth,2020,0.954914586675713
SYR,Syria,gdp_growth,2019,1.22072818348491
SYR,Syria,gdp_growth,2018,1.39323324059961
SYR,Syria,gdp_growth,2017,-0.723346297115341
SYR,Syria,gdp_growth,2016,-6.40568496867387
SYR,Syria,gdp_growth,2015,-4.17969204561759
SYR,Syria,gdp_growth,2014,-10.3103412087823
SYR,Syria,gdp_growth,2013,-26.3002577493205
SYR,Syria,gdp_growth,2012,-26.338904668983
SYR,Syria,gdp_growth,2011,2.8502205980333
SYR,Syria,gdp_growth,2010,5.19150915015936
SYR,Syria,inflation,2019,13.417565322857
SYR,Syria,inflation,2018,0.940983843906768
SYR,Syria,inflation,2017,18.0752696281771
SYR,Syria,inflation,2016,47.7051615298923
SYR,Syria,inflation,2015,38.4611429599732
SYR,Syria,inflation,2014,10.9271141804296
SYR,Syria,inflation,2013,40.0318378290723
SYR,Syria,inflation,2012,36.7022953364138
SYR,Syria,inflation,2011,4.7531638888563
SYR,Syria,inflation,2010,4.3974138315007
SYR,Syria,political_stability,2025,-2.3195097
SYR,Syria,political_stability,2024,-2.3736333
SYR,Syria,political_stability,2023,-2.4456102
SYR,Syria,political_stability,2022,-2.4461283
SYR,Syria,political_stability,2021,-2.4007024
SYR,Syria,political_stability,2020,-2.3810427
SYR,Syria,political_stability,2019,-2.4747263
SYR,Syria,political_stability,2018,-2.4478567
SYR,Syria,political_stability,2017,-2.4679702
SYR,Syria,political_stability,2016,-2.6076543
SYR,Syria,political_stability,2015,-2.3829572
SYR,Syria,political_stability,2014,-2.3014966
SYR,Syria,political_stability,2013,-2.4051485
SYR,Syria,political_stability,2012,-2.3969248
SYR,Syria,political_stability,2011,-2.0896597
SYR,Syria,political_stability,2010,-1.1089214
SYR,Syria,government_effectiveness,2025,-1.586162
SYR,Syria,government_effectiveness,2024,-1.7325365
SYR,Syria,government_effectiveness,2023,-1.6932996
SYR,Syria,government_effectiveness,2022,-1.6933454
SYR,Syria,government_effectiveness,2021,-1.6119105
SYR,Syria,government_effectiveness,2020,-1.57521
SYR,Syria,government_effectiveness,2019,-1.6749034
SYR,Syria,government_effectiveness,2018,-1.5417777
SYR,Syria,government_effectiveness,2017,-1.5421673
SYR,Syria,government_effectiveness,2016,-1.5419748
SYR,Syria,government_effectiveness,2015,-1.2891508
SYR,Syria,government_effectiveness,2014,-1.0691004
SYR,Syria,government_effectiveness,2013,-1.1772779
SYR,Syria,government_effectiveness,2012,-1.0443379
SYR,Syria,government_effectiveness,2011,-0.733983
SYR,Syria,government_effectiveness,2010,-0.6993294
SYR,Syria,rule_of_law,2025,-1.8143935
SYR,Syria,rule_of_law,2024,-1.8190786
SYR,Syria,rule_of_law,2023,-1.8625855
SYR,Syria,rule_of_law,2022,-1.8734883
SYR,Syria,rule_of_law,2021,-1.8781313
SYR,Syria,rule_of_law,2020,-1.8388165
SYR,Syria,rule_of_law,2019,-1.825332
SYR,Syria,rule_of_law,2018,-1.7701343
SYR,Syria,rule_of_law,2017,-1.799278
SYR,Syria,rule_of_law,2016,-1.8396141
SYR,Syria,rule_of_law,2015,-1.6629665
SYR,Syria,rule_of_law,2014,-1.6832754
SYR,Syria,rule_of_law,2013,-1.5960452
SYR,Syria,rule_of_law,2012,-1.3308042
SYR,Syria,rule_of_law,2011,-0.9616501
SYR,Syria,rule_of_law,2010,-0.7096865
SYR,Syria,regulatory_quality,2025,-1.8104974
SYR,Syria,regulatory_quality,2024,-1.9933673
SYR,Syria,regulatory_quality,2023,-1.8985597
SYR,Syria,regulatory_quality,2022,-1.8987037
SYR,Syria,regulatory_quality,2021,-1.7663303
SYR,Syria,regulatory_quality,2020,-1.6672647
SYR,Syria,regulatory_quality,2019,-1.6076629
SYR,Syria,regulatory_quality,2018,-1.5591051
SYR,Syria,regulatory_quality,2017,-1.6430828
SYR,Syria,regulatory_quality,2016,-1.6326393
SYR,Syria,regulatory_quality,2015,-1.5258964
SYR,Syria,regulatory_quality,2014,-1.6264588
SYR,Syria,regulatory_quality,2013,-1.527428
SYR,Syria,regulatory_quality,2012,-1.4321143
SYR,Syria,regulatory_quality,2011,-0.8118819
SYR,Syria,regulatory_quality,2010,-0.7183306
SYR,Syria,control_of_corruption,2025,-1.6179205
SYR,Syria,control_of_corruption,2024,-1.7009817
SYR,Syria,control_of_corruption,2023,-1.7819634
SYR,Syria,control_of_corruption,2022,-1.7936512
SYR,Syria,control_of_corruption,2021,-1.7903833
SYR,Syria,control_of_corruption,2020,-1.6899505
SYR,Syria,control_of_corruption,2019,-1.6582363
SYR,Syria,control_of_corruption,2018,-1.5913364
SYR,Syria,control_of_corruption,2017,-1.5921395
SYR,Syria,control_of_corruption,2016,-1.5916695
SYR,Syria,control_of_corruption,2015,-1.5344512
SYR,Syria,control_of_corruption,2014,-1.5343093
SYR,Syria,control_of_corruption,2013,-1.211806
SYR,Syria,control_of_corruption,2012,-1.1934094
SYR,Syria,control_of_corruption,2011,-1.1086448
SYR,Syria,control_of_corruption,2010,-1.0921439
SYR,Syria,fdi_net_inflows_pct_gdp,2011,1.19065646956077
SYR,Syria,fdi_net_inflows_pct_gdp,2010,2.39318605915641
SYR,Syria,exports_pct_gdp,2022,6.7771895571266
SYR,Syria,exports_pct_gdp,2021,14.9508204374067
SYR,Syria,exports_pct_gdp,2020,13.1892633653515
SYR,Syria,exports_pct_gdp,2019,13.0100655511925
SYR,Syria,exports_pct_gdp,2018,14.9170302242434
SYR,Syria,exports_pct_gdp,2017,19.3396763257828
SYR,Syria,exports_pct_gdp,2016,21.6801002606147
SYR,Syria,exports_pct_gdp,2015,14.2911061178655
SYR,Syria,exports_pct_gdp,2014,7.01577957143612
SYR,Syria,exports_pct_gdp,2013,7.77801797227006
SYR,Syria,exports_pct_gdp,2012,7.71461782136059
SYR,Syria,exports_pct_gdp,2011,19.3693262797983
SYR,Syria,exports_pct_gdp,2010,32.1667841253209
SYR,Syria,imports_pct_gdp,2022,28.6600525880316
SYR,Syria,imports_pct_gdp,2021,44.0511918088493
SYR,Syria,imports_pct_gdp,2020,30.0023561798712
SYR,Syria,imports_pct_gdp,2019,28.9894026254051
SYR,Syria,imports_pct_gdp,2018,35.7420774198957
SYR,Syria,imports_pct_gdp,2017,41.7111781840868
SYR,Syria,imports_pct_gdp,2016,45.4318404760268
SYR,Syria,imports_pct_gdp,2015,36.7951069230783
SYR,Syria,imports_pct_gdp,2014,47.2486429493624
SYR,Syria,imports_pct_gdp,2013,36.9272368113289
SYR,Syria,imports_pct_gdp,2012,27.6540725102336
SYR,Syria,imports_pct_gdp,2011,31.3267640239015
SYR,Syria,imports_pct_gdp,2010,31.843378069124
SYR,Syria,official_exchange_rate_lcu_usd,2022,2505.74691085873
SYR,Syria,official_exchange_rate_lcu_usd,2021,1256.0
SYR,Syria,official_exchange_rate_lcu_usd,2020,877.945250896057
SYR,Syria,official_exchange_rate_lcu_usd,2019,436.5
SYR,Syria,official_exchange_rate_lcu_usd,2018,436.5
SYR,Syria,official_exchange_rate_lcu_usd,2017,492.610833333333
SYR,Syria,official_exchange_rate_lcu_usd,2016,460.275833333333
SYR,Syria,official_exchange_rate_lcu_usd,2015,237.029166666667
SYR,Syria,official_exchange_rate_lcu_usd,2014,154.13
SYR,Syria,official_exchange_rate_lcu_usd,2013,108.733333333333
SYR,Syria,official_exchange_rate_lcu_usd,2012,64.5808333333333
SYR,Syria,official_exchange_rate_lcu_usd,2011,48.3366666666667
SYR,Syria,official_exchange_rate_lcu_usd,2010,11.225
SYR,Syria,gdp_current_usd,2022,23737634644.3994
SYR,Syria,gdp_current_usd,2021,14892885528.1402
SYR,Syria,gdp_current_usd,2020,12501503673.2425
SYR,Syria,gdp_current_usd,2019,22583046644.6891
SYR,Syria,gdp_current_usd,2018,21497779247.9835
SYR,Syria,gdp_current_usd,2017,16369842725.4718
SYR,Syria,gdp_current_usd,2016,12597854088.3602
SYR,Syria,gdp_current_usd,2015,16466861435.0236
SYR,Syria,gdp_current_usd,2014,21502061466.067
SYR,Syria,gdp_current_usd,2013,21361254634.9336
SYR,Syria,gdp_current_usd,2012,43190318032.5627
SYR,Syria,gdp_current_usd,2011,67539433544.3077
SYR,Syria,gdp_current_usd,2010,61390833272.6687
SYR,Syria,gdp_per_capita_usd,2022,1056.78264718197
SYR,Syria,gdp_per_capita_usd,2021,688.566109726934
SYR,Syria,gdp_per_capita_usd,2020,593.911771822527
SYR,Syria,gdp_per_capita_usd,2019,1109.53933821464
SYR,Syria,gdp_per_capita_usd,2018,1098.06667935023
SYR,Syria,gdp_per_capita_usd,2017,851.501972646386
SYR,Syria,gdp_per_capita_usd,2016,656.349017520952
SYR,Syria,gdp_per_capita_usd,2015,847.731545352582
SYR,Syria,gdp_per_capita_usd,2014,1060.59105887433
SYR,Syria,gdp_per_capita_usd,2013,985.892669221634
SYR,Syria,gdp_per_capita_usd,2012,1897.66115018696
SYR,Syria,gdp_per_capita_usd,2011,2952.14372909443
SYR,Syria,gdp_per_capita_usd,2010,2730.61487784917
SYR,Syria,total_reserves_usd,2010,20631907296.8694
SYR,Syria,unemployment_rate,2025,13.569
SYR,Syria,unemployment_rate,2024,13.359
SYR,Syria,unemployment_rate,2023,13.27
SYR,Syria,unemployment_rate,2022,13.245
SYR,Syria,unemployment_rate,2021,14.887
SYR,Syria,unemployment_rate,2020,15.179
SYR,Syria,unemployment_rate,2019,13.369
SYR,Syria,unemployment_rate,2018,13.505
SYR,Syria,unemployment_rate,2017,13.603
SYR,Syria,unemployment_rate,2016,13.798
SYR,Syria,unemployment_rate,2015,14.244
SYR,Syria,unemployment_rate,2014,14.782
SYR,Syria,unemployment_rate,2013,14.5
SYR,Syria,unemployment_rate,2012,13.8
SYR,Syria,unemployment_rate,2011,8.626
SYR,Syria,unemployment_rate,2010,8.61
SYR,Syria,youth_unemployment_rate,2025,33.101
SYR,Syria,youth_unemployment_rate,2024,32.768
SYR,Syria,youth_unemployment_rate,2023,32.26
SYR,Syria,youth_unemployment_rate,2022,31.987
SYR,Syria,youth_unemployment_rate,2021,34.645
SYR,Syria,youth_unemployment_rate,2020,36.288
SYR,Syria,youth_unemployment_rate,2019,32.056
SYR,Syria,youth_unemployment_rate,2018,32.411
SYR,Syria,youth_unemployment_rate,2017,32.888
SYR,Syria,youth_unemployment_rate,2016,33.634
SYR,Syria,youth_unemployment_rate,2015,34.807
SYR,Syria,youth_unemployment_rate,2014,35.979
SYR,Syria,youth_unemployment_rate,2013,35.447
SYR,Syria,youth_unemployment_rate,2012,33.807
SYR,Syria,youth_unemployment_rate,2011,21.107
SYR,Syria,youth_unemployment_rate,2010,20.493
SYR,Syria,gini_index,2022,26.4
TUN,Tunisia,debt_to_gdp,2012,42.5197543010178
TUN,Tunisia,debt_to_gdp,2011,42.4807224505219
TUN,Tunisia,debt_to_gdp,2010,38.7660002963438
TUN,Tunisia,current_account_pct_gdp,2025,-2.31787417954113
TUN,Tunisia,current_account_pct_gdp,2024,-1.60260258927968
TUN,Tunisia,current_account_pct_gdp,2023,-2.33716071115365
TUN,Tunisia,current_account_pct_gdp,2022,-8.83429553808935
TUN,Tunisia,current_account_pct_gdp,2021,-5.88456562547467
TUN,Tunisia,current_account_pct_gdp,2020,-6.01234016088557
TUN,Tunisia,current_account_pct_gdp,2019,-8.04912453318916
TUN,Tunisia,current_account_pct_gdp,2018,-10.7946228980082
TUN,Tunisia,current_account_pct_gdp,2017,-10.0143611259515
TUN,Tunisia,current_account_pct_gdp,2016,-8.52887305480806
TUN,Tunisia,current_account_pct_gdp,2015,-8.57094815049073
TUN,Tunisia,current_account_pct_gdp,2014,-8.87794509825976
TUN,Tunisia,current_account_pct_gdp,2013,-7.96677847902678
TUN,Tunisia,current_account_pct_gdp,2012,-7.86572520912914
TUN,Tunisia,current_account_pct_gdp,2011,-7.03556585573608
TUN,Tunisia,current_account_pct_gdp,2010,-4.55447131361941
TUN,Tunisia,reserves_months_imports,2024,4.50360120517322
TUN,Tunisia,reserves_months_imports,2023,4.5946125949108
TUN,Tunisia,reserves_months_imports,2022,3.99923371559348
TUN,Tunisia,reserves_months_imports,2021,5.30936676331016
TUN,Tunisia,reserves_months_imports,2020,7.22784552607326
TUN,Tunisia,reserves_months_imports,2019,4.96946617760629
TUN,Tunisia,reserves_months_imports,2018,3.36637745948162
TUN,Tunisia,reserves_months_imports,2017,3.05538647744884
TUN,Tunisia,reserves_months_imports,2016,3.22322004504992
TUN,Tunisia,reserves_months_imports,2015,3.81270777807448
TUN,Tunisia,reserves_months_imports,2014,3.11530414077352
TUN,Tunisia,reserves_months_imports,2013,3.16318920380026
TUN,Tunisia,reserves_months_imports,2012,3.67437262137286
TUN,Tunisia,reserves_months_imports,2011,3.30881115159636
TUN,Tunisia,reserves_months_imports,2010,4.40578092536965
TUN,Tunisia,gdp_growth,2025,2.49311010666248
TUN,Tunisia,gdp_growth,2024,1.61444564976986
TUN,Tunisia,gdp_growth,2023,0.184015548469745
TUN,Tunisia,gdp_growth,2022,2.75228761004381
TUN,Tunisia,gdp_growth,2021,4.73603648206102
TUN,Tunisia,gdp_growth,2020,-8.97512622934723
TUN,Tunisia,gdp_growth,2019,1.55009304966742
TUN,Tunisia,gdp_growth,2018,2.60696965356362
TUN,Tunisia,gdp_growth,2017,2.25261437620587
TUN,Tunisia,gdp_growth,2016,1.117231963992
TUN,Tunisia,gdp_growth,2015,0.967834205635981
TUN,Tunisia,gdp_growth,2014,3.09032803070775
TUN,Tunisia,gdp_growth,2013,2.42993096446429
TUN,Tunisia,gdp_growth,2012,4.21667711535632
TUN,Tunisia,gdp_growth,2011,-2.04663389535644
TUN,Tunisia,gdp_growth,2010,2.97113275066512
TUN,Tunisia,inflation,2025,5.15100197572676
TUN,Tunisia,inflation,2024,7.20661657168793
TUN,Tunisia,inflation,2023,9.32899597507865
TUN,Tunisia,inflation,2022,8.30646124447623
TUN,Tunisia,inflation,2021,5.706350208307
TUN,Tunisia,inflation,2020,5.63415115897624
TUN,Tunisia,inflation,2019,6.72007532863799
TUN,Tunisia,inflation,2018,7.30759176031651
TUN,Tunisia,inflation,2017,5.30884839565844
TUN,Tunisia,inflation,2016,3.6293993738438
TUN,Tunisia,inflation,2015,4.437371273215
TUN,Tunisia,inflation,2014,4.6255509953403
TUN,Tunisia,inflation,2013,5.31623531326688
TUN,Tunisia,inflation,2012,4.61184432206639
TUN,Tunisia,inflation,2011,3.24002842009531
TUN,Tunisia,inflation,2010,3.33897963601068
TUN,Tunisia,political_stability,2025,-0.6979276
TUN,Tunisia,political_stability,2024,-0.7699028
TUN,Tunisia,political_stability,2023,-0.7869675
TUN,Tunisia,political_stability,2022,-0.7566657
TUN,Tunisia,political_stability,2021,-0.6736245
TUN,Tunisia,political_stability,2020,-0.4327313
TUN,Tunisia,political_stability,2019,-0.5590161
TUN,Tunisia,political_stability,2018,-0.5621351
TUN,Tunisia,political_stability,2017,-0.7492007
TUN,Tunisia,political_stability,2016,-0.8456958
TUN,Tunisia,political_stability,2015,-0.6879743
TUN,Tunisia,political_stability,2014,-0.6140017
TUN,Tunisia,political_stability,2013,-0.9174543
TUN,Tunisia,political_stability,2012,-0.679447
TUN,Tunisia,political_stability,2011,-0.3933914
TUN,Tunisia,political_stability,2010,-0.2382999
TUN,Tunisia,government_effectiveness,2025,-0.2846411
TUN,Tunisia,government_effectiveness,2024,-0.2575335
TUN,Tunisia,government_effectiveness,2023,-0.2027073
TUN,Tunisia,government_effectiveness,2022,-0.1628801
TUN,Tunisia,government_effectiveness,2021,-0.017857
TUN,Tunisia,government_effectiveness,2020,-0.0002837
TUN,Tunisia,government_effectiveness,2019,0.1062587
TUN,Tunisia,government_effectiveness,2018,0.1417446
TUN,Tunisia,government_effectiveness,2017,0.0989448
TUN,Tunisia,government_effectiveness,2016,0.052477
TUN,Tunisia,government_effectiveness,2015,0.0944441
TUN,Tunisia,government_effectiveness,2014,0.0874414
TUN,Tunisia,government_effectiveness,2013,-0.004964
TUN,Tunisia,government_effectiveness,2012,0.1649537
TUN,Tunisia,government_effectiveness,2011,0.1726854
TUN,Tunisia,government_effectiveness,2010,0.2045499
TUN,Tunisia,rule_of_law,2025,-0.3911241
TUN,Tunisia,rule_of_law,2024,-0.3693099
TUN,Tunisia,rule_of_law,2023,-0.3290235
TUN,Tunisia,rule_of_law,2022,-0.2229718
TUN,Tunisia,rule_of_law,2021,0.002952
TUN,Tunisia,rule_of_law,2020,0.006907
TUN,Tunisia,rule_of_law,2019,0.0107644
TUN,Tunisia,rule_of_law,2018,-0.0295569
TUN,Tunisia,rule_of_law,2017,-0.0546283
TUN,Tunisia,rule_of_law,2016,-0.0696431
TUN,Tunisia,rule_of_law,2015,-0.0548687
TUN,Tunisia,rule_of_law,2014,-0.1113089
TUN,Tunisia,rule_of_law,2013,-0.1886876
TUN,Tunisia,rule_of_law,2012,-0.1568823
TUN,Tunisia,rule_of_law,2011,-0.3807367
TUN,Tunisia,rule_of_law,2010,-0.223521
TUN,Tunisia,regulatory_quality,2025,-0.5249698
TUN,Tunisia,regulatory_quality,2024,-0.4557157
TUN,Tunisia,regulatory_quality,2023,-0.4918443
TUN,Tunisia,regulatory_quality,2022,-0.3299272
TUN,Tunisia,regulatory_quality,2021,-0.1977648
TUN,Tunisia,regulatory_quality,2020,-0.1142138
TUN,Tunisia,regulatory_quality,2019,-0.1444072
TUN,Tunisia,regulatory_quality,2018,-0.158019
TUN,Tunisia,regulatory_quality,2017,-0.1548977
TUN,Tunisia,regulatory_quality,2016,-0.5009717
TUN,Tunisia,regulatory_quality,2015,-0.4472096
TUN,Tunisia,regulatory_quality,2014,-0.3506362
TUN,Tunisia,regulatory_quality,2013,-0.2469942
TUN,Tunisia,regulatory_quality,2012,-0.204934
TUN,Tunisia,regulatory_quality,2011,-0.2708761
TUN,Tunisia,regulatory_quality,2010,-0.0277535
TUN,Tunisia,control_of_corruption,2025,-0.2038842
TUN,Tunisia,control_of_corruption,2024,-0.2156613
TUN,Tunisia,control_of_corruption,2023,-0.2035648
TUN,Tunisia,control_of_corruption,2022,-0.191121
TUN,Tunisia,control_of_corruption,2021,-0.1422681
TUN,Tunisia,control_of_corruption,2020,-0.0180079
TUN,Tunisia,control_of_corruption,2019,-0.0637266
TUN,Tunisia,control_of_corruption,2018,-0.0244547
TUN,Tunisia,control_of_corruption,2017,-0.0477509
TUN,Tunisia,control_of_corruption,2016,-0.0628768
TUN,Tunisia,control_of_corruption,2015,-0.0265409
TUN,Tunisia,control_of_corruption,2014,-0.0451588
TUN,Tunisia,control_of_corruption,2013,-0.0702403
TUN,Tunisia,control_of_corruption,2012,-0.0481232
TUN,Tunisia,control_of_corruption,2011,0.0024613
TUN,Tunisia,control_of_corruption,2010,-0.1970628
TUN,Tunisia,fdi_net_inflows_pct_gdp,2025,1.98444302104666
TUN,Tunisia,fdi_net_inflows_pct_gdp,2024,1.47135263721394
TUN,Tunisia,fdi_net_inflows_pct_gdp,2023,1.46272015563274
TUN,Tunisia,fdi_net_inflows_pct_gdp,2022,1.43159199894021
TUN,Tunisia,fdi_net_inflows_pct_gdp,2021,1.16289301361367
TUN,Tunisia,fdi_net_inflows_pct_gdp,2020,1.46634304906862
TUN,Tunisia,fdi_net_inflows_pct_gdp,2019,1.94487649950903
TUN,Tunisia,fdi_net_inflows_pct_gdp,2018,2.32248034984414
TUN,Tunisia,fdi_net_inflows_pct_gdp,2017,1.9233125677007
TUN,Tunisia,fdi_net_inflows_pct_gdp,2016,1.40344558640992
TUN,Tunisia,fdi_net_inflows_pct_gdp,2015,2.11999260597179
TUN,Tunisia,fdi_net_inflows_pct_gdp,2014,2.03842746868013
TUN,Tunisia,fdi_net_inflows_pct_gdp,2013,2.1744128074392
TUN,Tunisia,fdi_net_inflows_pct_gdp,2012,3.28518933963283
TUN,Tunisia,fdi_net_inflows_pct_gdp,2011,0.899077534980037
TUN,Tunisia,fdi_net_inflows_pct_gdp,2010,2.88814231758981
TUN,Tunisia,exports_pct_gdp,2025,46.6517326028796
TUN,Tunisia,exports_pct_gdp,2024,50.0016900287054
TUN,Tunisia,exports_pct_gdp,2023,53.0393939110608
TUN,Tunisia,exports_pct_gdp,2022,51.325939710781
TUN,Tunisia,exports_pct_gdp,2021,41.7802023040094
TUN,Tunisia,exports_pct_gdp,2020,37.9918009809033
TUN,Tunisia,exports_pct_gdp,2019,45.9503306922947
TUN,Tunisia,exports_pct_gdp,2018,45.4857481712255
TUN,Tunisia,exports_pct_gdp,2017,41.7207863819275
TUN,Tunisia,exports_pct_gdp,2016,38.2952955757822
TUN,Tunisia,exports_pct_gdp,2015,38.3998387567342
TUN,Tunisia,exports_pct_gdp,2014,42.947465118132
TUN,Tunisia,exports_pct_gdp,2013,44.889705324588
TUN,Tunisia,exports_pct_gdp,2012,45.9128477724564
TUN,Tunisia,exports_pct_gdp,2011,46.0546537716688
TUN,Tunisia,exports_pct_gdp,2010,47.9597286942428
TUN,Tunisia,imports_pct_gdp,2025,54.7944728488274
TUN,Tunisia,imports_pct_gdp,2024,56.2968591755414
TUN,Tunisia,imports_pct_gdp,2023,59.0894641022935
TUN,Tunisia,imports_pct_gdp,2022,64.7698546733647
TUN,Tunisia,imports_pct_gdp,2021,51.8532117623985
TUN,Tunisia,imports_pct_gdp,2020,46.3415287262734
TUN,Tunisia,imports_pct_gdp,2019,56.3822840334945
TUN,Tunisia,imports_pct_gdp,2018,58.3860760894097
TUN,Tunisia,imports_pct_gdp,2017,54.0884116006529
TUN,Tunisia,imports_pct_gdp,2016,48.7973687883644
TUN,Tunisia,imports_pct_gdp,2015,48.848691902871
TUN,Tunisia,imports_pct_gdp,2014,53.159638737738
TUN,Tunisia,imports_pct_gdp,2013,54.0652513616158
TUN,Tunisia,imports_pct_gdp,2012,55.6378761572116
TUN,Tunisia,imports_pct_gdp,2011,54.0517255325681
TUN,Tunisia,imports_pct_gdp,2010,52.1912811425565
TUN,Tunisia,official_exchange_rate_lcu_usd,2025,2.99736666666666
TUN,Tunisia,official_exchange_rate_lcu_usd,2024,3.10745
TUN,Tunisia,official_exchange_rate_lcu_usd,2023,3.10616666666666
TUN,Tunisia,official_exchange_rate_lcu_usd,2022,3.1036
TUN,Tunisia,official_exchange_rate_lcu_usd,2021,2.79446666666666
TUN,Tunisia,official_exchange_rate_lcu_usd,2020,2.81235833333333
TUN,Tunisia,official_exchange_rate_lcu_usd,2019,2.93443333333333
TUN,Tunisia,official_exchange_rate_lcu_usd,2018,2.64686666666666
TUN,Tunisia,official_exchange_rate_lcu_usd,2017,2.419425
TUN,Tunisia,official_exchange_rate_lcu_usd,2016,2.14803333333333
TUN,Tunisia,official_exchange_rate_lcu_usd,2015,1.961625
TUN,Tunisia,official_exchange_rate_lcu_usd,2014,1.697675
TUN,Tunisia,official_exchange_rate_lcu_usd,2013,1.62465833333333
TUN,Tunisia,official_exchange_rate_lcu_usd,2012,1.56189166666666
TUN,Tunisia,official_exchange_rate_lcu_usd,2011,1.40778333333333
TUN,Tunisia,official_exchange_rate_lcu_usd,2010,1.4314
TUN,Tunisia,gdp_current_usd,2025,57502836548.0878
TUN,Tunisia,gdp_current_usd,2024,51412122479.8468
TUN,Tunisia,gdp_current_usd,2023,48205328303.3398
TUN,Tunisia,gdp_current_usd,2022,44929920092.7955
TUN,Tunisia,gdp_current_usd,2021,47073234359.1819
TUN,Tunisia,gdp_current_usd,2020,42491780918.361
TUN,Tunisia,gdp_current_usd,2019,41905642418.825
TUN,Tunisia,gdp_current_usd,2018,42686504459.801
TUN,Tunisia,gdp_current_usd,2017,42163530590.9462
TUN,Tunisia,gdp_current_usd,2016,44360072680.4476
TUN,Tunisia,gdp_current_usd,2015,45779494041.9295
TUN,Tunisia,gdp_current_usd,2014,50271812920.612
TUN,Tunisia,gdp_current_usd,2013,48685446413.953
TUN,Tunisia,gdp_current_usd,2012,47311401812.6733
TUN,Tunisia,gdp_current_usd,2011,48123325825.0739
TUN,Tunisia,gdp_current_usd,2010,46206091937.9628
TUN,Tunisia,gdp_per_capita_usd,2025,4656.63818386852
TUN,Tunisia,gdp_per_capita_usd,2024,4187.64079392362
TUN,Tunisia,gdp_per_capita_usd,2023,3951.11683376921
TUN,Tunisia,gdp_per_capita_usd,2022,3707.29283414381
TUN,Tunisia,gdp_per_capita_usd,2021,3906.93926319391
TUN,Tunisia,gdp_per_capita_usd,2020,3548.65363663803
TUN,Tunisia,gdp_per_capita_usd,2019,3528.87213306798
TUN,Tunisia,gdp_per_capita_usd,2018,3628.10366464236
TUN,Tunisia,gdp_per_capita_usd,2017,3619.03247319953
TUN,Tunisia,gdp_per_capita_usd,2016,3847.80354448809
TUN,Tunisia,gdp_per_capita_usd,2015,4014.94773686432
TUN,Tunisia,gdp_per_capita_usd,2014,4458.97895464547
TUN,Tunisia,gdp_per_capita_usd,2013,4369.79345826358
TUN,Tunisia,gdp_per_capita_usd,2012,4297.26782454273
TUN,Tunisia,gdp_per_capita_usd,2011,4420.64772206537
TUN,Tunisia,gdp_per_capita_usd,2010,4291.86120891575
TUN,Tunisia,total_reserves_usd,2024,9343597097.75793
TUN,Tunisia,total_reserves_usd,2023,9239745488.47505
TUN,Tunisia,total_reserves_usd,2022,8094326708.95378
TUN,Tunisia,total_reserves_usd,2021,8845557076.37303
TUN,Tunisia,total_reserves_usd,2020,9810630874.82626
TUN,Tunisia,total_reserves_usd,2019,7919981404.82365
TUN,Tunisia,total_reserves_usd,2018,5661370258.89028
TUN,Tunisia,total_reserves_usd,2017,6143986079.65125
TUN,Tunisia,total_reserves_usd,2016,6137077790.03258
TUN,Tunisia,total_reserves_usd,2015,7559201960.29189
TUN,Tunisia,total_reserves_usd,2014,7498010302.87674
TUN,Tunisia,total_reserves_usd,2013,7550027499.83121
TUN,Tunisia,total_reserves_usd,2012,8717830200.54898
TUN,Tunisia,total_reserves_usd,2011,7785305507.43057
TUN,Tunisia,total_reserves_usd,2010,9764265037.07787
TUN,Tunisia,unemployment_rate,2025,15.108
TUN,Tunisia,unemployment_rate,2024,15.341
TUN,Tunisia,unemployment_rate,2023,15.106
TUN,Tunisia,unemployment_rate,2022,15.3
TUN,Tunisia,unemployment_rate,2021,16.632
TUN,Tunisia,unemployment_rate,2020,17.651
TUN,Tunisia,unemployment_rate,2019,17.153
TUN,Tunisia,unemployment_rate,2018,15.459
TUN,Tunisia,unemployment_rate,2017,15.33
TUN,Tunisia,unemployment_rate,2016,15.557
TUN,Tunisia,unemployment_rate,2015,15.159
TUN,Tunisia,unemployment_rate,2014,14.259
TUN,Tunisia,unemployment_rate,2013,15.934
TUN,Tunisia,unemployment_rate,2012,17.63
TUN,Tunisia,unemployment_rate,2011,18.334
TUN,Tunisia,unemployment_rate,2010,13.049
TUN,Tunisia,youth_unemployment_rate,2025,38.075
TUN,Tunisia,youth_unemployment_rate,2024,38.85
TUN,Tunisia,youth_unemployment_rate,2023,38.484
TUN,Tunisia,youth_unemployment_rate,2022,37.826
TUN,Tunisia,youth_unemployment_rate,2021,39.309
TUN,Tunisia,youth_unemployment_rate,2020,41.242
TUN,Tunisia,youth_unemployment_rate,2019,37.867
TUN,Tunisia,youth_unemployment_rate,2018,34.877
TUN,Tunisia,youth_unemployment_rate,2017,35.315
TUN,Tunisia,youth_unemployment_rate,2016,35.119
TUN,Tunisia,youth_unemployment_rate,2015,34.967
TUN,Tunisia,youth_unemployment_rate,2014,36.912
TUN,Tunisia,youth_unemployment_rate,2013,34.828
TUN,Tunisia,youth_unemployment_rate,2012,38.444
TUN,Tunisia,youth_unemployment_rate,2011,42.639
TUN,Tunisia,youth_unemployment_rate,2010,29.573
TUN,Tunisia,gini_index,2021,33.7
TUN,Tunisia,gini_index,2015,32.8
TUN,Tunisia,gini_index,2010,38.5
ARE,UAE,debt_to_gdp,2013,1.80326819075483
ARE,UAE,current_account_pct_gdp,2024,15.7260704928542
ARE,UAE,current_account_pct_gdp,2023,13.929197214669
ARE,UAE,reserves_months_imports,2025,5.23408197432696
ARE,UAE,reserves_months_imports,2024,5.17639589297629
ARE,UAE,reserves_months_imports,2023,4.61390786747963
ARE,UAE,gdp_growth,2024,3.99181200361831
ARE,UAE,gdp_growth,2023,4.30113648499413
ARE,UAE,gdp_growth,2022,7.51452414254605
ARE,UAE,gdp_growth,2021,4.55280140106356
ARE,UAE,gdp_growth,2020,-8.69343363776639
ARE,UAE,gdp_growth,2019,1.27129120536284
ARE,UAE,gdp_growth,2018,1.53720634021511
ARE,UAE,gdp_growth,2017,-1.06137114472548
ARE,UAE,gdp_growth,2016,5.65790147196586
ARE,UAE,gdp_growth,2015,7.08766622657654
ARE,UAE,gdp_growth,2014,4.63291785879667
ARE,UAE,gdp_growth,2013,4.9184505919085
ARE,UAE,gdp_growth,2012,4.68325642918792
ARE,UAE,gdp_growth,2011,6.73651167897515
ARE,UAE,gdp_growth,2010,1.60285004336325
ARE,UAE,inflation,2025,1.250865245598
ARE,UAE,inflation,2024,1.66336510224894
ARE,UAE,inflation,2023,1.62670837213248
ARE,UAE,inflation,2022,5.29122604376849
ARE,UAE,inflation,2021,0.179935336174431
ARE,UAE,inflation,2020,-2.07940317940943
ARE,UAE,inflation,2019,-1.93108114782172
ARE,UAE,inflation,2018,3.06863379251996
ARE,UAE,inflation,2017,1.96682557818842
ARE,UAE,inflation,2016,1.61748808904197
ARE,UAE,inflation,2015,4.06996608361593
ARE,UAE,inflation,2014,2.34626865671642
ARE,UAE,inflation,2013,1.1011183637571
ARE,UAE,inflation,2012,0.662268900269008
ARE,UAE,inflation,2011,0.87734659568512
ARE,UAE,inflation,2010,0.877983288285867
ARE,UAE,political_stability,2025,0.825539
ARE,UAE,political_stability,2024,0.7887342
ARE,UAE,political_stability,2023,0.788504
ARE,UAE,political_stability,2022,0.8754187
ARE,UAE,political_stability,2021,0.8311735
ARE,UAE,political_stability,2020,0.8202947
ARE,UAE,political_stability,2019,0.8230623
ARE,UAE,political_stability,2018,0.827416
ARE,UAE,political_stability,2017,0.7313125
ARE,UAE,political_stability,2016,0.7025376
ARE,UAE,political_stability,2015,0.8270827
ARE,UAE,political_stability,2014,0.8900722
ARE,UAE,political_stability,2013,0.7810915
ARE,UAE,political_stability,2012,0.8090072
ARE,UAE,political_stability,2011,0.8178962
ARE,UAE,political_stability,2010,0.8069644
ARE,UAE,government_effectiveness,2025,1.1286383
ARE,UAE,government_effectiveness,2024,1.1338161
ARE,UAE,government_effectiveness,2023,1.1370427
ARE,UAE,government_effectiveness,2022,0.976562
ARE,UAE,government_effectiveness,2021,0.9128973
ARE,UAE,government_effectiveness,2020,0.8422982
ARE,UAE,government_effectiveness,2019,1.2097783
ARE,UAE,government_effectiveness,2018,1.2202319
ARE,UAE,government_effectiveness,2017,1.1757575
ARE,UAE,government_effectiveness,2016,1.2051998
ARE,UAE,government_effectiveness,2015,1.1947099
ARE,UAE,government_effectiveness,2014,1.2035565
ARE,UAE,government_effectiveness,2013,0.9950264
ARE,UAE,government_effectiveness,2012,0.9666847
ARE,UAE,government_effectiveness,2011,0.8276048
ARE,UAE,government_effectiveness,2010,0.6761977
ARE,UAE,rule_of_law,2025,0.5434326
ARE,UAE,rule_of_law,2024,0.5326243
ARE,UAE,rule_of_law,2023,0.4802188
ARE,UAE,rule_of_law,2022,0.4239665
ARE,UAE,rule_of_law,2021,0.3331303
ARE,UAE,rule_of_law,2020,0.3796529
ARE,UAE,rule_of_law,2019,0.4118489
ARE,UAE,rule_of_law,2018,0.3749486
ARE,UAE,rule_of_law,2017,0.3660947
ARE,UAE,rule_of_law,2016,0.4014359
ARE,UAE,rule_of_law,2015,0.3141655
ARE,UAE,rule_of_law,2014,0.3149135
ARE,UAE,rule_of_law,2013,0.3940668
ARE,UAE,rule_of_law,2012,0.3452237
ARE,UAE,rule_of_law,2011,0.3876531
ARE,UAE,rule_of_law,2010,0.0858136
ARE,UAE,regulatory_quality,2025,1.1742823
ARE,UAE,regulatory_quality,2024,1.0889345
ARE,UAE,regulatory_quality,2023,1.0693514
ARE,UAE,regulatory_quality,2022,1.0099229
ARE,UAE,regulatory_quality,2021,1.0134645
ARE,UAE,regulatory_quality,2020,1.0104998
ARE,UAE,regulatory_quality,2019,1.093228
ARE,UAE,regulatory_quality,2018,1.0188275
ARE,UAE,regulatory_quality,2017,1.0541258
ARE,UAE,regulatory_quality,2016,1.0241252
ARE,UAE,regulatory_quality,2015,1.1194082
ARE,UAE,regulatory_quality,2014,0.9883363
ARE,UAE,regulatory_quality,2013,0.8980655
ARE,UAE,regulatory_quality,2012,0.7762081
ARE,UAE,regulatory_quality,2011,0.8184804
ARE,UAE,regulatory_quality,2010,0.7036058
ARE,UAE,control_of_corruption,2025,1.1522607
ARE,UAE,control_of_corruption,2024,1.1743732
ARE,UAE,control_of_corruption,2023,0.9865181
ARE,UAE,control_of_corruption,2022,1.0215335
ARE,UAE,control_of_corruption,2021,1.0353532
ARE,UAE,control_of_corruption,2020,1.0605961
ARE,UAE,control_of_corruption,2019,1.0864672
ARE,UAE,control_of_corruption,2018,1.0931321
ARE,UAE,control_of_corruption,2017,1.0739109
ARE,UAE,control_of_corruption,2016,1.1051618
ARE,UAE,control_of_corruption,2015,0.9193919
ARE,UAE,control_of_corruption,2014,0.984486
ARE,UAE,control_of_corruption,2013,1.149383
ARE,UAE,control_of_corruption,2012,1.0886547
ARE,UAE,control_of_corruption,2011,1.1333503
ARE,UAE,control_of_corruption,2010,0.9108541
ARE,UAE,fdi_net_inflows_pct_gdp,2024,8.26177302526361
ARE,UAE,fdi_net_inflows_pct_gdp,2023,5.87422608466826
ARE,UAE,fdi_net_inflows_pct_gdp,2022,4.44591398367961
ARE,UAE,fdi_net_inflows_pct_gdp,2021,4.89230595097426
ARE,UAE,fdi_net_inflows_pct_gdp,2020,5.56735667729859
ARE,UAE,fdi_net_inflows_pct_gdp,2019,4.11928554446951
ARE,UAE,fdi_net_inflows_pct_gdp,2018,2.35729206588897
ARE,UAE,fdi_net_inflows_pct_gdp,2017,2.5669608321193
ARE,UAE,fdi_net_inflows_pct_gdp,2016,2.51620120421066
ARE,UAE,fdi_net_inflows_pct_gdp,2015,2.23861341335287
ARE,UAE,fdi_net_inflows_pct_gdp,2014,2.60546090290076
ARE,UAE,fdi_net_inflows_pct_gdp,2013,2.38382275483993
ARE,UAE,fdi_net_inflows_pct_gdp,2012,2.4355418083022
ARE,UAE,fdi_net_inflows_pct_gdp,2011,1.93886244276948
ARE,UAE,fdi_net_inflows_pct_gdp,2010,2.85854098259659
ARE,UAE,exports_pct_gdp,2023,106.846123390953
ARE,UAE,exports_pct_gdp,2022,102.051988781325
ARE,UAE,exports_pct_gdp,2021,100.642599583908
ARE,UAE,exports_pct_gdp,2020,98.0724956970145
ARE,UAE,exports_pct_gdp,2019,93.3023068879995
ARE,UAE,exports_pct_gdp,2018,90.8429799324319
ARE,UAE,exports_pct_gdp,2017,94.737385589121
ARE,UAE,exports_pct_gdp,2016,94.4747232332881
ARE,UAE,exports_pct_gdp,2015,93.8625203312699
ARE,UAE,exports_pct_gdp,2014,94.7738651442525
ARE,UAE,exports_pct_gdp,2013,95.755207057533
ARE,UAE,exports_pct_gdp,2012,95.6008433485867
ARE,UAE,exports_pct_gdp,2011,85.6286738245297
ARE,UAE,exports_pct_gdp,2010,77.4455521760851
ARE,UAE,imports_pct_gdp,2023,92.1988267361531
ARE,UAE,imports_pct_gdp,2022,83.689671850569
ARE,UAE,imports_pct_gdp,2021,82.2668014928681
ARE,UAE,imports_pct_gdp,2020,83.2194445309836
ARE,UAE,imports_pct_gdp,2019,70.5198421376147
ARE,UAE,imports_pct_gdp,2018,63.9040622338676
ARE,UAE,imports_pct_gdp,2017,70.7391380638734
ARE,UAE,imports_pct_gdp,2016,70.9202430070485
ARE,UAE,imports_pct_gdp,2015,70.4236225679817
ARE,UAE,imports_pct_gdp,2014,64.7417651694601
ARE,UAE,imports_pct_gdp,2013,61.6429155817142
ARE,UAE,imports_pct_gdp,2012,61.036813624374
ARE,UAE,imports_pct_gdp,2011,58.5481559098621
ARE,UAE,imports_pct_gdp,2010,58.040188125584
ARE,UAE,official_exchange_rate_lcu_usd,2025,3.6725
ARE,UAE,official_exchange_rate_lcu_usd,2024,3.6725
ARE,UAE,official_exchange_rate_lcu_usd,2023,3.6725
ARE,UAE,official_exchange_rate_lcu_usd,2022,3.6725
ARE,UAE,official_exchange_rate_lcu_usd,2021,3.6725
ARE,UAE,official_exchange_rate_lcu_usd,2020,3.6725
ARE,UAE,official_exchange_rate_lcu_usd,2019,3.6725
ARE,UAE,official_exchange_rate_lcu_usd,2018,3.6725
ARE,UAE,official_exchange_rate_lcu_usd,2017,3.6725
ARE,UAE,official_exchange_rate_lcu_usd,2016,3.6725
ARE,UAE,official_exchange_rate_lcu_usd,2015,3.6725
ARE,UAE,official_exchange_rate_lcu_usd,2014,3.6725
ARE,UAE,official_exchange_rate_lcu_usd,2013,3.6725
ARE,UAE,official_exchange_rate_lcu_usd,2012,3.6725
ARE,UAE,official_exchange_rate_lcu_usd,2011,3.6725
ARE,UAE,official_exchange_rate_lcu_usd,2010,3.6725
ARE,UAE,gdp_current_usd,2024,552324919095.872
ARE,UAE,gdp_current_usd,2023,522622268401.125
ARE,UAE,gdp_current_usd,2022,511403404642.173
ARE,UAE,gdp_current_usd,2021,422441282436.237
ARE,UAE,gdp_current_usd,2020,357161776271.328
ARE,UAE,gdp_current_usd,2019,433926218686.108
ARE,UAE,gdp_current_usd,2018,440560003161.236
ARE,UAE,gdp_current_usd,2017,403365056078.846
ARE,UAE,gdp_current_usd,2016,381717208620.964
ARE,UAE,gdp_current_usd,2015,381973135513.065
ARE,UAE,gdp_current_usd,2014,424935834104.193
ARE,UAE,gdp_current_usd,2013,409632574702.715
ARE,UAE,gdp_current_usd,2012,392793559050.783
ARE,UAE,gdp_current_usd,2011,368881033962.57
ARE,UAE,gdp_current_usd,2010,307736348527.33
ARE,UAE,gdp_per_capita_usd,2024,50273.5126243239
ARE,UAE,gdp_per_capita_usd,2023,49850.6945082084
ARE,UAE,gdp_per_capita_usd,2022,50759.7590190204
ARE,UAE,gdp_per_capita_usd,2021,44118.4936214315
ARE,UAE,gdp_per_capita_usd,2020,37991.738387966
ARE,UAE,gdp_per_capita_usd,2019,45938.6084572227
ARE,UAE,gdp_per_capita_usd,2018,47135.3478795605
ARE,UAE,gdp_per_capita_usd,2017,43733.6242018215
ARE,UAE,gdp_per_capita_usd,2016,42721.1136110991
ARE,UAE,gdp_per_capita_usd,2015,44910.3458860776
ARE,UAE,gdp_per_capita_usd,2014,52725.2307981936
ARE,UAE,gdp_per_capita_usd,2013,53247.2278745159
ARE,UAE,gdp_per_capita_usd,2012,53141.6251661086
ARE,UAE,gdp_per_capita_usd,2011,51921.8890746408
ARE,UAE,gdp_per_capita_usd,2010,44795.2846234991
ARE,UAE,total_reserves_usd,2025,292319262021.321
ARE,UAE,total_reserves_usd,2024,237931339945.396
ARE,UAE,total_reserves_usd,2023,189490945175.27
ARE,UAE,total_reserves_usd,2022,138433303844.914
ARE,UAE,total_reserves_usd,2021,131116705892.304
ARE,UAE,total_reserves_usd,2020,106701571777.291
ARE,UAE,total_reserves_usd,2019,108359358451.76
ARE,UAE,total_reserves_usd,2018,99503335478.7452
ARE,UAE,total_reserves_usd,2017,95377648625.516
ARE,UAE,total_reserves_usd,2016,85390832746.3077
ARE,UAE,total_reserves_usd,2015,93929134196.4175
ARE,UAE,total_reserves_usd,2014,78424381665.0826
ARE,UAE,total_reserves_usd,2013,68202650660.2746
ARE,UAE,total_reserves_usd,2012,47035150430.9523
ARE,UAE,total_reserves_usd,2011,37269318422.5757
ARE,UAE,total_reserves_usd,2010,32785291883.4008
ARE,UAE,unemployment_rate,2025,2.174
ARE,UAE,unemployment_rate,2024,2.16
ARE,UAE,unemployment_rate,2023,2.151
ARE,UAE,unemployment_rate,2022,2.872
ARE,UAE,unemployment_rate,2021,3.105
ARE,UAE,unemployment_rate,2020,4.294
ARE,UAE,unemployment_rate,2019,2.331
ARE,UAE,unemployment_rate,2018,2.236
ARE,UAE,unemployment_rate,2017,2.462
ARE,UAE,unemployment_rate,2016,1.64
ARE,UAE,unemployment_rate,2015,1.793
ARE,UAE,unemployment_rate,2014,1.999
ARE,UAE,unemployment_rate,2013,2.125
ARE,UAE,unemployment_rate,2012,2.323
ARE,UAE,unemployment_rate,2011,2.587
ARE,UAE,unemployment_rate,2010,2.798
ARE,UAE,youth_unemployment_rate,2025,6.451
ARE,UAE,youth_unemployment_rate,2024,6.425
ARE,UAE,youth_unemployment_rate,2023,6.351
ARE,UAE,youth_unemployment_rate,2022,9.992
ARE,UAE,youth_unemployment_rate,2021,9.737
ARE,UAE,youth_unemployment_rate,2020,13.482
ARE,UAE,youth_unemployment_rate,2019,7.325
ARE,UAE,youth_unemployment_rate,2018,6.747
ARE,UAE,youth_unemployment_rate,2017,7.474
ARE,UAE,youth_unemployment_rate,2016,5.107
ARE,UAE,youth_unemployment_rate,2015,5.444
ARE,UAE,youth_unemployment_rate,2014,5.823
ARE,UAE,youth_unemployment_rate,2013,6.116
ARE,UAE,youth_unemployment_rate,2012,6.467
ARE,UAE,youth_unemployment_rate,2011,6.856
ARE,UAE,youth_unemployment_rate,2010,7.191
ARE,UAE,gini_index,2018,26.4
ARE,UAE,gini_index,2013,32.5
YEM,Yemen,current_account_pct_gdp,2016,-7.72391058547812
YEM,Yemen,current_account_pct_gdp,2015,-7.12936953882745
YEM,Yemen,current_account_pct_gdp,2014,-3.44275275189167
YEM,Yemen,current_account_pct_gdp,2013,-3.78691356368033
YEM,Yemen,current_account_pct_gdp,2012,-0.94521109936014
YEM,Yemen,current_account_pct_gdp,2011,-1.61143995618416
YEM,Yemen,current_account_pct_gdp,2010,-3.41069923528219
YEM,Yemen,reserves_months_imports,2016,1.21909636539694
YEM,Yemen,reserves_months_imports,2015,2.09465052767099
YEM,Yemen,reserves_months_imports,2014,3.07503189321235
YEM,Yemen,reserves_months_imports,2013,4.34870138082695
YEM,Yemen,reserves_months_imports,2012,4.85379752011208
YEM,Yemen,reserves_months_imports,2011,4.14595671922281
YEM,Yemen,reserves_months_imports,2010,5.69994246463781
YEM,Yemen,gdp_growth,2018,0.752447592962554
YEM,Yemen,gdp_growth,2017,-5.07179568062152
YEM,Yemen,gdp_growth,2016,-9.37512379736752
YEM,Yemen,gdp_growth,2015,-27.9945462502541
YEM,Yemen,gdp_growth,2014,-0.188690241954504
YEM,Yemen,gdp_growth,2013,4.82351908493912
YEM,Yemen,gdp_growth,2012,2.39299021364694
YEM,Yemen,gdp_growth,2011,-12.7148969035133
YEM,Yemen,gdp_growth,2010,7.70128607527964
YEM,Yemen,inflation,2014,8.10472583623914
YEM,Yemen,inflation,2013,10.9684421500198
YEM,Yemen,inflation,2012,9.88538714484871
YEM,Yemen,inflation,2011,19.5435617131144
YEM,Yemen,inflation,2010,11.1748338605043
YEM,Yemen,political_stability,2025,-2.5063447
YEM,Yemen,political_stability,2024,-2.6394083
YEM,Yemen,political_stability,2023,-2.6313914
YEM,Yemen,political_stability,2022,-2.6080793
YEM,Yemen,political_stability,2021,-2.677753
YEM,Yemen,political_stability,2020,-2.6671716
YEM,Yemen,political_stability,2019,-2.6207507
YEM,Yemen,political_stability,2018,-2.7186616
YEM,Yemen,political_stability,2017,-2.7258486
YEM,Yemen,political_stability,2016,-2.6486379
YEM,Yemen,political_stability,2015,-2.5453955
YEM,Yemen,political_stability,2014,-2.5296817
YEM,Yemen,political_stability,2013,-2.4189957
YEM,Yemen,political_stability,2012,-2.3651432
YEM,Yemen,political_stability,2011,-2.4560439
YEM,Yemen,political_stability,2010,-2.4209893
YEM,Yemen,government_effectiveness,2025,-1.8718916
YEM,Yemen,government_effectiveness,2024,-1.8915742
YEM,Yemen,government_effectiveness,2023,-1.9006865
YEM,Yemen,government_effectiveness,2022,-1.8158508
YEM,Yemen,government_effectiveness,2021,-1.9876869
YEM,Yemen,government_effectiveness,2020,-1.981127
YEM,Yemen,government_effectiveness,2019,-1.9476527
YEM,Yemen,government_effectiveness,2018,-1.9231966
YEM,Yemen,government_effectiveness,2017,-1.7279779
YEM,Yemen,government_effectiveness,2016,-1.6418842
YEM,Yemen,government_effectiveness,2015,-1.5328292
YEM,Yemen,government_effectiveness,2014,-1.3651458
YEM,Yemen,government_effectiveness,2013,-1.0853703
YEM,Yemen,government_effectiveness,2012,-1.1594976
YEM,Yemen,government_effectiveness,2011,-1.1811767
YEM,Yemen,government_effectiveness,2010,-1.043338
YEM,Yemen,rule_of_law,2025,-1.9429795
YEM,Yemen,rule_of_law,2024,-1.9476387
YEM,Yemen,rule_of_law,2023,-1.9397528
YEM,Yemen,rule_of_law,2022,-1.9338394
YEM,Yemen,rule_of_law,2021,-1.8587672
YEM,Yemen,rule_of_law,2020,-1.83614
YEM,Yemen,rule_of_law,2019,-1.7065568
YEM,Yemen,rule_of_law,2018,-1.723802
YEM,Yemen,rule_of_law,2017,-1.6861958
YEM,Yemen,rule_of_law,2016,-1.5927907
YEM,Yemen,rule_of_law,2015,-1.5441626
YEM,Yemen,rule_of_law,2014,-1.3906576
YEM,Yemen,rule_of_law,2013,-1.3205433
YEM,Yemen,rule_of_law,2012,-1.354895
YEM,Yemen,rule_of_law,2011,-1.3179294
YEM,Yemen,rule_of_law,2010,-1.1094704
YEM,Yemen,regulatory_quality,2025,-1.4707297
YEM,Yemen,regulatory_quality,2024,-1.5265026
YEM,Yemen,regulatory_quality,2023,-1.4389001
YEM,Yemen,regulatory_quality,2022,-1.4816179
YEM,Yemen,regulatory_quality,2021,-1.5090306
YEM,Yemen,regulatory_quality,2020,-1.510142
YEM,Yemen,regulatory_quality,2019,-1.4592188
YEM,Yemen,regulatory_quality,2018,-1.3881959
YEM,Yemen,regulatory_quality,2017,-1.2000215
YEM,Yemen,regulatory_quality,2016,-1.2186839
YEM,Yemen,regulatory_quality,2015,-1.0483087
YEM,Yemen,regulatory_quality,2014,-0.8802923
YEM,Yemen,regulatory_quality,2013,-0.8206648
YEM,Yemen,regulatory_quality,2012,-0.7963828
YEM,Yemen,regulatory_quality,2011,-0.6689289
YEM,Yemen,regulatory_quality,2010,-0.4000905
YEM,Yemen,control_of_corruption,2025,-1.6791358
YEM,Yemen,control_of_corruption,2024,-1.6425229
YEM,Yemen,control_of_corruption,2023,-1.5995628
YEM,Yemen,control_of_corruption,2022,-1.6651163
YEM,Yemen,control_of_corruption,2021,-1.5898527
YEM,Yemen,control_of_corruption,2020,-1.5979629
YEM,Yemen,control_of_corruption,2019,-1.7394694
YEM,Yemen,control_of_corruption,2018,-1.7508544
YEM,Yemen,control_of_corruption,2017,-1.5885317
YEM,Yemen,control_of_corruption,2016,-1.6070014
YEM,Yemen,control_of_corruption,2015,-1.4824206
YEM,Yemen,control_of_corruption,2014,-1.4987657
YEM,Yemen,control_of_corruption,2013,-1.2029611
YEM,Yemen,control_of_corruption,2012,-1.2451828
YEM,Yemen,control_of_corruption,2011,-1.1235543
YEM,Yemen,control_of_corruption,2010,-1.0511757
YEM,Yemen,fdi_net_inflows_pct_gdp,2018,-0.0361008145854707
YEM,Yemen,fdi_net_inflows_pct_gdp,2017,-1.00531889341895
YEM,Yemen,fdi_net_inflows_pct_gdp,2016,-1.79131212045889
YEM,Yemen,fdi_net_inflows_pct_gdp,2015,-0.0363882528160336
YEM,Yemen,fdi_net_inflows_pct_gdp,2014,-0.539237328374498
YEM,Yemen,fdi_net_inflows_pct_gdp,2013,-0.330496410064222
YEM,Yemen,fdi_net_inflows_pct_gdp,2012,-0.0402221829314871
YEM,Yemen,fdi_net_inflows_pct_gdp,2011,-1.58233916831705
YEM,Yemen,fdi_net_inflows_pct_gdp,2010,0.610357927076417
YEM,Yemen,exports_pct_gdp,2018,8.75610238271449
YEM,Yemen,exports_pct_gdp,2017,9.68824758544873
YEM,Yemen,exports_pct_gdp,2016,4.80920276121921
YEM,Yemen,exports_pct_gdp,2015,9.05157754562319
YEM,Yemen,exports_pct_gdp,2014,21.4840870786547
YEM,Yemen,exports_pct_gdp,2013,22.3595984891919
YEM,Yemen,exports_pct_gdp,2012,24.8637169658953
YEM,Yemen,exports_pct_gdp,2011,30.3404241701511
YEM,Yemen,exports_pct_gdp,2010,29.9950775630093
YEM,Yemen,imports_pct_gdp,2018,47.3217203387932
YEM,Yemen,imports_pct_gdp,2017,33.2816570867479
YEM,Yemen,imports_pct_gdp,2016,26.2723415296367
YEM,Yemen,imports_pct_gdp,2015,21.3160815388406
YEM,Yemen,imports_pct_gdp,2014,26.7589534336227
YEM,Yemen,imports_pct_gdp,2013,30.152279647517
YEM,Yemen,imports_pct_gdp,2012,36.497920216673
YEM,Yemen,imports_pct_gdp,2011,32.7190337847532
YEM,Yemen,imports_pct_gdp,2010,34.3905592167085
YEM,Yemen,official_exchange_rate_lcu_usd,2023,1355.11637864823
YEM,Yemen,official_exchange_rate_lcu_usd,2022,1115.00238710662
YEM,Yemen,official_exchange_rate_lcu_usd,2021,1028.107754329
YEM,Yemen,official_exchange_rate_lcu_usd,2020,743.005964356531
YEM,Yemen,official_exchange_rate_lcu_usd,2019,486.730922939068
YEM,Yemen,official_exchange_rate_lcu_usd,2018,214.89
YEM,Yemen,official_exchange_rate_lcu_usd,2017,282.195
YEM,Yemen,official_exchange_rate_lcu_usd,2016,283.895833333333
YEM,Yemen,official_exchange_rate_lcu_usd,2015,230.833333333333
YEM,Yemen,official_exchange_rate_lcu_usd,2014,214.89
YEM,Yemen,official_exchange_rate_lcu_usd,2013,214.89
YEM,Yemen,official_exchange_rate_lcu_usd,2012,214.349166666666
YEM,Yemen,official_exchange_rate_lcu_usd,2011,213.8
YEM,Yemen,official_exchange_rate_lcu_usd,2010,219.59
YEM,Yemen,gdp_current_usd,2018,21606160663.0318
YEM,Yemen,gdp_current_usd,2017,26842229044.5848
YEM,Yemen,gdp_current_usd,2016,31317825274.1507
YEM,Yemen,gdp_current_usd,2015,42444490073.8555
YEM,Yemen,gdp_current_usd,2014,43228585321.3272
YEM,Yemen,gdp_current_usd,2013,40415233436.1767
YEM,Yemen,gdp_current_usd,2012,35401331609.5916
YEM,Yemen,gdp_current_usd,2011,32726417878.391
YEM,Yemen,gdp_current_usd,2010,30906749533.221
YEM,Yemen,gdp_per_capita_usd,2018,633.887202451545
YEM,Yemen,gdp_per_capita_usd,2017,811.165970405745
YEM,Yemen,gdp_per_capita_usd,2016,975.359417003225
YEM,Yemen,gdp_per_capita_usd,2015,1362.1738120601
YEM,Yemen,gdp_per_capita_usd,2014,1430.16420964026
YEM,Yemen,gdp_per_capita_usd,2013,1378.75002954928
YEM,Yemen,gdp_per_capita_usd,2012,1245.05068272078
YEM,Yemen,gdp_per_capita_usd,2011,1186.47500581215
YEM,Yemen,gdp_per_capita_usd,2010,1155.20305261418
YEM,Yemen,total_reserves_usd,2022,1250826378.53555
YEM,Yemen,total_reserves_usd,2021,1687999721.24899
YEM,Yemen,total_reserves_usd,2020,969612981.567712
YEM,Yemen,total_reserves_usd,2019,1653643445.98599
YEM,Yemen,total_reserves_usd,2018,2983208349.3994
YEM,Yemen,total_reserves_usd,2017,920558927.722886
YEM,Yemen,total_reserves_usd,2016,877442199.453388
YEM,Yemen,total_reserves_usd,2015,1442757093.53636
YEM,Yemen,total_reserves_usd,2014,4357504076.77656
YEM,Yemen,total_reserves_usd,2013,5344296754.5783
YEM,Yemen,total_reserves_usd,2012,6150781007.79466
YEM,Yemen,total_reserves_usd,2011,4525488820.12165
YEM,Yemen,total_reserves_usd,2010,5938628775.4903
YEM,Yemen,unemployment_rate,2025,17.322
YEM,Yemen,unemployment_rate,2024,16.97
YEM,Yemen,unemployment_rate,2023,16.944
YEM,Yemen,unemployment_rate,2022,17.224
YEM,Yemen,unemployment_rate,2021,18.312
YEM,Yemen,unemployment_rate,2020,17.963
YEM,Yemen,unemployment_rate,2019,17.213
YEM,Yemen,unemployment_rate,2018,17.593
YEM,Yemen,unemployment_rate,2017,18.611
YEM,Yemen,unemployment_rate,2016,18.42
YEM,Yemen,unemployment_rate,2015,17.9
YEM,Yemen,unemployment_rate,2014,13.467
YEM,Yemen,unemployment_rate,2013,13.673
YEM,Yemen,unemployment_rate,2012,13.473
YEM,Yemen,unemployment_rate,2011,13.311
YEM,Yemen,unemployment_rate,2010,12.777
YEM,Yemen,youth_unemployment_rate,2025,32.598
YEM,Yemen,youth_unemployment_rate,2024,32.172
YEM,Yemen,youth_unemployment_rate,2023,32.104
YEM,Yemen,youth_unemployment_rate,2022,32.454
YEM,Yemen,youth_unemployment_rate,2021,34.097
YEM,Yemen,youth_unemployment_rate,2020,34.531
YEM,Yemen,youth_unemployment_rate,2019,32.347
YEM,Yemen,youth_unemployment_rate,2018,32.72
YEM,Yemen,youth_unemployment_rate,2017,33.899
YEM,Yemen,youth_unemployment_rate,2016,33.511
YEM,Yemen,youth_unemployment_rate,2015,32.7
YEM,Yemen,youth_unemployment_rate,2014,24.761
YEM,Yemen,youth_unemployment_rate,2013,24.56
YEM,Yemen,youth_unemployment_rate,2012,23.83
YEM,Yemen,youth_unemployment_rate,2011,23.161
YEM,Yemen,youth_unemployment_rate,2010,22.036
YEM,Yemen,gini_index,2014,36.7
AFG,Afghanistan,current_account_pct_gdp,2020,-15.7183027911684
AFG,Afghanistan,current_account_pct_gdp,2019,-20.1704643881064
AFG,Afghanistan,current_account_pct_gdp,2018,-21.5852741164653
AFG,Afghanistan,current_account_pct_gdp,2017,-18.9559612272258
AFG,Afghanistan,current_account_pct_gdp,2016,-14.9501951919169
AFG,Afghanistan,current_account_pct_gdp,2015,-21.9126573355151
AFG,Afghanistan,current_account_pct_gdp,2014,-15.7724198274304
AFG,Afghanistan,current_account_pct_gdp,2013,-25.290058564309
AFG,Afghanistan,current_account_pct_gdp,2012,-25.8706814974751
AFG,Afghanistan,current_account_pct_gdp,2011,-12.6195382087159
AFG,Afghanistan,current_account_pct_gdp,2010,-3.64331388234628
AFG,Afghanistan,reserves_months_imports,2020,16.6316336551941
AFG,Afghanistan,reserves_months_imports,2019,13.7489091058633
AFG,Afghanistan,reserves_months_imports,2018,12.178586861258
AFG,Afghanistan,reserves_months_imports,2017,12.1342766418313
AFG,Afghanistan,reserves_months_imports,2016,11.8280603760738
AFG,Afghanistan,reserves_months_imports,2015,9.77019396043117
AFG,Afghanistan,reserves_months_imports,2014,10.7026948461815
AFG,Afghanistan,reserves_months_imports,2013,8.58813766628176
AFG,Afghanistan,reserves_months_imports,2012,8.67720885361815
AFG,Afghanistan,reserves_months_imports,2011,10.3439728750425
AFG,Afghanistan,reserves_months_imports,2010,10.4573872731044
AFG,Afghanistan,gdp_growth,2024,1.87319280045979
AFG,Afghanistan,gdp_growth,2023,2.26694373649188
AFG,Afghanistan,gdp_growth,2022,-6.24017199240269
AFG,Afghanistan,gdp_growth,2021,-20.7388393676343
AFG,Afghanistan,gdp_growth,2020,-2.35110067203466
AFG,Afghanistan,gdp_growth,2019,3.91160341625552
AFG,Afghanistan,gdp_growth,2018,1.18922812944517
AFG,Afghanistan,gdp_growth,2017,2.6470032027451
AFG,Afghanistan,gdp_growth,2016,2.26031420279821
AFG,Afghanistan,gdp_growth,2015,1.45131466066431
AFG,Afghanistan,gdp_growth,2014,2.72454336219565
AFG,Afghanistan,gdp_growth,2013,5.60074465863221
AFG,Afghanistan,gdp_growth,2012,12.7522870926697
AFG,Afghanistan,gdp_growth,2011,0.426354776777345
AFG,Afghanistan,gdp_growth,2010,14.3624414710737
AFG,Afghanistan,inflation,2024,-6.60118564073725
AFG,Afghanistan,inflation,2023,-4.64470870797774
AFG,Afghanistan,inflation,2022,13.7121023720064
AFG,Afghanistan,inflation,2021,5.13320340824962
AFG,Afghanistan,inflation,2020,5.60188791482224
AFG,Afghanistan,inflation,2019,2.30237251516833
AFG,Afghanistan,inflation,2018,0.626149149168846
AFG,Afghanistan,inflation,2017,4.97595150553832
AFG,Afghanistan,inflation,2016,4.38389195513914
AFG,Afghanistan,inflation,2015,-0.661709164713741
AFG,Afghanistan,inflation,2014,4.67399603536344
AFG,Afghanistan,inflation,2013,7.38577178397855
AFG,Afghanistan,inflation,2012,6.44121280934117
AFG,Afghanistan,inflation,2011,11.8041858089129
AFG,Afghanistan,inflation,2010,2.17853752389418
AFG,Afghanistan,political_stability,2025,-2.0427057
AFG,Afghanistan,political_stability,2024,-2.2157507
AFG,Afghanistan,political_stability,2023,-2.4007188
AFG,Afghanistan,political_stability,2022,-2.4608265
AFG,Afghanistan,political_stability,2021,-2.4628747
AFG,Afghanistan,political_stability,2020,-2.5982174
AFG,Afghanistan,political_stability,2019,-2.5977844
AFG,Afghanistan,political_stability,2018,-2.5906799
AFG,Afghanistan,political_stability,2017,-2.6155108
AFG,Afghanistan,political_stability,2016,-2.4899595
AFG,Afghanistan,political_stability,2015,-2.4886987
AFG,Afghanistan,political_stability,2014,-2.3322691
AFG,Afghanistan,political_stability,2013,-2.6865653
AFG,Afghanistan,political_stability,2012,-2.4931146
AFG,Afghanistan,political_stability,2011,-2.5410346
AFG,Afghanistan,political_stability,2010,-2.5212323
AFG,Afghanistan,government_effectiveness,2025,-1.9693812
AFG,Afghanistan,government_effectiveness,2024,-1.9735826
AFG,Afghanistan,government_effectiveness,2023,-2.1047003
AFG,Afghanistan,government_effectiveness,2022,-1.9896936
AFG,Afghanistan,government_effectiveness,2021,-1.7347695
AFG,Afghanistan,government_effectiveness,2020,-1.7150769
AFG,Afghanistan,government_effectiveness,2019,-1.6555552
AFG,Afghanistan,government_effectiveness,2018,-1.6078255
AFG,Afghanistan,government_effectiveness,2017,-1.422414
AFG,Afghanistan,government_effectiveness,2016,-1.4009323
AFG,Afghanistan,government_effectiveness,2015,-1.4528942
AFG,Afghanistan,government_effectiveness,2014,-1.5067937
AFG,Afghanistan,government_effectiveness,2013,-1.5130029
AFG,Afghanistan,government_effectiveness,2012,-1.5137641
AFG,Afghanistan,government_effectiveness,2011,-1.6094285
AFG,Afghanistan,government_effectiveness,2010,-1.5938191
AFG,Afghanistan,rule_of_law,2025,-1.8509911
AFG,Afghanistan,rule_of_law,2024,-1.9306898
AFG,Afghanistan,rule_of_law,2023,-1.8973195
AFG,Afghanistan,rule_of_law,2022,-1.8642672
AFG,Afghanistan,rule_of_law,2021,-1.741363
AFG,Afghanistan,rule_of_law,2020,-1.6820874
AFG,Afghanistan,rule_of_law,2019,-1.6828809
AFG,Afghanistan,rule_of_law,2018,-1.6919842
AFG,Afghanistan,rule_of_law,2017,-1.6165437
AFG,Afghanistan,rule_of_law,2016,-1.597387
AFG,Afghanistan,rule_of_law,2015,-1.661405
AFG,Afghanistan,rule_of_law,2014,-1.6643876
AFG,Afghanistan,rule_of_law,2013,-1.7376814
AFG,Afghanistan,rule_of_law,2012,-1.8922332
AFG,Afghanistan,rule_of_law,2011,-1.9321454
AFG,Afghanistan,rule_of_law,2010,-1.8534615
AFG,Afghanistan,regulatory_quality,2025,-1.4368826
AFG,Afghanistan,regulatory_quality,2024,-1.5542299
AFG,Afghanistan,regulatory_quality,2023,-1.4252907
AFG,Afghanistan,regulatory_quality,2022,-1.4190498
AFG,Afghanistan,regulatory_quality,2021,-1.4472426
AFG,Afghanistan,regulatory_quality,2020,-1.3399532
AFG,Afghanistan,regulatory_quality,2019,-1.3150215
AFG,Afghanistan,regulatory_quality,2018,-1.3374635
AFG,Afghanistan,regulatory_quality,2017,-1.4515507
AFG,Afghanistan,regulatory_quality,2016,-1.4090961
AFG,Afghanistan,regulatory_quality,2015,-1.0908923
AFG,Afghanistan,regulatory_quality,2014,-1.21386
AFG,Afghanistan,regulatory_quality,2013,-1.2958743
AFG,Afghanistan,regulatory_quality,2012,-1.2742499
AFG,Afghanistan,regulatory_quality,2011,-1.4698916
AFG,Afghanistan,regulatory_quality,2010,-1.460423
AFG,Afghanistan,control_of_corruption,2025,-1.3058016
AFG,Afghanistan,control_of_corruption,2024,-1.3030852
AFG,Afghanistan,control_of_corruption,2023,-1.1930687
AFG,Afghanistan,control_of_corruption,2022,-1.1668864
AFG,Afghanistan,control_of_corruption,2021,-1.216336
AFG,Afghanistan,control_of_corruption,2020,-1.3952956
AFG,Afghanistan,control_of_corruption,2019,-1.4958388
AFG,Afghanistan,control_of_corruption,2018,-1.5345594
AFG,Afghanistan,control_of_corruption,2017,-1.5381041
AFG,Afghanistan,control_of_corruption,2016,-1.559757
AFG,Afghanistan,control_of_corruption,2015,-1.5145732
AFG,Afghanistan,control_of_corruption,2014,-1.5559393
AFG,Afghanistan,control_of_corruption,2013,-1.5812312
AFG,Afghanistan,control_of_corruption,2012,-1.632706
AFG,Afghanistan,control_of_corruption,2011,-1.589755
AFG,Afghanistan,control_of_corruption,2010,-1.6514467
AFG,Afghanistan,fdi_net_inflows_pct_gdp,2021,0.144466918556362
AFG,Afghanistan,fdi_net_inflows_pct_gdp,2020,0.0649939571808755
AFG,Afghanistan,fdi_net_inflows_pct_gdp,2019,0.124495985291258
AFG,Afghanistan,fdi_net_inflows_pct_gdp,2018,0.661572217787196
AFG,Afghanistan,fdi_net_inflows_pct_gdp,2017,0.274796791572807
AFG,Afghanistan,fdi_net_inflows_pct_gdp,2016,0.516606084523093
AFG,Afghanistan,fdi_net_inflows_pct_gdp,2015,0.88400046336123
AFG,Afghanistan,fdi_net_inflows_pct_gdp,2014,0.209664794672203
AFG,Afghanistan,fdi_net_inflows_pct_gdp,2013,0.239801184405551
AFG,Afghanistan,fdi_net_inflows_pct_gdp,2012,0.285440893554571
AFG,Afghanistan,fdi_net_inflows_pct_gdp,2011,0.293025179616803
AFG,Afghanistan,fdi_net_inflows_pct_gdp,2010,1.20311798981139
AFG,Afghanistan,exports_pct_gdp,2024,15.7027518479481
AFG,Afghanistan,exports_pct_gdp,2023,16.2352784419391
AFG,Afghanistan,exports_pct_gdp,2022,18.3800424016375
AFG,Afghanistan,exports_pct_gdp,2021,14.342152797537
AFG,Afghanistan,exports_pct_gdp,2020,10.4208171386207
AFG,Afghanistan,imports_pct_gdp,2024,68.0602732398198
AFG,Afghanistan,imports_pct_gdp,2023,50.764299620256
AFG,Afghanistan,imports_pct_gdp,2022,54.5054272070161
AFG,Afghanistan,imports_pct_gdp,2021,37.06956357719
AFG,Afghanistan,imports_pct_gdp,2020,36.2890774127896
AFG,Afghanistan,official_exchange_rate_lcu_usd,2020,76.8135364354897
AFG,Afghanistan,official_exchange_rate_lcu_usd,2019,77.7379491783367
AFG,Afghanistan,official_exchange_rate_lcu_usd,2018,72.083247177304
AFG,Afghanistan,official_exchange_rate_lcu_usd,2017,68.0269040822312
AFG,Afghanistan,official_exchange_rate_lcu_usd,2016,67.8660857692308
AFG,Afghanistan,official_exchange_rate_lcu_usd,2015,61.1434615416667
AFG,Afghanistan,official_exchange_rate_lcu_usd,2014,57.2475
AFG,Afghanistan,official_exchange_rate_lcu_usd,2013,55.3775
AFG,Afghanistan,official_exchange_rate_lcu_usd,2012,50.9214
AFG,Afghanistan,official_exchange_rate_lcu_usd,2011,46.747007738581
AFG,Afghanistan,official_exchange_rate_lcu_usd,2010,46.4524610013175
AFG,Afghanistan,gdp_current_usd,2024,17778508875.7396
AFG,Afghanistan,gdp_current_usd,2023,17152234636.8715
AFG,Afghanistan,gdp_current_usd,2022,14497243872.1337
AFG,Afghanistan,gdp_current_usd,2021,14259995441.0759
AFG,Afghanistan,gdp_current_usd,2020,19955929052.1496
AFG,Afghanistan,gdp_current_usd,2019,18799444490.1128
AFG,Afghanistan,gdp_current_usd,2018,18053222687.4126
AFG,Afghanistan,gdp_current_usd,2017,18753456497.8159
AFG,Afghanistan,gdp_current_usd,2016,18116572395.0772
AFG,Afghanistan,gdp_current_usd,2015,19134221644.7325
AFG,Afghanistan,gdp_current_usd,2014,20497128555.6972
AFG,Afghanistan,gdp_current_usd,2013,20146416757.5987
AFG,Afghanistan,gdp_current_usd,2012,19907329777.5872
AFG,Afghanistan,gdp_current_usd,2011,17805098206.3141
AFG,Afghanistan,gdp_current_usd,2010,15856668555.8336
AFG,Afghanistan,gdp_per_capita_usd,2024,416.871146273728
AFG,Afghanistan,gdp_per_capita_usd,2023,413.757894705303
AFG,Afghanistan,gdp_per_capita_usd,2022,357.261152798144
AFG,Afghanistan,gdp_per_capita_usd,2021,356.496214115892
AFG,Afghanistan,gdp_per_capita_usd,2020,510.787063366811
AFG,Afghanistan,gdp_per_capita_usd,2019,496.6025042585
AFG,Afghanistan,gdp_per_capita_usd,2018,491.337221382603
AFG,Afghanistan,gdp_per_capita_usd,2017,525.469770891619
AFG,Afghanistan,gdp_per_capita_usd,2016,522.082215583898
AFG,Afghanistan,gdp_per_capita_usd,2015,565.569730408751
AFG,Afghanistan,gdp_per_capita_usd,2014,625.054941813938
AFG,Afghanistan,gdp_per_capita_usd,2013,637.087099117099
AFG,Afghanistan,gdp_per_capita_usd,2012,651.417134470046
AFG,Afghanistan,gdp_per_capita_usd,2011,606.694676337726
AFG,Afghanistan,gdp_per_capita_usd,2010,560.621505463146
AFG,Afghanistan,total_reserves_usd,2020,9748946326.71795
AFG,Afghanistan,total_reserves_usd,2019,8497655795.34729
AFG,Afghanistan,total_reserves_usd,2018,8206682106.31945
AFG,Afghanistan,total_reserves_usd,2017,8097280955.90196
AFG,Afghanistan,total_reserves_usd,2016,7281910524.1067
AFG,Afghanistan,total_reserves_usd,2015,6976966153.82053
AFG,Afghanistan,total_reserves_usd,2014,7528549879.63682
AFG,Afghanistan,total_reserves_usd,2013,7288702710.90528
AFG,Afghanistan,total_reserves_usd,2012,7152304397.72645
AFG,Afghanistan,total_reserves_usd,2011,6344641959.56007
AFG,Afghanistan,total_reserves_usd,2010,5162440806.75156
AFG,Afghanistan,unemployment_rate,2025,13.351
AFG,Afghanistan,unemployment_rate,2024,13.687
AFG,Afghanistan,unemployment_rate,2023,14.008
AFG,Afghanistan,unemployment_rate,2022,14.1
AFG,Afghanistan,unemployment_rate,2021,12.006
AFG,Afghanistan,unemployment_rate,2020,11.71
AFG,Afghanistan,unemployment_rate,2019,11.187
AFG,Afghanistan,unemployment_rate,2018,11.192
AFG,Afghanistan,unemployment_rate,2017,11.184
AFG,Afghanistan,unemployment_rate,2016,10.116
AFG,Afghanistan,unemployment_rate,2015,9.032
AFG,Afghanistan,unemployment_rate,2014,7.915
AFG,Afghanistan,unemployment_rate,2013,7.921
AFG,Afghanistan,unemployment_rate,2012,7.875
AFG,Afghanistan,unemployment_rate,2011,7.83
AFG,Afghanistan,unemployment_rate,2010,7.809
AFG,Afghanistan,youth_unemployment_rate,2025,16.785
AFG,Afghanistan,youth_unemployment_rate,2024,17.235
AFG,Afghanistan,youth_unemployment_rate,2023,17.494
AFG,Afghanistan,youth_unemployment_rate,2022,17.539
AFG,Afghanistan,youth_unemployment_rate,2021,16.013
AFG,Afghanistan,youth_unemployment_rate,2020,16.053
AFG,Afghanistan,youth_unemployment_rate,2019,15.52
AFG,Afghanistan,youth_unemployment_rate,2018,16.402
AFG,Afghanistan,youth_unemployment_rate,2017,17.31
AFG,Afghanistan,youth_unemployment_rate,2016,14.932
AFG,Afghanistan,youth_unemployment_rate,2015,12.534
AFG,Afghanistan,youth_unemployment_rate,2014,10.094
AFG,Afghanistan,youth_unemployment_rate,2013,10.104
AFG,Afghanistan,youth_unemployment_rate,2012,10.071
AFG,Afghanistan,youth_unemployment_rate,2011,10.044
AFG,Afghanistan,youth_unemployment_rate,2010,10.041
BGD,Bangladesh,current_account_pct_gdp,2025,-0.0445219313220335
BGD,Bangladesh,current_account_pct_gdp,2024,-0.669466607987832
BGD,Bangladesh,current_account_pct_gdp,2023,-1.64602823544154
BGD,Bangladesh,current_account_pct_gdp,2022,-3.81010813041235
BGD,Bangladesh,current_account_pct_gdp,2021,-3.78969259910934
BGD,Bangladesh,current_account_pct_gdp,2020,0.31894044196432
BGD,Bangladesh,current_account_pct_gdp,2019,-0.839485005371134
BGD,Bangladesh,current_account_pct_gdp,2018,-2.20783912081882
BGD,Bangladesh,current_account_pct_gdp,2017,-2.03756600416726
BGD,Bangladesh,current_account_pct_gdp,2016,0.351171861174517
BGD,Bangladesh,current_account_pct_gdp,2015,1.32188871858147
BGD,Bangladesh,current_account_pct_gdp,2014,0.43715979764451
BGD,Bangladesh,current_account_pct_gdp,2013,1.3723251518825
BGD,Bangladesh,current_account_pct_gdp,2012,1.93195276968292
BGD,Bangladesh,current_account_pct_gdp,2011,-0.125842241657654
BGD,Bangladesh,current_account_pct_gdp,2010,1.82909794723497
BGD,Bangladesh,reserves_months_imports,2025,3.91206738611618
BGD,Bangladesh,reserves_months_imports,2024,3.07374348965567
BGD,Bangladesh,reserves_months_imports,2023,3.35581218289289
BGD,Bangladesh,reserves_months_imports,2022,4.18907976493715
BGD,Bangladesh,reserves_months_imports,2021,6.29023985723134
BGD,Bangladesh,reserves_months_imports,2020,8.65813724626271
BGD,Bangladesh,reserves_months_imports,2019,5.85933450460047
BGD,Bangladesh,reserves_months_imports,2018,5.67626909607111
BGD,Bangladesh,reserves_months_imports,2017,6.76886499116675
BGD,Bangladesh,reserves_months_imports,2016,7.60387702099136
BGD,Bangladesh,reserves_months_imports,2015,6.8309139901541
BGD,Bangladesh,reserves_months_imports,2014,5.58168526462512
BGD,Bangladesh,reserves_months_imports,2013,4.90974781514543
BGD,Bangladesh,reserves_months_imports,2012,3.85125480802238
BGD,Bangladesh,reserves_months_imports,2011,2.78355229779505
BGD,Bangladesh,reserves_months_imports,2010,4.32087922221626
BGD,Bangladesh,gdp_growth,2025,3.48990671836833
BGD,Bangladesh,gdp_growth,2024,4.22325911250161
BGD,Bangladesh,gdp_growth,2023,5.77511237007889
BGD,Bangladesh,gdp_growth,2022,7.09982877575158
BGD,Bangladesh,gdp_growth,2021,6.93867912442445
BGD,Bangladesh,gdp_growth,2020,3.44801755122445
BGD,Bangladesh,gdp_growth,2019,7.88191515117722
BGD,Bangladesh,gdp_growth,2018,7.31941263014136
BGD,Bangladesh,gdp_growth,2017,6.59024999794057
BGD,Bangladesh,gdp_growth,2016,7.11347821270093
BGD,Bangladesh,gdp_growth,2015,6.55263987816197
BGD,Bangladesh,gdp_growth,2014,6.0610593588495
BGD,Bangladesh,gdp_growth,2013,6.01360565834344
BGD,Bangladesh,gdp_growth,2012,6.52145877906443
BGD,Bangladesh,gdp_growth,2011,6.46437912497728
BGD,Bangladesh,gdp_growth,2010,5.57178818533122
BGD,Bangladesh,inflation,2025,8.7687628116114
BGD,Bangladesh,inflation,2024,10.4657482763412
BGD,Bangladesh,inflation,2023,9.8835030377921
BGD,Bangladesh,inflation,2022,7.69695437176898
BGD,Bangladesh,inflation,2021,5.54565430773473
BGD,Bangladesh,inflation,2020,5.69107474746211
BGD,Bangladesh,inflation,2019,5.59199639930629
BGD,Bangladesh,inflation,2018,5.54362139486476
BGD,Bangladesh,inflation,2017,5.70207015717238
BGD,Bangladesh,inflation,2016,5.51352572692995
BGD,Bangladesh,inflation,2015,6.19428022984983
BGD,Bangladesh,inflation,2014,6.99163889220848
BGD,Bangladesh,inflation,2013,7.53040640913172
BGD,Bangladesh,inflation,2012,6.21750422069283
BGD,Bangladesh,inflation,2011,11.3951651552399
BGD,Bangladesh,inflation,2010,8.12667639169917
BGD,Bangladesh,political_stability,2025,-0.9414349
BGD,Bangladesh,political_stability,2024,-1.4175461
BGD,Bangladesh,political_stability,2023,-1.076963
BGD,Bangladesh,political_stability,2022,-1.0851055
BGD,Bangladesh,political_stability,2021,-1.0859122
BGD,Bangladesh,political_stability,2020,-1.0370163
BGD,Bangladesh,political_stability,2019,-1.0200599
BGD,Bangladesh,political_stability,2018,-1.0538998
BGD,Bangladesh,political_stability,2017,-1.3371156
BGD,Bangladesh,political_stability,2016,-1.3505972
BGD,Bangladesh,political_stability,2015,-1.3454807
BGD,Bangladesh,political_stability,2014,-1.072297
BGD,Bangladesh,political_stability,2013,-1.7641998
BGD,Bangladesh,political_stability,2012,-1.4441633
BGD,Bangladesh,political_stability,2011,-1.4283503
BGD,Bangladesh,political_stability,2010,-1.4196558
BGD,Bangladesh,government_effectiveness,2025,-0.4446676
BGD,Bangladesh,government_effectiveness,2024,-0.5747472
BGD,Bangladesh,government_effectiveness,2023,-0.4504976
BGD,Bangladesh,government_effectiveness,2022,-0.4685866
BGD,Bangladesh,government_effectiveness,2021,-0.421445
BGD,Bangladesh,government_effectiveness,2020,-0.5681151
BGD,Bangladesh,government_effectiveness,2019,-0.4643482
BGD,Bangladesh,government_effectiveness,2018,-0.5238357
BGD,Bangladesh,government_effectiveness,2017,-0.4766294
BGD,Bangladesh,government_effectiveness,2016,-0.4396434
BGD,Bangladesh,government_effectiveness,2015,-0.5451152
BGD,Bangladesh,government_effectiveness,2014,-0.5780727
BGD,Bangladesh,government_effectiveness,2013,-0.6409138
BGD,Bangladesh,government_effectiveness,2012,-0.6620754
BGD,Bangladesh,government_effectiveness,2011,-0.6987434
BGD,Bangladesh,government_effectiveness,2010,-0.6700386
BGD,Bangladesh,rule_of_law,2025,-0.9097061
BGD,Bangladesh,rule_of_law,2024,-0.9499898
BGD,Bangladesh,rule_of_law,2023,-0.8971789
BGD,Bangladesh,rule_of_law,2022,-0.9182447
BGD,Bangladesh,rule_of_law,2021,-0.9456395
BGD,Bangladesh,rule_of_law,2020,-0.8637359
BGD,Bangladesh,rule_of_law,2019,-0.905562
BGD,Bangladesh,rule_of_law,2018,-0.8778741
BGD,Bangladesh,rule_of_law,2017,-0.8901869
BGD,Bangladesh,rule_of_law,2016,-0.8675921
BGD,Bangladesh,rule_of_law,2015,-0.8117711
BGD,Bangladesh,rule_of_law,2014,-0.8119139
BGD,Bangladesh,rule_of_law,2013,-0.947112
BGD,Bangladesh,rule_of_law,2012,-0.9708184
BGD,Bangladesh,rule_of_law,2011,-0.7112683
BGD,Bangladesh,rule_of_law,2010,-0.8340468
BGD,Bangladesh,regulatory_quality,2025,-0.9378502
BGD,Bangladesh,regulatory_quality,2024,-0.9562646
BGD,Bangladesh,regulatory_quality,2023,-0.9124984
BGD,Bangladesh,regulatory_quality,2022,-0.8979595
BGD,Bangladesh,regulatory_quality,2021,-0.8509744
BGD,Bangladesh,regulatory_quality,2020,-0.8887157
BGD,Bangladesh,regulatory_quality,2019,-0.8832624
BGD,Bangladesh,regulatory_quality,2018,-0.7921536
BGD,Bangladesh,regulatory_quality,2017,-0.7648264
BGD,Bangladesh,regulatory_quality,2016,-0.7770939
BGD,Bangladesh,regulatory_quality,2015,-0.7889472
BGD,Bangladesh,regulatory_quality,2014,-0.8922894
BGD,Bangladesh,regulatory_quality,2013,-0.9437445
BGD,Bangladesh,regulatory_quality,2012,-0.973843
BGD,Bangladesh,regulatory_quality,2011,-0.8427506
BGD,Bangladesh,regulatory_quality,2010,-0.8473194
BGD,Bangladesh,control_of_corruption,2025,-0.9836417
BGD,Bangladesh,control_of_corruption,2024,-1.0974924
BGD,Bangladesh,control_of_corruption,2023,-1.1950519
BGD,Bangladesh,control_of_corruption,2022,-1.1729219
BGD,Bangladesh,control_of_corruption,2021,-1.0901349
BGD,Bangladesh,control_of_corruption,2020,-1.0735627
BGD,Bangladesh,control_of_corruption,2019,-1.0981263
BGD,Bangladesh,control_of_corruption,2018,-1.0939121
BGD,Bangladesh,control_of_corruption,2017,-1.059741
BGD,Bangladesh,control_of_corruption,2016,-1.0634307
BGD,Bangladesh,control_of_corruption,2015,-1.0764748
BGD,Bangladesh,control_of_corruption,2014,-1.1821562
BGD,Bangladesh,control_of_corruption,2013,-1.1304914
BGD,Bangladesh,control_of_corruption,2012,-1.1187914
BGD,Bangladesh,control_of_corruption,2011,-1.0493929
BGD,Bangladesh,control_of_corruption,2010,-1.0202424
BGD,Bangladesh,fdi_net_inflows_pct_gdp,2025,0.391072629131908
BGD,Bangladesh,fdi_net_inflows_pct_gdp,2024,0.283870773350074
BGD,Bangladesh,fdi_net_inflows_pct_gdp,2023,0.335721505298968
BGD,Bangladesh,fdi_net_inflows_pct_gdp,2022,0.347960024540439
BGD,Bangladesh,fdi_net_inflows_pct_gdp,2021,0.414118154040593
BGD,Bangladesh,fdi_net_inflows_pct_gdp,2020,0.407859894856915
BGD,Bangladesh,fdi_net_inflows_pct_gdp,2019,0.543244141585063
BGD,Bangladesh,fdi_net_inflows_pct_gdp,2018,0.75354913412869
BGD,Bangladesh,fdi_net_inflows_pct_gdp,2017,0.616341784631384
BGD,Bangladesh,fdi_net_inflows_pct_gdp,2016,0.879528340271998
BGD,Bangladesh,fdi_net_inflows_pct_gdp,2015,1.4507824552936
BGD,Bangladesh,fdi_net_inflows_pct_gdp,2014,1.46870305074204
BGD,Bangladesh,fdi_net_inflows_pct_gdp,2013,1.73532012481503
BGD,Bangladesh,fdi_net_inflows_pct_gdp,2012,1.18850391920183
BGD,Bangladesh,fdi_net_inflows_pct_gdp,2011,0.983399364184761
BGD,Bangladesh,fdi_net_inflows_pct_gdp,2010,1.06896766308322
BGD,Bangladesh,exports_pct_gdp,2025,11.1161085689856
BGD,Bangladesh,exports_pct_gdp,2024,10.4611878291715
BGD,Bangladesh,exports_pct_gdp,2023,13.1571638341204
BGD,Bangladesh,exports_pct_gdp,2022,12.8822264348985
BGD,Bangladesh,exports_pct_gdp,2021,10.6627789004134
BGD,Bangladesh,exports_pct_gdp,2020,10.4427880616037
BGD,Bangladesh,exports_pct_gdp,2019,13.0947573353039
BGD,Bangladesh,exports_pct_gdp,2018,12.6747879443391
BGD,Bangladesh,exports_pct_gdp,2017,12.8197468906003
BGD,Bangladesh,exports_pct_gdp,2016,13.9212044814459
BGD,Bangladesh,exports_pct_gdp,2015,17.3366737865485
BGD,Bangladesh,exports_pct_gdp,2014,18.9896599950107
BGD,Bangladesh,exports_pct_gdp,2013,19.5378741098798
BGD,Bangladesh,exports_pct_gdp,2012,20.1615888640625
BGD,Bangladesh,exports_pct_gdp,2011,19.9220749554939
BGD,Bangladesh,exports_pct_gdp,2010,16.0241126856916
BGD,Bangladesh,imports_pct_gdp,2025,16.8344754735707
BGD,Bangladesh,imports_pct_gdp,2024,16.3168879748762
BGD,Bangladesh,imports_pct_gdp,2023,17.8258075763392
BGD,Bangladesh,imports_pct_gdp,2022,20.897740835675
BGD,Bangladesh,imports_pct_gdp,2021,17.0612258032497
BGD,Bangladesh,imports_pct_gdp,2020,15.8286593146113
BGD,Bangladesh,imports_pct_gdp,2019,18.4832971559365
BGD,Bangladesh,imports_pct_gdp,2018,19.8398437797492
BGD,Bangladesh,imports_pct_gdp,2017,17.179983781834
BGD,Bangladesh,imports_pct_gdp,2016,17.4129456531683
BGD,Bangladesh,imports_pct_gdp,2015,24.7493225204896
BGD,Bangladesh,imports_pct_gdp,2014,25.5244202017989
BGD,Bangladesh,imports_pct_gdp,2013,26.7585286129376
BGD,Bangladesh,imports_pct_gdp,2012,27.9493338849842
BGD,Bangladesh,imports_pct_gdp,2011,27.4987748801959
BGD,Bangladesh,imports_pct_gdp,2010,21.7787299851405
BGD,Bangladesh,official_exchange_rate_lcu_usd,2025,121.920836605034
BGD,Bangladesh,official_exchange_rate_lcu_usd,2024,115.603653796648
BGD,Bangladesh,official_exchange_rate_lcu_usd,2023,106.309484297483
BGD,Bangladesh,official_exchange_rate_lcu_usd,2022,91.7454544396961
BGD,Bangladesh,official_exchange_rate_lcu_usd,2021,85.08376325
BGD,Bangladesh,official_exchange_rate_lcu_usd,2020,84.8713916666666
BGD,Bangladesh,official_exchange_rate_lcu_usd,2019,84.4535225
BGD,Bangladesh,official_exchange_rate_lcu_usd,2018,83.4662019166666
BGD,Bangladesh,official_exchange_rate_lcu_usd,2017,80.4375416666666
BGD,Bangladesh,official_exchange_rate_lcu_usd,2016,78.4680916666666
BGD,Bangladesh,official_exchange_rate_lcu_usd,2015,77.9469083333333
BGD,Bangladesh,official_exchange_rate_lcu_usd,2014,77.6414083333333
BGD,Bangladesh,official_exchange_rate_lcu_usd,2013,78.103235
BGD,Bangladesh,official_exchange_rate_lcu_usd,2012,81.8626583333333
BGD,Bangladesh,official_exchange_rate_lcu_usd,2011,74.1524
BGD,Bangladesh,official_exchange_rate_lcu_usd,2010,69.6492916666666
BGD,Bangladesh,gdp_current_usd,2025,456319229255.578
BGD,Bangladesh,gdp_current_usd,2024,450119432068.852
BGD,Bangladesh,gdp_current_usd,2023,437415333018.291
BGD,Bangladesh,gdp_current_usd,2022,460131689083.083
BGD,Bangladesh,gdp_current_usd,2021,416271647911.014
BGD,Bangladesh,gdp_current_usd,2020,373979442362.193
BGD,Bangladesh,gdp_current_usd,2019,351231654603.692
BGD,Bangladesh,gdp_current_usd,2018,321362752441.78
BGD,Bangladesh,gdp_current_usd,2017,293732446624.596
BGD,Bangladesh,gdp_current_usd,2016,265224515675.034
BGD,Bangladesh,gdp_current_usd,2015,195146608978.131
BGD,Bangladesh,gdp_current_usd,2014,172886611653.786
BGD,Bangladesh,gdp_current_usd,2013,149998957434.186
BGD,Bangladesh,gdp_current_usd,2012,133310747603.483
BGD,Bangladesh,gdp_current_usd,2011,128607482310.357
BGD,Bangladesh,gdp_current_usd,2010,115275540051.262
BGD,Bangladesh,gdp_per_capita_usd,2025,2597.34352335275
BGD,Bangladesh,gdp_per_capita_usd,2024,2593.41611680774
BGD,Bangladesh,gdp_per_capita_usd,2023,2551.01773827307
BGD,Bangladesh,gdp_per_capita_usd,2022,2716.48592780431
BGD,Bangladesh,gdp_per_capita_usd,2021,2482.84917843357
BGD,Bangladesh,gdp_per_capita_usd,2020,2248.85078828233
BGD,Bangladesh,gdp_per_capita_usd,2019,2129.79896954606
BGD,Bangladesh,gdp_per_capita_usd,2018,1965.24372731467
BGD,Bangladesh,gdp_per_capita_usd,2017,1811.08221668646
BGD,Bangladesh,gdp_per_capita_usd,2016,1649.28380858601
BGD,Bangladesh,gdp_per_capita_usd,2015,1224.38647668165
BGD,Bangladesh,gdp_per_capita_usd,2014,1094.46199702838
BGD,Bangladesh,gdp_per_capita_usd,2013,958.262989798283
BGD,Bangladesh,gdp_per_capita_usd,2012,859.680536375497
BGD,Bangladesh,gdp_per_capita_usd,2011,837.336944695647
BGD,Bangladesh,gdp_per_capita_usd,2010,757.385280361508
BGD,Bangladesh,total_reserves_usd,2025,28562651500.7356
BGD,Bangladesh,total_reserves_usd,2024,21394795733.0405
BGD,Bangladesh,total_reserves_usd,2023,21859709190.8892
BGD,Bangladesh,total_reserves_usd,2022,33747202271.7021
BGD,Bangladesh,total_reserves_usd,2021,46165532457.1555
BGD,Bangladesh,total_reserves_usd,2020,43171735335.8
BGD,Bangladesh,total_reserves_usd,2019,32696936140.2925
BGD,Bangladesh,total_reserves_usd,2018,32028383716.5949
BGD,Bangladesh,total_reserves_usd,2017,33431482893.1712
BGD,Bangladesh,total_reserves_usd,2016,32283838538.9037
BGD,Bangladesh,total_reserves_usd,2015,27493077971.9949
BGD,Bangladesh,total_reserves_usd,2014,22319788312.4797
BGD,Bangladesh,total_reserves_usd,2013,18087689200.0619
BGD,Bangladesh,total_reserves_usd,2012,12754226899.6071
BGD,Bangladesh,total_reserves_usd,2011,9174749651.1268
BGD,Bangladesh,total_reserves_usd,2010,11174828666.952
BGD,Bangladesh,unemployment_rate,2025,3.778
BGD,Bangladesh,unemployment_rate,2024,3.635
BGD,Bangladesh,unemployment_rate,2023,3.352
BGD,Bangladesh,unemployment_rate,2022,4.593
BGD,Bangladesh,unemployment_rate,2021,5.457
BGD,Bangladesh,unemployment_rate,2020,5.539
BGD,Bangladesh,unemployment_rate,2019,4.504
BGD,Bangladesh,unemployment_rate,2018,4.439
BGD,Bangladesh,unemployment_rate,2017,4.372
BGD,Bangladesh,unemployment_rate,2016,4.35
BGD,Bangladesh,unemployment_rate,2015,4.397
BGD,Bangladesh,unemployment_rate,2014,4.417
BGD,Bangladesh,unemployment_rate,2013,4.426
BGD,Bangladesh,unemployment_rate,2012,4.07
BGD,Bangladesh,unemployment_rate,2011,3.737
BGD,Bangladesh,unemployment_rate,2010,3.379
BGD,Bangladesh,youth_unemployment_rate,2025,9.385
BGD,Bangladesh,youth_unemployment_rate,2024,9.097
BGD,Bangladesh,youth_unemployment_rate,2023,7.905
BGD,Bangladesh,youth_unemployment_rate,2022,10.985
BGD,Bangladesh,youth_unemployment_rate,2021,12.72
BGD,Bangladesh,youth_unemployment_rate,2020,13.473
BGD,Bangladesh,youth_unemployment_rate,2019,11.742
BGD,Bangladesh,youth_unemployment_rate,2018,11.907
BGD,Bangladesh,youth_unemployment_rate,2017,12.101
BGD,Bangladesh,youth_unemployment_rate,2016,10.956
BGD,Bangladesh,youth_unemployment_rate,2015,10.561
BGD,Bangladesh,youth_unemployment_rate,2014,10.122
BGD,Bangladesh,youth_unemployment_rate,2013,9.674
BGD,Bangladesh,youth_unemployment_rate,2012,8.538
BGD,Bangladesh,youth_unemployment_rate,2011,7.429
BGD,Bangladesh,youth_unemployment_rate,2010,6.289
BGD,Bangladesh,gini_index,2022,30.9
BGD,Bangladesh,gini_index,2016,32.4
BGD,Bangladesh,gini_index,2010,32.1
BTN,Bhutan,debt_to_gdp,2020,111.007884099526
BTN,Bhutan,debt_to_gdp,2019,90.3573525676224
BTN,Bhutan,debt_to_gdp,2018,95.847821202237
BTN,Bhutan,debt_to_gdp,2017,95.7786849944102
BTN,Bhutan,debt_to_gdp,2016,92.2912012820179
BTN,Bhutan,debt_to_gdp,2015,81.0505609933361
BTN,Bhutan,debt_to_gdp,2014,84.9990711320017
BTN,Bhutan,debt_to_gdp,2013,88.9492144824279
BTN,Bhutan,debt_to_gdp,2012,67.0148156229242
BTN,Bhutan,debt_to_gdp,2011,57.5496480907902
BTN,Bhutan,debt_to_gdp,2010,50.9195301727763
BTN,Bhutan,current_account_pct_gdp,2024,-19.4017852146799
BTN,Bhutan,current_account_pct_gdp,2023,-33.9073870683129
BTN,Bhutan,current_account_pct_gdp,2022,-27.8005472490936
BTN,Bhutan,current_account_pct_gdp,2021,-11.5313120542653
BTN,Bhutan,current_account_pct_gdp,2020,-15.5091108691023
BTN,Bhutan,current_account_pct_gdp,2019,-18.3062679862316
BTN,Bhutan,current_account_pct_gdp,2018,-18.5091513975915
BTN,Bhutan,current_account_pct_gdp,2017,-20.854696561702
BTN,Bhutan,current_account_pct_gdp,2016,-26.4131091642844
BTN,Bhutan,current_account_pct_gdp,2015,-25.0627177353296
BTN,Bhutan,current_account_pct_gdp,2014,-23.4688052620107
BTN,Bhutan,current_account_pct_gdp,2013,-24.293493248344
BTN,Bhutan,current_account_pct_gdp,2012,-19.1060720878636
BTN,Bhutan,current_account_pct_gdp,2011,-26.6070202039628
BTN,Bhutan,current_account_pct_gdp,2010,-18.9069431459851
BTN,Bhutan,reserves_months_imports,2024,6.61474201389785
BTN,Bhutan,reserves_months_imports,2023,4.01324933324282
BTN,Bhutan,reserves_months_imports,2022,5.60738875203104
BTN,Bhutan,reserves_months_imports,2021,10.4684791731149
BTN,Bhutan,reserves_months_imports,2020,12.5303950802888
BTN,Bhutan,reserves_months_imports,2019,9.98564557325311
BTN,Bhutan,reserves_months_imports,2018,7.89747826994498
BTN,Bhutan,reserves_months_imports,2017,9.88572466303795
BTN,Bhutan,reserves_months_imports,2016,9.43703232126746
BTN,Bhutan,reserves_months_imports,2015,9.60611724416569
BTN,Bhutan,reserves_months_imports,2014,11.8031415958019
BTN,Bhutan,reserves_months_imports,2013,9.26353916294241
BTN,Bhutan,reserves_months_imports,2012,8.55745154197412
BTN,Bhutan,reserves_months_imports,2011,6.64779532318255
BTN,Bhutan,reserves_months_imports,2010,11.7469724513219
BTN,Bhutan,gdp_growth,2025,8.00502716233098
BTN,Bhutan,gdp_growth,2024,7.49856206754038
BTN,Bhutan,gdp_growth,2023,4.63215702969933
BTN,Bhutan,gdp_growth,2022,5.21386783786224
BTN,Bhutan,gdp_growth,2021,4.42136738945015
BTN,Bhutan,gdp_growth,2020,-10.2183974208569
BTN,Bhutan,gdp_growth,2019,5.75514851246506
BTN,Bhutan,gdp_growth,2018,3.50187185732737
BTN,Bhutan,gdp_growth,2017,2.08684522733067
BTN,Bhutan,gdp_growth,2016,8.47594339232963
BTN,Bhutan,gdp_growth,2015,6.66080128866197
BTN,Bhutan,gdp_growth,2014,5.88108550658288
BTN,Bhutan,gdp_growth,2013,1.73634039505693
BTN,Bhutan,gdp_growth,2012,5.16482012683895
BTN,Bhutan,gdp_growth,2011,8.4892584842808
BTN,Bhutan,gdp_growth,2010,11.9318738376229
BTN,Bhutan,inflation,2025,3.55513663074987
BTN,Bhutan,inflation,2024,2.76131569624097
BTN,Bhutan,inflation,2023,4.22934419929251
BTN,Bhutan,inflation,2022,5.6391667139637
BTN,Bhutan,inflation,2021,7.3468144053353
BTN,Bhutan,inflation,2020,5.62936522632507
BTN,Bhutan,inflation,2019,2.72643037388832
BTN,Bhutan,inflation,2018,2.72396386183713
BTN,Bhutan,inflation,2017,4.95508366985129
BTN,Bhutan,inflation,2016,3.21988689395717
BTN,Bhutan,inflation,2015,4.54814395082205
BTN,Bhutan,inflation,2014,8.27106093949327
BTN,Bhutan,inflation,2013,8.77638345268212
BTN,Bhutan,inflation,2012,10.919656944683
BTN,Bhutan,inflation,2011,8.848985699468
BTN,Bhutan,inflation,2010,7.03638316073018
BTN,Bhutan,political_stability,2025,1.3932596
BTN,Bhutan,political_stability,2024,1.365615
BTN,Bhutan,political_stability,2023,1.3382802
BTN,Bhutan,political_stability,2022,1.3281753
BTN,Bhutan,political_stability,2021,0.9158478
BTN,Bhutan,political_stability,2020,1.0959384
BTN,Bhutan,political_stability,2019,1.1467267
BTN,Bhutan,political_stability,2018,1.0958582
BTN,Bhutan,political_stability,2017,1.0985119
BTN,Bhutan,political_stability,2016,1.0909136
BTN,Bhutan,political_stability,2015,0.9776677
BTN,Bhutan,political_stability,2014,1.1464077
BTN,Bhutan,political_stability,2013,0.7696931
BTN,Bhutan,political_stability,2012,0.783332
BTN,Bhutan,political_stability,2011,0.7543806
BTN,Bhutan,political_stability,2010,0.7571492
BTN,Bhutan,government_effectiveness,2025,0.7056605
BTN,Bhutan,government_effectiveness,2024,0.5756196
BTN,Bhutan,government_effectiveness,2023,0.556027
BTN,Bhutan,government_effectiveness,2022,0.5559796
BTN,Bhutan,government_effectiveness,2021,0.672047
BTN,Bhutan,government_effectiveness,2020,0.579251
BTN,Bhutan,government_effectiveness,2019,0.5745433
BTN,Bhutan,government_effectiveness,2018,0.6202903
BTN,Bhutan,government_effectiveness,2017,0.5292817
BTN,Bhutan,government_effectiveness,2016,0.4590251
BTN,Bhutan,government_effectiveness,2015,0.3921803
BTN,Bhutan,government_effectiveness,2014,0.4414217
BTN,Bhutan,government_effectiveness,2013,0.6292761
BTN,Bhutan,government_effectiveness,2012,0.5049669
BTN,Bhutan,government_effectiveness,2011,0.4461249
BTN,Bhutan,government_effectiveness,2010,0.4105812
BTN,Bhutan,rule_of_law,2025,0.7217758
BTN,Bhutan,rule_of_law,2024,0.802523
BTN,Bhutan,rule_of_law,2023,0.7359932
BTN,Bhutan,rule_of_law,2022,0.6976428
BTN,Bhutan,rule_of_law,2021,0.7034554
BTN,Bhutan,rule_of_law,2020,0.6720843
BTN,Bhutan,rule_of_law,2019,0.6818517
BTN,Bhutan,rule_of_law,2018,0.6878012
BTN,Bhutan,rule_of_law,2017,0.6449278
BTN,Bhutan,rule_of_law,2016,0.5271992
BTN,Bhutan,rule_of_law,2015,0.5211549
BTN,Bhutan,rule_of_law,2014,0.3443848
BTN,Bhutan,rule_of_law,2013,0.2462237
BTN,Bhutan,rule_of_law,2012,0.1551788
BTN,Bhutan,rule_of_law,2011,0.1723231
BTN,Bhutan,rule_of_law,2010,0.131576
BTN,Bhutan,regulatory_quality,2025,-0.0933992
BTN,Bhutan,regulatory_quality,2024,-0.1136468
BTN,Bhutan,regulatory_quality,2023,-0.114452
BTN,Bhutan,regulatory_quality,2022,-0.1145779
BTN,Bhutan,regulatory_quality,2021,-0.0580684
BTN,Bhutan,regulatory_quality,2020,-0.0340604
BTN,Bhutan,regulatory_quality,2019,-0.0684511
BTN,Bhutan,regulatory_quality,2018,-0.0496736
BTN,Bhutan,regulatory_quality,2017,-0.1297659
BTN,Bhutan,regulatory_quality,2016,-0.3542871
BTN,Bhutan,regulatory_quality,2015,-0.3941749
BTN,Bhutan,regulatory_quality,2014,-0.8101549
BTN,Bhutan,regulatory_quality,2013,-0.9194578
BTN,Bhutan,regulatory_quality,2012,-0.9049799
BTN,Bhutan,regulatory_quality,2011,-0.9299335
BTN,Bhutan,regulatory_quality,2010,-0.9325022
BTN,Bhutan,control_of_corruption,2025,1.4734256
BTN,Bhutan,control_of_corruption,2024,1.4697587
BTN,Bhutan,control_of_corruption,2023,1.3526293
BTN,Bhutan,control_of_corruption,2022,1.3523215
BTN,Bhutan,control_of_corruption,2021,1.3178625
BTN,Bhutan,control_of_corruption,2020,1.3397472
BTN,Bhutan,control_of_corruption,2019,1.4626027
BTN,Bhutan,control_of_corruption,2018,1.4499203
BTN,Bhutan,control_of_corruption,2017,1.4491751
BTN,Bhutan,control_of_corruption,2016,1.1682121
BTN,Bhutan,control_of_corruption,2015,1.0782548
BTN,Bhutan,control_of_corruption,2014,1.0894793
BTN,Bhutan,control_of_corruption,2013,0.7856654
BTN,Bhutan,control_of_corruption,2012,0.8138593
BTN,Bhutan,control_of_corruption,2011,0.7179035
BTN,Bhutan,control_of_corruption,2010,0.7761186
BTN,Bhutan,fdi_net_inflows_pct_gdp,2025,0.238058616008172
BTN,Bhutan,fdi_net_inflows_pct_gdp,2024,0.0841982308924301
BTN,Bhutan,fdi_net_inflows_pct_gdp,2023,0.338339566522946
BTN,Bhutan,fdi_net_inflows_pct_gdp,2022,0.289904655137253
BTN,Bhutan,fdi_net_inflows_pct_gdp,2021,0.244983575408047
BTN,Bhutan,fdi_net_inflows_pct_gdp,2020,-0.113401528947433
BTN,Bhutan,fdi_net_inflows_pct_gdp,2019,0.475617042344246
BTN,Bhutan,fdi_net_inflows_pct_gdp,2018,0.10255942689779
BTN,Bhutan,fdi_net_inflows_pct_gdp,2017,-0.638806366922729
BTN,Bhutan,fdi_net_inflows_pct_gdp,2016,0.504099187674602
BTN,Bhutan,fdi_net_inflows_pct_gdp,2015,0.294858179551153
BTN,Bhutan,fdi_net_inflows_pct_gdp,2014,1.12656942719562
BTN,Bhutan,fdi_net_inflows_pct_gdp,2013,1.05127659163372
BTN,Bhutan,fdi_net_inflows_pct_gdp,2012,1.2354733641673
BTN,Bhutan,fdi_net_inflows_pct_gdp,2011,1.57461513860453
BTN,Bhutan,fdi_net_inflows_pct_gdp,2010,4.40487201345335
BTN,Bhutan,exports_pct_gdp,2024,31.4948602422141
BTN,Bhutan,exports_pct_gdp,2023,28.3881078975658
BTN,Bhutan,exports_pct_gdp,2022,25.4988399587876
BTN,Bhutan,exports_pct_gdp,2021,29.1987406924537
BTN,Bhutan,exports_pct_gdp,2020,28.0656355144502
BTN,Bhutan,exports_pct_gdp,2019,31.4575032617598
BTN,Bhutan,exports_pct_gdp,2018,29.1897191930732
BTN,Bhutan,exports_pct_gdp,2017,28.4464080232377
BTN,Bhutan,exports_pct_gdp,2016,27.1228339132394
BTN,Bhutan,exports_pct_gdp,2015,31.5360910045004
BTN,Bhutan,exports_pct_gdp,2014,34.1893414068432
BTN,Bhutan,exports_pct_gdp,2013,37.4343659431634
BTN,Bhutan,exports_pct_gdp,2012,35.7881097866179
BTN,Bhutan,exports_pct_gdp,2011,37.9232018736818
BTN,Bhutan,exports_pct_gdp,2010,39.3870452376357
BTN,Bhutan,imports_pct_gdp,2024,47.8676815531182
BTN,Bhutan,imports_pct_gdp,2023,53.3485199564153
BTN,Bhutan,imports_pct_gdp,2022,60.0723765638263
BTN,Bhutan,imports_pct_gdp,2021,48.3837075785288
BTN,Bhutan,imports_pct_gdp,2020,43.7647155250135
BTN,Bhutan,imports_pct_gdp,2019,44.6660134423907
BTN,Bhutan,imports_pct_gdp,2018,50.550001136535
BTN,Bhutan,imports_pct_gdp,2017,48.3419936617844
BTN,Bhutan,imports_pct_gdp,2016,49.2619189365981
BTN,Bhutan,imports_pct_gdp,2015,58.1030694550492
BTN,Bhutan,imports_pct_gdp,2014,53.7449147944863
BTN,Bhutan,imports_pct_gdp,2013,57.618172334879
BTN,Bhutan,imports_pct_gdp,2012,58.2569173603391
BTN,Bhutan,imports_pct_gdp,2011,64.8723983474244
BTN,Bhutan,imports_pct_gdp,2010,65.623621455957
BTN,Bhutan,official_exchange_rate_lcu_usd,2025,87.1584483507393
BTN,Bhutan,official_exchange_rate_lcu_usd,2024,83.669281580941
BTN,Bhutan,official_exchange_rate_lcu_usd,2023,82.5992764460784
BTN,Bhutan,official_exchange_rate_lcu_usd,2022,78.6044905829915
BTN,Bhutan,official_exchange_rate_lcu_usd,2021,73.9180128154351
BTN,Bhutan,official_exchange_rate_lcu_usd,2020,74.0995668836052
BTN,Bhutan,official_exchange_rate_lcu_usd,2019,70.420340535955
BTN,Bhutan,official_exchange_rate_lcu_usd,2018,68.3894670935421
BTN,Bhutan,official_exchange_rate_lcu_usd,2017,65.1215686450659
BTN,Bhutan,official_exchange_rate_lcu_usd,2016,67.1953128073893
BTN,Bhutan,official_exchange_rate_lcu_usd,2015,64.1519444632786
BTN,Bhutan,official_exchange_rate_lcu_usd,2014,61.0295144607843
BTN,Bhutan,official_exchange_rate_lcu_usd,2013,58.5978454166666
BTN,Bhutan,official_exchange_rate_lcu_usd,2012,53.4372333333333
BTN,Bhutan,official_exchange_rate_lcu_usd,2011,46.6704666666666
BTN,Bhutan,official_exchange_rate_lcu_usd,2010,45.7258121212121
BTN,Bhutan,gdp_current_usd,2025,3579320145.13077
BTN,Bhutan,gdp_current_usd,2024,3346603858.7495
BTN,Bhutan,gdp_current_usd,2023,3012896789.79753
BTN,Bhutan,gdp_current_usd,2022,2898227743.75576
BTN,Bhutan,gdp_current_usd,2021,2768802960.11204
BTN,Bhutan,gdp_current_usd,2020,2457604333.90927
BTN,Bhutan,gdp_current_usd,2019,2735683570.46155
BTN,Bhutan,gdp_current_usd,2018,2583335721.85904
BTN,Bhutan,gdp_current_usd,2017,2591358009.20276
BTN,Bhutan,gdp_current_usd,2016,2357504760.78592
BTN,Bhutan,gdp_current_usd,2015,2187815803.36833
BTN,Bhutan,gdp_current_usd,2014,2089079570.58285
BTN,Bhutan,gdp_current_usd,2013,1943696951.65411
BTN,Bhutan,gdp_current_usd,2012,1973387227.96519
BTN,Bhutan,gdp_current_usd,2011,1977728658.68259
BTN,Bhutan,gdp_current_usd,2010,1708880730.20989
BTN,Bhutan,gdp_per_capita_usd,2025,4492.78400306618
BTN,Bhutan,gdp_per_capita_usd,2024,4228.05102403654
BTN,Bhutan,gdp_per_capita_usd,2023,3831.32535564326
BTN,Bhutan,gdp_per_capita_usd,2022,3711.32767981591
BTN,Bhutan,gdp_per_capita_usd,2021,3570.61257980872
BTN,Bhutan,gdp_per_capita_usd,2020,3191.66906999331
BTN,Bhutan,gdp_per_capita_usd,2019,3576.87987100503
BTN,Bhutan,gdp_per_capita_usd,2018,3400.20417245342
BTN,Bhutan,gdp_per_capita_usd,2017,3435.28804735662
BTN,Bhutan,gdp_per_capita_usd,2016,3152.30905106786
BTN,Bhutan,gdp_per_capita_usd,2015,2954.04081911097
BTN,Bhutan,gdp_per_capita_usd,2014,2849.49998647303
BTN,Bhutan,gdp_per_capita_usd,2013,2679.95217201538
BTN,Bhutan,gdp_per_capita_usd,2012,2751.2128864294
BTN,Bhutan,gdp_per_capita_usd,2011,2787.97967608562
BTN,Bhutan,gdp_per_capita_usd,2010,2435.5798056672
BTN,Bhutan,total_reserves_usd,2025,1193813117.88207
BTN,Bhutan,total_reserves_usd,2024,941017689.206036
BTN,Bhutan,total_reserves_usd,2023,654480752.429944
BTN,Bhutan,total_reserves_usd,2022,825755411.679767
BTN,Bhutan,total_reserves_usd,2021,1049605755.17505
BTN,Bhutan,total_reserves_usd,2020,1426914817.73783
BTN,Bhutan,total_reserves_usd,2019,1238371618.29551
BTN,Bhutan,total_reserves_usd,2018,987247035.583982
BTN,Bhutan,total_reserves_usd,2017,1206238190.85106
BTN,Bhutan,total_reserves_usd,2016,1127277331.66277
BTN,Bhutan,total_reserves_usd,2015,1103179128.57933
BTN,Bhutan,total_reserves_usd,2014,1245086666.63096
BTN,Bhutan,total_reserves_usd,2013,991306676.488434
BTN,Bhutan,total_reserves_usd,2012,954678385.085581
BTN,Bhutan,total_reserves_usd,2011,789643751.580541
BTN,Bhutan,total_reserves_usd,2010,1002139101.89679
BTN,Bhutan,unemployment_rate,2025,3.227
BTN,Bhutan,unemployment_rate,2024,3.282
BTN,Bhutan,unemployment_rate,2023,3.126
BTN,Bhutan,unemployment_rate,2022,5.947
BTN,Bhutan,unemployment_rate,2021,4.803
BTN,Bhutan,unemployment_rate,2020,5.03
BTN,Bhutan,unemployment_rate,2019,2.72
BTN,Bhutan,unemployment_rate,2018,3.35
BTN,Bhutan,unemployment_rate,2017,3.027
BTN,Bhutan,unemployment_rate,2016,2.707
BTN,Bhutan,unemployment_rate,2015,2.45
BTN,Bhutan,unemployment_rate,2014,2.63
BTN,Bhutan,unemployment_rate,2013,2.87
BTN,Bhutan,unemployment_rate,2012,2.05
BTN,Bhutan,unemployment_rate,2011,3.23
BTN,Bhutan,unemployment_rate,2010,3.32
BTN,Bhutan,youth_unemployment_rate,2025,17.052
BTN,Bhutan,youth_unemployment_rate,2024,17.934
BTN,Bhutan,youth_unemployment_rate,2023,14.939
BTN,Bhutan,youth_unemployment_rate,2022,27.177
BTN,Bhutan,youth_unemployment_rate,2021,20.609
BTN,Bhutan,youth_unemployment_rate,2020,21.989
BTN,Bhutan,youth_unemployment_rate,2019,11.56
BTN,Bhutan,youth_unemployment_rate,2018,15.199
BTN,Bhutan,youth_unemployment_rate,2017,13.355
BTN,Bhutan,youth_unemployment_rate,2016,11.614
BTN,Bhutan,youth_unemployment_rate,2015,10.115
BTN,Bhutan,youth_unemployment_rate,2014,9.023
BTN,Bhutan,youth_unemployment_rate,2013,9.389
BTN,Bhutan,youth_unemployment_rate,2012,6.982
BTN,Bhutan,youth_unemployment_rate,2011,8.911
BTN,Bhutan,youth_unemployment_rate,2010,8.784
BTN,Bhutan,gini_index,2022,28.5
BTN,Bhutan,gini_index,2017,37.4
BTN,Bhutan,gini_index,2012,38.8
IND,India,debt_to_gdp,2018,46.5224986659322
IND,India,debt_to_gdp,2017,47.5836093800197
IND,India,debt_to_gdp,2016,47.6337555915272
IND,India,debt_to_gdp,2015,49.9647183856551
IND,India,debt_to_gdp,2014,49.9009248748319
IND,India,debt_to_gdp,2013,50.3118273627008
IND,India,debt_to_gdp,2012,50.6780305618952
IND,India,debt_to_gdp,2011,51.5565536600977
IND,India,debt_to_gdp,2010,51.5919103003897
IND,India,current_account_pct_gdp,2025,-0.511308076227287
IND,India,current_account_pct_gdp,2024,-0.851289719084461
IND,India,current_account_pct_gdp,2023,-0.912777939495826
IND,India,current_account_pct_gdp,2022,-2.43238270956779
IND,India,current_account_pct_gdp,2021,-1.05524166809383
IND,India,current_account_pct_gdp,2020,1.22362111042791
IND,India,current_account_pct_gdp,2019,-1.04961203910072
IND,India,current_account_pct_gdp,2018,-2.42697545810527
IND,India,current_account_pct_gdp,2017,-1.43948820320988
IND,India,current_account_pct_gdp,2016,-0.527880606037518
IND,India,current_account_pct_gdp,2015,-1.06754907167964
IND,India,current_account_pct_gdp,2014,-1.33950896483452
IND,India,current_account_pct_gdp,2013,-2.64566711733892
IND,India,current_account_pct_gdp,2012,-5.00488971805303
IND,India,current_account_pct_gdp,2011,-3.42928468606061
IND,India,current_account_pct_gdp,2010,-3.25348368945179
IND,India,reserves_months_imports,2025,7.85087469673437
IND,India,reserves_months_imports,2024,7.52136088188696
IND,India,reserves_months_imports,2023,7.97237314389747
IND,India,reserves_months_imports,2022,7.00951210544359
IND,India,reserves_months_imports,2021,9.84238574452327
IND,India,reserves_months_imports,2020,12.9323281065785
IND,India,reserves_months_imports,2019,8.27365940048396
IND,India,reserves_months_imports,2018,6.90105548512363
IND,India,reserves_months_imports,2017,8.16271866943628
IND,India,reserves_months_imports,2016,8.43013905768233
IND,India,reserves_months_imports,2015,8.00309182929654
IND,India,reserves_months_imports,2014,6.59913308020169
IND,India,reserves_months_imports,2013,6.02774649537523
IND,India,reserves_months_imports,2012,5.90371509588661
IND,India,reserves_months_imports,2011,6.18879010347658
IND,India,reserves_months_imports,2010,7.76063411026838
IND,India,gdp_growth,2025,7.56666179284244
IND,India,gdp_growth,2024,7.09927893176518
IND,India,gdp_growth,2023,7.210224629335
IND,India,gdp_growth,2022,7.6093649776932
IND,India,gdp_growth,2021,9.68959249191741
IND,India,gdp_growth,2020,-5.77772470687303
IND,India,gdp_growth,2019,3.87143694070524
IND,India,gdp_growth,2018,6.45385134495295
IND,India,gdp_growth,2017,6.79538341902422
IND,India,gdp_growth,2016,8.25630550176662
IND,India,gdp_growth,2015,7.99625378567987
IND,India,gdp_growth,2014,7.41022760516977
IND,India,gdp_growth,2013,6.38610640091713
IND,India,gdp_growth,2012,5.45638755164772
IND,India,gdp_growth,2011,5.24131620024293
IND,India,gdp_growth,2010,8.49758470165625
IND,India,inflation,2025,2.39884954182294
IND,India,inflation,2024,4.9530355097366
IND,India,inflation,2023,5.64914318907925
IND,India,inflation,2022,6.69903414079857
IND,India,inflation,2021,5.13140747176363
IND,India,inflation,2020,6.62343677628529
IND,India,inflation,2019,3.72950573539123
IND,India,inflation,2018,3.93882646691642
IND,India,inflation,2017,3.32817337461304
IND,India,inflation,2016,4.94821634062134
IND,India,inflation,2015,4.90697344127249
IND,India,inflation,2014,6.66565671867899
IND,India,inflation,2013,10.0178784746104
IND,India,inflation,2012,9.47899691419792
IND,India,inflation,2011,8.9117933648336
IND,India,inflation,2010,11.9893899204244
IND,India,political_stability,2025,-0.6078803
IND,India,political_stability,2024,-0.7058887
IND,India,political_stability,2023,-0.8208437
IND,India,political_stability,2022,-0.7656103
IND,India,political_stability,2021,-0.6159965
IND,India,political_stability,2020,-0.7238341
IND,India,political_stability,2019,-0.5876129
IND,India,political_stability,2018,-0.6652231
IND,India,political_stability,2017,-0.5630854
IND,India,political_stability,2016,-0.7241407
IND,India,political_stability,2015,-0.7545551
IND,India,political_stability,2014,-0.8130683
IND,India,political_stability,2013,-1.1388815
IND,India,political_stability,2012,-1.1136064
IND,India,political_stability,2011,-1.1277343
IND,India,political_stability,2010,-0.9126338
IND,India,government_effectiveness,2025,0.5021381
IND,India,government_effectiveness,2024,0.5080583
IND,India,government_effectiveness,2023,0.5084481
IND,India,government_effectiveness,2022,0.4390193
IND,India,government_effectiveness,2021,0.358756
IND,India,government_effectiveness,2020,0.4546407
IND,India,government_effectiveness,2019,0.5551333
IND,India,government_effectiveness,2018,0.5521016
IND,India,government_effectiveness,2017,0.4244099
IND,India,government_effectiveness,2016,0.4723672
IND,India,government_effectiveness,2015,0.480403
IND,India,government_effectiveness,2014,0.1523091
IND,India,government_effectiveness,2013,0.1071809
IND,India,government_effectiveness,2012,0.0933062
IND,India,government_effectiveness,2011,0.1075143
IND,India,government_effectiveness,2010,0.1129474
IND,India,rule_of_law,2025,-0.1286599
IND,India,rule_of_law,2024,-0.012521
IND,India,rule_of_law,2023,-0.0665941
IND,India,rule_of_law,2022,-0.0619553
IND,India,rule_of_law,2021,-0.1609352
IND,India,rule_of_law,2020,-0.0776172
IND,India,rule_of_law,2019,-0.0157278
IND,India,rule_of_law,2018,0.0205359
IND,India,rule_of_law,2017,-0.0318935
IND,India,rule_of_law,2016,-0.0815395
IND,India,rule_of_law,2015,-0.1374266
IND,India,rule_of_law,2014,-0.1778943
IND,India,rule_of_law,2013,-0.1044717
IND,India,rule_of_law,2012,-0.1172949
IND,India,rule_of_law,2011,-0.0006039
IND,India,rule_of_law,2010,0.0593161
IND,India,regulatory_quality,2025,-0.1695733
IND,India,regulatory_quality,2024,-0.0898112
IND,India,regulatory_quality,2023,-0.1303438
IND,India,regulatory_quality,2022,-0.092447
IND,India,regulatory_quality,2021,-0.1879253
IND,India,regulatory_quality,2020,-0.1650984
IND,India,regulatory_quality,2019,-0.1324994
IND,India,regulatory_quality,2018,-0.1880736
IND,India,regulatory_quality,2017,-0.2318736
IND,India,regulatory_quality,2016,-0.2732856
IND,India,regulatory_quality,2015,-0.3523424
IND,India,regulatory_quality,2014,-0.3982983
IND,India,regulatory_quality,2013,-0.391657
IND,India,regulatory_quality,2012,-0.4047703
IND,India,regulatory_quality,2011,-0.382809
IND,India,regulatory_quality,2010,-0.3273411
IND,India,control_of_corruption,2025,-0.2791735
IND,India,control_of_corruption,2024,-0.2980376
IND,India,control_of_corruption,2023,-0.3354592
IND,India,control_of_corruption,2022,-0.3266917
IND,India,control_of_corruption,2021,-0.3031751
IND,India,control_of_corruption,2020,-0.2569922
IND,India,control_of_corruption,2019,-0.2210026
IND,India,control_of_corruption,2018,-0.2108371
IND,India,control_of_corruption,2017,-0.2253804
IND,India,control_of_corruption,2016,-0.2868347
IND,India,control_of_corruption,2015,-0.3457352
IND,India,control_of_corruption,2014,-0.4143125
IND,India,control_of_corruption,2013,-0.4705032
IND,India,control_of_corruption,2012,-0.5033606
IND,India,control_of_corruption,2011,-0.4898141
IND,India,control_of_corruption,2010,-0.3618983
IND,India,fdi_net_inflows_pct_gdp,2025,1.03111732367627
IND,India,fdi_net_inflows_pct_gdp,2024,0.721648483526777
IND,India,fdi_net_inflows_pct_gdp,2023,0.802254995836756
IND,India,fdi_net_inflows_pct_gdp,2022,1.53665241748393
IND,India,fdi_net_inflows_pct_gdp,2021,1.41217101040888
IND,India,fdi_net_inflows_pct_gdp,2020,2.40620322673636
IND,India,fdi_net_inflows_pct_gdp,2019,1.78482633957161
IND,India,fdi_net_inflows_pct_gdp,2018,1.55821483801456
IND,India,fdi_net_inflows_pct_gdp,2017,1.50731583255894
IND,India,fdi_net_inflows_pct_gdp,2016,1.9373641224439
IND,India,fdi_net_inflows_pct_gdp,2015,2.09211521443253
IND,India,fdi_net_inflows_pct_gdp,2014,1.69565958990806
IND,India,fdi_net_inflows_pct_gdp,2013,1.5162764665975
IND,India,fdi_net_inflows_pct_gdp,2012,1.31293453035323
IND,India,fdi_net_inflows_pct_gdp,2011,2.0020634629993
IND,India,fdi_net_inflows_pct_gdp,2010,1.6350340943491
IND,India,exports_pct_gdp,2025,22.2630410669804
IND,India,exports_pct_gdp,2024,22.0639816354399
IND,India,exports_pct_gdp,2023,22.354801966733
IND,India,exports_pct_gdp,2022,24.0401716365956
IND,India,exports_pct_gdp,2021,21.3991583305515
IND,India,exports_pct_gdp,2020,18.6824769296756
IND,India,exports_pct_gdp,2019,18.664264897257
IND,India,exports_pct_gdp,2018,19.9278285988562
IND,India,exports_pct_gdp,2017,18.7917648392982
IND,India,exports_pct_gdp,2016,19.1582349105946
IND,India,exports_pct_gdp,2015,19.8131891564045
IND,India,exports_pct_gdp,2014,22.9679630081172
IND,India,exports_pct_gdp,2013,25.430861300519
IND,India,exports_pct_gdp,2012,24.534430661418
IND,India,exports_pct_gdp,2011,24.5404113195713
IND,India,exports_pct_gdp,2010,22.4009332487945
IND,India,imports_pct_gdp,2025,24.0051596190103
IND,India,imports_pct_gdp,2024,23.8527091324349
IND,India,imports_pct_gdp,2023,23.9681500915008
IND,India,imports_pct_gdp,2022,26.6577666392086
IND,India,imports_pct_gdp,2021,24.0239304534931
IND,India,imports_pct_gdp,2020,19.0756283996012
IND,India,imports_pct_gdp,2019,21.2411386333872
IND,India,imports_pct_gdp,2018,23.6891407335327
IND,India,imports_pct_gdp,2017,21.9507321152243
IND,India,imports_pct_gdp,2016,20.9242508026814
IND,India,imports_pct_gdp,2015,22.1097247094602
IND,India,imports_pct_gdp,2014,25.9542227389497
IND,India,imports_pct_gdp,2013,28.4132706461587
IND,India,imports_pct_gdp,2012,31.2592910673332
IND,India,imports_pct_gdp,2011,31.0834686939585
IND,India,imports_pct_gdp,2010,26.8542732486216
IND,India,official_exchange_rate_lcu_usd,2025,87.1584483507393
IND,India,official_exchange_rate_lcu_usd,2024,83.669281580941
IND,India,official_exchange_rate_lcu_usd,2023,82.5992764460784
IND,India,official_exchange_rate_lcu_usd,2022,78.6044905829915
IND,India,official_exchange_rate_lcu_usd,2021,73.9180128154351
IND,India,official_exchange_rate_lcu_usd,2020,74.0995668836052
IND,India,official_exchange_rate_lcu_usd,2019,70.420340535955
IND,India,official_exchange_rate_lcu_usd,2018,68.3894670935421
IND,India,official_exchange_rate_lcu_usd,2017,65.1215686450659
IND,India,official_exchange_rate_lcu_usd,2016,67.1953128073893
IND,India,official_exchange_rate_lcu_usd,2015,64.1519444632786
IND,India,official_exchange_rate_lcu_usd,2014,61.0295144607843
IND,India,official_exchange_rate_lcu_usd,2013,58.5978454166666
IND,India,official_exchange_rate_lcu_usd,2012,53.4372333333333
IND,India,official_exchange_rate_lcu_usd,2011,46.6704666666666
IND,India,official_exchange_rate_lcu_usd,2010,45.7258121212121
IND,India,gdp_current_usd,2025,3956067115771.63
IND,India,gdp_current_usd,2024,3760813470500.86
IND,India,gdp_current_usd,2023,3500906030644.76
IND,India,gdp_current_usd,2022,3249938492013.47
IND,India,gdp_current_usd,2021,3167270623260.47
IND,India,gdp_current_usd,2020,2674851578587.27
IND,India,gdp_current_usd,2019,2835606256558.19
IND,India,gdp_current_usd,2018,2702929641648.74
IND,India,gdp_current_usd,2017,2651474262755.45
IND,India,gdp_current_usd,2016,2294796885663.16
IND,India,gdp_current_usd,2015,2103588360044.94
IND,India,gdp_current_usd,2014,2039126479154.52
IND,India,gdp_current_usd,2013,1856721507621.58
IND,India,gdp_current_usd,2012,1827637590410.41
IND,India,gdp_current_usd,2011,1823051829894.55
IND,India,gdp_current_usd,2010,1675615519484.96
IND,India,gdp_per_capita_usd,2025,2702.47987141553
IND,India,gdp_per_capita_usd,2024,2591.9916607122
IND,India,gdp_per_capita_usd,2023,2434.44826340989
IND,India,gdp_per_capita_usd,2022,2279.98145719369
IND,India,gdp_per_capita_usd,2021,2239.61384367482
IND,India,gdp_per_capita_usd,2020,1907.04251637669
IND,India,gdp_per_capita_usd,2019,2041.42863698585
IND,India,gdp_per_capita_usd,2018,1966.25455171679
IND,India,gdp_per_capita_usd,2017,1950.10468280866
IND,India,gdp_per_capita_usd,2016,1707.50892912243
IND,India,gdp_per_capita_usd,2015,1583.99815907985
IND,India,gdp_per_capita_usd,2014,1553.88396075118
IND,India,gdp_per_capita_usd,2013,1432.84397512195
IND,India,gdp_per_capita_usd,2012,1429.32199520032
IND,India,gdp_per_capita_usd,2011,1445.46127486037
IND,India,gdp_per_capita_usd,2010,1347.51939071367
IND,India,total_reserves_usd,2025,700073798240.701
IND,India,total_reserves_usd,2024,643042560625.54
IND,India,total_reserves_usd,2023,627792750126.715
IND,India,total_reserves_usd,2022,567298153917.14
IND,India,total_reserves_usd,2021,638484779930.835
IND,India,total_reserves_usd,2020,590227359928.896
IND,India,total_reserves_usd,2019,463469902152.507
IND,India,total_reserves_usd,2018,399167159226.681
IND,India,total_reserves_usd,2017,412613792019.923
IND,India,total_reserves_usd,2016,361694321972.035
IND,India,total_reserves_usd,2015,353319061013.224
IND,India,total_reserves_usd,2014,325081035127.89
IND,India,total_reserves_usd,2013,298092478740.58
IND,India,total_reserves_usd,2012,300425517446.546
IND,India,total_reserves_usd,2011,298739463090.872
IND,India,total_reserves_usd,2010,300480168786.345
IND,India,unemployment_rate,2025,4.219
IND,India,unemployment_rate,2024,4.173
IND,India,unemployment_rate,2023,4.172
IND,India,unemployment_rate,2022,4.822
IND,India,unemployment_rate,2021,6.38
IND,India,unemployment_rate,2020,7.859
IND,India,unemployment_rate,2019,6.51
IND,India,unemployment_rate,2018,7.652
IND,India,unemployment_rate,2017,7.626
IND,India,unemployment_rate,2016,7.611
IND,India,unemployment_rate,2015,7.629
IND,India,unemployment_rate,2014,7.656
IND,India,unemployment_rate,2013,7.678
IND,India,unemployment_rate,2012,7.645
IND,India,unemployment_rate,2011,7.609
IND,India,unemployment_rate,2010,7.631
IND,India,youth_unemployment_rate,2025,16.022
IND,India,youth_unemployment_rate,2024,15.746
IND,India,youth_unemployment_rate,2023,15.595
IND,India,youth_unemployment_rate,2022,17.732
IND,India,youth_unemployment_rate,2021,20.824
IND,India,youth_unemployment_rate,2020,24.666
IND,India,youth_unemployment_rate,2019,22.947
IND,India,youth_unemployment_rate,2018,26.003
IND,India,youth_unemployment_rate,2017,25.591
IND,India,youth_unemployment_rate,2016,25.23
IND,India,youth_unemployment_rate,2015,24.959
IND,India,youth_unemployment_rate,2014,24.709
IND,India,youth_unemployment_rate,2013,24.473
IND,India,youth_unemployment_rate,2012,24.135
IND,India,youth_unemployment_rate,2011,23.641
IND,India,youth_unemployment_rate,2010,23.299
IND,India,gini_index,2023,23.0
IND,India,gini_index,2022,25.5
IND,India,gini_index,2011,28.8
MDV,Maldives,debt_to_gdp,2011,57.2981206101706
MDV,Maldives,debt_to_gdp,2010,54.8854181471638
MDV,Maldives,current_account_pct_gdp,2025,-6.15203695001533
MDV,Maldives,current_account_pct_gdp,2024,-18.5306914932865
MDV,Maldives,current_account_pct_gdp,2023,-21.1388087335441
MDV,Maldives,current_account_pct_gdp,2022,-16.868196658323
MDV,Maldives,current_account_pct_gdp,2021,-8.63308174559145
MDV,Maldives,current_account_pct_gdp,2020,-35.7483018974442
MDV,Maldives,current_account_pct_gdp,2019,-25.8168822522057
MDV,Maldives,current_account_pct_gdp,2018,-27.8019976962882
MDV,Maldives,current_account_pct_gdp,2017,-21.267761433937
MDV,Maldives,current_account_pct_gdp,2016,-23.4109557277276
MDV,Maldives,current_account_pct_gdp,2015,-7.30588031911147
MDV,Maldives,current_account_pct_gdp,2014,-3.18665825232612
MDV,Maldives,current_account_pct_gdp,2013,-3.86626742586717
MDV,Maldives,current_account_pct_gdp,2012,-6.3922910977274
MDV,Maldives,current_account_pct_gdp,2011,-13.8208553363039
MDV,Maldives,current_account_pct_gdp,2010,-7.57604640472633
MDV,Maldives,reserves_months_imports,2025,1.93387168959155
MDV,Maldives,reserves_months_imports,2024,1.30532172235527
MDV,Maldives,reserves_months_imports,2023,1.22268411034082
MDV,Maldives,reserves_months_imports,2022,1.7561190597792
MDV,Maldives,reserves_months_imports,2021,2.39926419178858
MDV,Maldives,reserves_months_imports,2020,4.26800654955113
MDV,Maldives,reserves_months_imports,2019,1.94023487520687
MDV,Maldives,reserves_months_imports,2018,1.852367717125
MDV,Maldives,reserves_months_imports,2017,1.81237537862056
MDV,Maldives,reserves_months_imports,2016,1.5734155106328
MDV,Maldives,reserves_months_imports,2015,2.17458725383259
MDV,Maldives,reserves_months_imports,2014,2.36806725354456
MDV,Maldives,reserves_months_imports,2013,1.59704253211411
MDV,Maldives,reserves_months_imports,2012,1.50822865704089
MDV,Maldives,reserves_months_imports,2011,1.54809073830575
MDV,Maldives,reserves_months_imports,2010,2.09173932917729
MDV,Maldives,gdp_growth,2025,6.31092335003081
MDV,Maldives,gdp_growth,2024,3.49440422654285
MDV,Maldives,gdp_growth,2023,4.94286301229583
MDV,Maldives,gdp_growth,2022,13.8260895184139
MDV,Maldives,gdp_growth,2021,37.507870124321
MDV,Maldives,gdp_growth,2020,-32.9088287752921
MDV,Maldives,gdp_growth,2019,6.92305989050099
MDV,Maldives,gdp_growth,2018,8.5689555834747
MDV,Maldives,gdp_growth,2017,7.07442863215275
MDV,Maldives,gdp_growth,2016,6.37528306716864
MDV,Maldives,gdp_growth,2015,3.86813536494475
MDV,Maldives,gdp_growth,2014,7.86068643108074
MDV,Maldives,gdp_growth,2013,6.97496226412528
MDV,Maldives,gdp_growth,2012,2.38928797963442
MDV,Maldives,gdp_growth,2011,8.84342600490342
MDV,Maldives,gdp_growth,2010,6.7854678229144
MDV,Maldives,inflation,2025,4.00578494118751
MDV,Maldives,inflation,2024,1.41093527910134
MDV,Maldives,inflation,2023,2.90372427754586
MDV,Maldives,inflation,2022,2.33054046477249
MDV,Maldives,inflation,2021,0.543149688737012
MDV,Maldives,inflation,2020,-1.3697742556981
MDV,Maldives,inflation,2019,0.220029731065383
MDV,Maldives,inflation,2018,-0.133373386117594
MDV,Maldives,inflation,2017,2.81747338234508
MDV,Maldives,inflation,2016,0.502509413611612
MDV,Maldives,inflation,2015,0.953206658777606
MDV,Maldives,inflation,2014,2.12000175718134
MDV,Maldives,inflation,2013,3.80563000919429
MDV,Maldives,inflation,2012,10.884695658563
MDV,Maldives,inflation,2011,11.2734146055937
MDV,Maldives,inflation,2010,6.14988536750173
MDV,Maldives,political_stability,2025,0.0779501
MDV,Maldives,political_stability,2024,0.0185444
MDV,Maldives,political_stability,2023,0.0413995
MDV,Maldives,political_stability,2022,0.2405657
MDV,Maldives,political_stability,2021,0.4402823
MDV,Maldives,political_stability,2020,0.2072283
MDV,Maldives,political_stability,2019,-0.0971233
MDV,Maldives,political_stability,2018,-0.1541366
MDV,Maldives,political_stability,2017,-0.068641
MDV,Maldives,political_stability,2016,0.0473939
MDV,Maldives,political_stability,2015,0.0491034
MDV,Maldives,political_stability,2014,0.4737079
MDV,Maldives,political_stability,2013,-0.009658
MDV,Maldives,political_stability,2012,-0.3213688
MDV,Maldives,political_stability,2011,-0.275569
MDV,Maldives,political_stability,2010,-0.1413882
MDV,Maldives,government_effectiveness,2025,-0.2410056
MDV,Maldives,government_effectiveness,2024,-0.2447141
MDV,Maldives,government_effectiveness,2023,-0.2448083
MDV,Maldives,government_effectiveness,2022,-0.2449007
MDV,Maldives,government_effectiveness,2021,0.1356451
MDV,Maldives,government_effectiveness,2020,-0.1048777
MDV,Maldives,government_effectiveness,2019,0.0065936
MDV,Maldives,government_effectiveness,2018,-0.3086472
MDV,Maldives,government_effectiveness,2017,-0.3095511
MDV,Maldives,government_effectiveness,2016,-0.0695113
MDV,Maldives,government_effectiveness,2015,-0.2423806
MDV,Maldives,government_effectiveness,2014,-0.1820109
MDV,Maldives,government_effectiveness,2013,-0.1132236
MDV,Maldives,government_effectiveness,2012,-0.0532849
MDV,Maldives,government_effectiveness,2011,-0.1130507
MDV,Maldives,government_effectiveness,2010,-0.0220513
MDV,Maldives,rule_of_law,2025,-0.010952
MDV,Maldives,rule_of_law,2024,0.1160556
MDV,Maldives,rule_of_law,2023,0.1200256
MDV,Maldives,rule_of_law,2022,0.1397236
MDV,Maldives,rule_of_law,2021,-0.1157259
MDV,Maldives,rule_of_law,2020,-0.303136
MDV,Maldives,rule_of_law,2019,-0.4335117
MDV,Maldives,rule_of_law,2018,-0.5794996
MDV,Maldives,rule_of_law,2017,-0.6390907
MDV,Maldives,rule_of_law,2016,-0.570504
MDV,Maldives,rule_of_law,2015,-0.6017125
MDV,Maldives,rule_of_law,2014,-0.5009812
MDV,Maldives,rule_of_law,2013,-0.7307659
MDV,Maldives,rule_of_law,2012,-0.496765
MDV,Maldives,rule_of_law,2011,-0.4458432
MDV,Maldives,rule_of_law,2010,-0.1409904
MDV,Maldives,regulatory_quality,2025,-0.3970683
MDV,Maldives,regulatory_quality,2024,-0.3007781
MDV,Maldives,regulatory_quality,2023,-0.3778007
MDV,Maldives,regulatory_quality,2022,-0.378078
MDV,Maldives,regulatory_quality,2021,-0.2843558
MDV,Maldives,regulatory_quality,2020,-0.3744979
MDV,Maldives,regulatory_quality,2019,-0.2516497
MDV,Maldives,regulatory_quality,2018,-0.2534527
MDV,Maldives,regulatory_quality,2017,-0.254282
MDV,Maldives,regulatory_quality,2016,-0.2559642
MDV,Maldives,regulatory_quality,2015,-0.3354635
MDV,Maldives,regulatory_quality,2014,-0.294727
MDV,Maldives,regulatory_quality,2013,-0.3105702
MDV,Maldives,regulatory_quality,2012,-0.2859814
MDV,Maldives,regulatory_quality,2011,-0.273362
MDV,Maldives,regulatory_quality,2010,-0.2037174
MDV,Maldives,control_of_corruption,2025,-0.333851
MDV,Maldives,control_of_corruption,2024,-0.3582129
MDV,Maldives,control_of_corruption,2023,-0.2617632
MDV,Maldives,control_of_corruption,2022,-0.2624325
MDV,Maldives,control_of_corruption,2021,-0.1557279
MDV,Maldives,control_of_corruption,2020,-0.1658386
MDV,Maldives,control_of_corruption,2019,-0.5141371
MDV,Maldives,control_of_corruption,2018,-0.8877482
MDV,Maldives,control_of_corruption,2017,-0.8639494
MDV,Maldives,control_of_corruption,2016,-0.7610346
MDV,Maldives,control_of_corruption,2015,-0.5852191
MDV,Maldives,control_of_corruption,2014,-0.5737302
MDV,Maldives,control_of_corruption,2013,-0.7598772
MDV,Maldives,control_of_corruption,2012,-0.7065938
MDV,Maldives,control_of_corruption,2011,-0.5382375
MDV,Maldives,control_of_corruption,2010,-0.5514743
MDV,Maldives,fdi_net_inflows_pct_gdp,2025,11.071897165053
MDV,Maldives,fdi_net_inflows_pct_gdp,2024,11.416720004027
MDV,Maldives,fdi_net_inflows_pct_gdp,2023,11.5818458756845
MDV,Maldives,fdi_net_inflows_pct_gdp,2022,11.8454662775286
MDV,Maldives,fdi_net_inflows_pct_gdp,2021,12.238665987932
MDV,Maldives,fdi_net_inflows_pct_gdp,2020,11.8706880719155
MDV,Maldives,fdi_net_inflows_pct_gdp,2019,16.7834728448357
MDV,Maldives,fdi_net_inflows_pct_gdp,2018,10.6517647807373
MDV,Maldives,fdi_net_inflows_pct_gdp,2017,9.50514529202919
MDV,Maldives,fdi_net_inflows_pct_gdp,2016,10.3547618700189
MDV,Maldives,fdi_net_inflows_pct_gdp,2015,7.21577938190819
MDV,Maldives,fdi_net_inflows_pct_gdp,2014,9.01659145068896
MDV,Maldives,fdi_net_inflows_pct_gdp,2013,10.9503892160384
MDV,Maldives,fdi_net_inflows_pct_gdp,2012,7.89895747225905
MDV,Maldives,fdi_net_inflows_pct_gdp,2011,15.2659407539778
MDV,Maldives,fdi_net_inflows_pct_gdp,2010,8.36376433060736
MDV,Maldives,exports_pct_gdp,2024,78.214216540835
MDV,Maldives,exports_pct_gdp,2023,74.0437692661116
MDV,Maldives,exports_pct_gdp,2022,82.6708555603035
MDV,Maldives,exports_pct_gdp,2021,76.0989851624572
MDV,Maldives,exports_pct_gdp,2020,48.2411996300086
MDV,Maldives,exports_pct_gdp,2019,65.5134179400092
MDV,Maldives,exports_pct_gdp,2018,66.4483006480268
MDV,Maldives,exports_pct_gdp,2017,69.0594484485378
MDV,Maldives,exports_pct_gdp,2016,71.6136331301194
MDV,Maldives,exports_pct_gdp,2015,76.4277887724561
MDV,Maldives,exports_pct_gdp,2014,91.2941274036136
MDV,Maldives,imports_pct_gdp,2024,78.2597392001761
MDV,Maldives,imports_pct_gdp,2023,75.3062069113229
MDV,Maldives,imports_pct_gdp,2022,79.5725773733522
MDV,Maldives,imports_pct_gdp,2021,66.5083115338037
MDV,Maldives,imports_pct_gdp,2020,66.1207032743183
MDV,Maldives,imports_pct_gdp,2019,71.6118129351757
MDV,Maldives,imports_pct_gdp,2018,76.0428278985911
MDV,Maldives,imports_pct_gdp,2017,72.8526621264145
MDV,Maldives,imports_pct_gdp,2016,72.7665791488222
MDV,Maldives,imports_pct_gdp,2015,67.2927178888456
MDV,Maldives,imports_pct_gdp,2014,74.6851237568163
MDV,Maldives,official_exchange_rate_lcu_usd,2025,15.415677547363
MDV,Maldives,official_exchange_rate_lcu_usd,2024,15.3891963292547
MDV,Maldives,official_exchange_rate_lcu_usd,2023,15.3867943548386
MDV,Maldives,official_exchange_rate_lcu_usd,2022,15.3866249999999
MDV,Maldives,official_exchange_rate_lcu_usd,2021,15.3726984126984
MDV,Maldives,official_exchange_rate_lcu_usd,2020,15.3812695278704
MDV,Maldives,official_exchange_rate_lcu_usd,2019,15.382041922683
MDV,Maldives,official_exchange_rate_lcu_usd,2018,15.3908372695852
MDV,Maldives,official_exchange_rate_lcu_usd,2017,15.3869685099846
MDV,Maldives,official_exchange_rate_lcu_usd,2016,15.3684076818157
MDV,Maldives,official_exchange_rate_lcu_usd,2015,15.3663312211981
MDV,Maldives,official_exchange_rate_lcu_usd,2014,15.3803935180893
MDV,Maldives,official_exchange_rate_lcu_usd,2013,15.366710030284
MDV,Maldives,official_exchange_rate_lcu_usd,2012,15.3648353163596
MDV,Maldives,official_exchange_rate_lcu_usd,2011,14.6020084036964
MDV,Maldives,official_exchange_rate_lcu_usd,2010,12.8
MDV,Maldives,gdp_current_usd,2025,7741066860.6337
MDV,Maldives,gdp_current_usd,2024,7061608267.25451
MDV,Maldives,gdp_current_usd,2023,6621008703.95743
MDV,Maldives,gdp_current_usd,2022,6177123352.26211
MDV,Maldives,gdp_current_usd,2021,5252457369.55218
MDV,Maldives,gdp_current_usd,2020,3712604583.36665
MDV,Maldives,gdp_current_usd,2019,5726094799.37709
MDV,Maldives,gdp_current_usd,2018,5404344162.69888
MDV,Maldives,gdp_current_usd,2017,4816426256.52914
MDV,Maldives,gdp_current_usd,2016,4409942623.85538
MDV,Maldives,gdp_current_usd,2015,4129505319.12921
MDV,Maldives,gdp_current_usd,2014,3697353039.20043
MDV,Maldives,gdp_current_usd,2013,3295009237.50107
MDV,Maldives,gdp_current_usd,2012,2886163997.20531
MDV,Maldives,gdp_current_usd,2011,2774350240.04918
MDV,Maldives,gdp_current_usd,2010,2588176054.6875
MDV,Maldives,gdp_per_capita_usd,2025,14614.7208116541
MDV,Maldives,gdp_per_capita_usd,2024,13379.3513577224
MDV,Maldives,gdp_per_capita_usd,2023,12587.6126038651
MDV,Maldives,gdp_per_capita_usd,2022,11786.0191492983
MDV,Maldives,gdp_per_capita_usd,2021,10176.143882547
MDV,Maldives,gdp_per_capita_usd,2020,7393.8886543933
MDV,Maldives,gdp_per_capita_usd,2019,11740.2724029785
MDV,Maldives,gdp_per_capita_usd,2018,11423.2838427029
MDV,Maldives,gdp_per_capita_usd,2017,10509.628805812
MDV,Maldives,gdp_per_capita_usd,2016,9947.80744731739
MDV,Maldives,gdp_per_capita_usd,2015,9644.90655028145
MDV,Maldives,gdp_per_capita_usd,2014,8939.07416571472
MDV,Maldives,gdp_per_capita_usd,2013,8236.08177944126
MDV,Maldives,gdp_per_capita_usd,2012,7461.29703686309
MDV,Maldives,gdp_per_capita_usd,2011,7424.520410971
MDV,Maldives,gdp_per_capita_usd,2010,7173.59601844692
MDV,Maldives,total_reserves_usd,2025,984573591.713979
MDV,Maldives,total_reserves_usd,2024,673885912.694607
MDV,Maldives,total_reserves_usd,2023,590522550.56534
MDV,Maldives,total_reserves_usd,2022,832094352.898168
MDV,Maldives,total_reserves_usd,2021,805808189.424559
MDV,Maldives,total_reserves_usd,2020,984930745.339245
MDV,Maldives,total_reserves_usd,2019,753496279.806938
MDV,Maldives,total_reserves_usd,2018,712157733.781107
MDV,Maldives,total_reserves_usd,2017,587346816.807915
MDV,Maldives,total_reserves_usd,2016,467323386.04819
MDV,Maldives,total_reserves_usd,2015,563873734.60286
MDV,Maldives,total_reserves_usd,2014,614684246.485375
MDV,Maldives,total_reserves_usd,2013,368315038.589918
MDV,Maldives,total_reserves_usd,2012,304506181.012497
MDV,Maldives,total_reserves_usd,2011,334913163.216004
MDV,Maldives,total_reserves_usd,2010,350103579.326899
MDV,Maldives,unemployment_rate,2025,4.514
MDV,Maldives,unemployment_rate,2024,4.278
MDV,Maldives,unemployment_rate,2023,4.019
MDV,Maldives,unemployment_rate,2022,4.303
MDV,Maldives,unemployment_rate,2021,5.016
MDV,Maldives,unemployment_rate,2020,5.42
MDV,Maldives,unemployment_rate,2019,4.562
MDV,Maldives,unemployment_rate,2018,4.962
MDV,Maldives,unemployment_rate,2017,5.377
MDV,Maldives,unemployment_rate,2016,5.771
MDV,Maldives,unemployment_rate,2015,6.611
MDV,Maldives,unemployment_rate,2014,7.461
MDV,Maldives,unemployment_rate,2013,8.295
MDV,Maldives,unemployment_rate,2012,9.134
MDV,Maldives,unemployment_rate,2011,10.043
MDV,Maldives,unemployment_rate,2010,10.875
MDV,Maldives,youth_unemployment_rate,2025,15.694
MDV,Maldives,youth_unemployment_rate,2024,14.809
MDV,Maldives,youth_unemployment_rate,2023,14.124
MDV,Maldives,youth_unemployment_rate,2022,14.27
MDV,Maldives,youth_unemployment_rate,2021,15.319
MDV,Maldives,youth_unemployment_rate,2020,16.149
MDV,Maldives,youth_unemployment_rate,2019,13.496
MDV,Maldives,youth_unemployment_rate,2018,14.024
MDV,Maldives,youth_unemployment_rate,2017,14.589
MDV,Maldives,youth_unemployment_rate,2016,15.126
MDV,Maldives,youth_unemployment_rate,2015,16.833
MDV,Maldives,youth_unemployment_rate,2014,18.374
MDV,Maldives,youth_unemployment_rate,2013,19.636
MDV,Maldives,youth_unemployment_rate,2012,20.815
MDV,Maldives,youth_unemployment_rate,2011,22.11
MDV,Maldives,youth_unemployment_rate,2010,23.344
MDV,Maldives,gini_index,2019,29.3
MDV,Maldives,gini_index,2016,31.3
NPL,Nepal,debt_to_gdp,2021,39.9222686422289
NPL,Nepal,debt_to_gdp,2020,39.0485631284493
NPL,Nepal,debt_to_gdp,2019,31.7771473472895
NPL,Nepal,debt_to_gdp,2010,33.8625212320188
NPL,Nepal,current_account_pct_gdp,2025,10.6730207923179
NPL,Nepal,current_account_pct_gdp,2024,3.86821171467739
NPL,Nepal,current_account_pct_gdp,2023,2.45040193651295
NPL,Nepal,current_account_pct_gdp,2022,-5.76692963076818
NPL,Nepal,current_account_pct_gdp,2021,-14.5240163530398
NPL,Nepal,current_account_pct_gdp,2020,-0.251653542060198
NPL,Nepal,current_account_pct_gdp,2019,-5.12963069016168
NPL,Nepal,current_account_pct_gdp,2018,-8.30080510271616
NPL,Nepal,current_account_pct_gdp,2017,-3.56432924017776
NPL,Nepal,current_account_pct_gdp,2016,-0.68434663855188
NPL,Nepal,current_account_pct_gdp,2015,10.0433083922087
NPL,Nepal,current_account_pct_gdp,2014,2.18298241690426
NPL,Nepal,current_account_pct_gdp,2013,5.23137372695533
NPL,Nepal,current_account_pct_gdp,2012,2.66070688066426
NPL,Nepal,current_account_pct_gdp,2011,1.33775079697372
NPL,Nepal,current_account_pct_gdp,2010,-0.797465992929109
NPL,Nepal,reserves_months_imports,2025,15.5192743908397
NPL,Nepal,reserves_months_imports,2024,12.971142055714
NPL,Nepal,reserves_months_imports,2023,10.4169326092974
NPL,Nepal,reserves_months_imports,2022,7.11844228100776
NPL,Nepal,reserves_months_imports,2021,6.7229827208626
NPL,Nepal,reserves_months_imports,2020,12.4797850993123
NPL,Nepal,reserves_months_imports,2019,7.45868343240893
NPL,Nepal,reserves_months_imports,2018,6.61464333893594
NPL,Nepal,reserves_months_imports,2017,9.35380252386612
NPL,Nepal,reserves_months_imports,2016,10.2885647962682
NPL,Nepal,reserves_months_imports,2015,12.5337607363716
NPL,Nepal,reserves_months_imports,2014,8.43501141324674
NPL,Nepal,reserves_months_imports,2013,8.56836277441353
NPL,Nepal,reserves_months_imports,2012,7.6089263430932
NPL,Nepal,reserves_months_imports,2011,6.74453820987915
NPL,Nepal,reserves_months_imports,2010,6.01052214363673
NPL,Nepal,gdp_growth,2025,4.43073194983359
NPL,Nepal,gdp_growth,2024,3.67787459697703
NPL,Nepal,gdp_growth,2023,1.98254843461849
NPL,Nepal,gdp_growth,2022,5.6313145568451
NPL,Nepal,gdp_growth,2021,4.838149614115
NPL,Nepal,gdp_growth,2020,-2.3696206292072
NPL,Nepal,gdp_growth,2019,6.65705543110468
NPL,Nepal,gdp_growth,2018,7.62237610397933
NPL,Nepal,gdp_growth,2017,8.97727935643466
NPL,Nepal,gdp_growth,2016,0.433113719381524
NPL,Nepal,gdp_growth,2015,3.97605327162971
NPL,Nepal,gdp_growth,2014,6.01148284250441
NPL,Nepal,gdp_growth,2013,3.52515317129149
NPL,Nepal,gdp_growth,2012,4.67014192446953
NPL,Nepal,gdp_growth,2011,3.42180870116162
NPL,Nepal,gdp_growth,2010,4.81641464694573
NPL,Nepal,inflation,2025,2.65334269811436
NPL,Nepal,inflation,2024,4.68509654265769
NPL,Nepal,inflation,2023,7.11587261530826
NPL,Nepal,inflation,2022,7.6702057938028
NPL,Nepal,inflation,2021,4.12676744440695
NPL,Nepal,inflation,2020,5.05635826238499
NPL,Nepal,inflation,2019,5.56616035243722
NPL,Nepal,inflation,2018,4.40659410175714
NPL,Nepal,inflation,2017,2.7770399830021
NPL,Nepal,inflation,2016,8.7903433200464
NPL,Nepal,inflation,2015,7.86890895590891
NPL,Nepal,inflation,2014,8.36415469659562
NPL,Nepal,inflation,2013,9.04016311917644
NPL,Nepal,inflation,2012,9.45980980357124
NPL,Nepal,inflation,2011,9.2270754612596
NPL,Nepal,inflation,2010,9.32650410745395
NPL,Nepal,political_stability,2025,-0.4431262
NPL,Nepal,political_stability,2024,-0.3176238
NPL,Nepal,political_stability,2023,-0.327246
NPL,Nepal,political_stability,2022,-0.4206502
NPL,Nepal,political_stability,2021,-0.2988804
NPL,Nepal,political_stability,2020,-0.2833164
NPL,Nepal,political_stability,2019,-0.4509248
NPL,Nepal,political_stability,2018,-0.5368558
NPL,Nepal,political_stability,2017,-0.5947986
NPL,Nepal,political_stability,2016,-0.9278682
NPL,Nepal,political_stability,2015,-1.0112378
NPL,Nepal,political_stability,2014,-0.8454014
NPL,Nepal,political_stability,2013,-1.2237599
NPL,Nepal,political_stability,2012,-1.4710426
NPL,Nepal,political_stability,2011,-1.5264565
NPL,Nepal,political_stability,2010,-1.6113493
NPL,Nepal,government_effectiveness,2025,-0.7696473
NPL,Nepal,government_effectiveness,2024,-0.6968622
NPL,Nepal,government_effectiveness,2023,-0.7173658
NPL,Nepal,government_effectiveness,2022,-0.8347318
NPL,Nepal,government_effectiveness,2021,-0.8522261
NPL,Nepal,government_effectiveness,2020,-0.8518235
NPL,Nepal,government_effectiveness,2019,-0.8589916
NPL,Nepal,government_effectiveness,2018,-0.687112
NPL,Nepal,government_effectiveness,2017,-0.7101014
NPL,Nepal,government_effectiveness,2016,-0.8070251
NPL,Nepal,government_effectiveness,2015,-0.9660795
NPL,Nepal,government_effectiveness,2014,-0.7389488
NPL,Nepal,government_effectiveness,2013,-0.8794566
NPL,Nepal,government_effectiveness,2012,-0.9314285
NPL,Nepal,government_effectiveness,2011,-0.6814048
NPL,Nepal,government_effectiveness,2010,-0.5879227
NPL,Nepal,rule_of_law,2025,-0.3062956
NPL,Nepal,rule_of_law,2024,-0.3205355
NPL,Nepal,rule_of_law,2023,-0.345038
NPL,Nepal,rule_of_law,2022,-0.3388682
NPL,Nepal,rule_of_law,2021,-0.3596604
NPL,Nepal,rule_of_law,2020,-0.3852451
NPL,Nepal,rule_of_law,2019,-0.4160968
NPL,Nepal,rule_of_law,2018,-0.3662785
NPL,Nepal,rule_of_law,2017,-0.4513864
NPL,Nepal,rule_of_law,2016,-0.5864544
NPL,Nepal,rule_of_law,2015,-0.6236185
NPL,Nepal,rule_of_law,2014,-0.6055132
NPL,Nepal,rule_of_law,2013,-0.6200538
NPL,Nepal,rule_of_law,2012,-0.625412
NPL,Nepal,rule_of_law,2011,-0.8899945
NPL,Nepal,rule_of_law,2010,-0.9569213
NPL,Nepal,regulatory_quality,2025,-0.6533801
NPL,Nepal,regulatory_quality,2024,-0.6330168
NPL,Nepal,regulatory_quality,2023,-0.6508878
NPL,Nepal,regulatory_quality,2022,-0.6266656
NPL,Nepal,regulatory_quality,2021,-0.664111
NPL,Nepal,regulatory_quality,2020,-0.6904308
NPL,Nepal,regulatory_quality,2019,-0.6047496
NPL,Nepal,regulatory_quality,2018,-0.6254901
NPL,Nepal,regulatory_quality,2017,-0.7114837
NPL,Nepal,regulatory_quality,2016,-0.6919766
NPL,Nepal,regulatory_quality,2015,-0.7468829
NPL,Nepal,regulatory_quality,2014,-0.7644851
NPL,Nepal,regulatory_quality,2013,-0.8552284
NPL,Nepal,regulatory_quality,2012,-0.8106525
NPL,Nepal,regulatory_quality,2011,-0.8308502
NPL,Nepal,regulatory_quality,2010,-0.8592518
NPL,Nepal,control_of_corruption,2025,-0.773002
NPL,Nepal,control_of_corruption,2024,-0.6289663
NPL,Nepal,control_of_corruption,2023,-0.6152287
NPL,Nepal,control_of_corruption,2022,-0.6509075
NPL,Nepal,control_of_corruption,2021,-0.6220063
NPL,Nepal,control_of_corruption,2020,-0.6993748
NPL,Nepal,control_of_corruption,2019,-0.7349159
NPL,Nepal,control_of_corruption,2018,-0.7358393
NPL,Nepal,control_of_corruption,2017,-0.7789732
NPL,Nepal,control_of_corruption,2016,-0.8441188
NPL,Nepal,control_of_corruption,2015,-0.8288883
NPL,Nepal,control_of_corruption,2014,-0.8633975
NPL,Nepal,control_of_corruption,2013,-0.9402605
NPL,Nepal,control_of_corruption,2012,-0.9955512
NPL,Nepal,control_of_corruption,2011,-0.8297585
NPL,Nepal,control_of_corruption,2010,-0.7261404
NPL,Nepal,fdi_net_inflows_pct_gdp,2025,0.0957346932713607
NPL,Nepal,fdi_net_inflows_pct_gdp,2024,0.131412557108071
NPL,Nepal,fdi_net_inflows_pct_gdp,2023,0.18227214989517
NPL,Nepal,fdi_net_inflows_pct_gdp,2022,0.160405405048333
NPL,Nepal,fdi_net_inflows_pct_gdp,2021,0.531690906776232
NPL,Nepal,fdi_net_inflows_pct_gdp,2020,0.378739091402959
NPL,Nepal,fdi_net_inflows_pct_gdp,2019,0.542801979747667
NPL,Nepal,fdi_net_inflows_pct_gdp,2018,0.206157201926215
NPL,Nepal,fdi_net_inflows_pct_gdp,2017,0.677439884182991
NPL,Nepal,fdi_net_inflows_pct_gdp,2016,0.432212944008614
NPL,Nepal,fdi_net_inflows_pct_gdp,2015,0.213029527712984
NPL,Nepal,fdi_net_inflows_pct_gdp,2014,0.133746236524448
NPL,Nepal,fdi_net_inflows_pct_gdp,2013,0.334712330597339
NPL,Nepal,fdi_net_inflows_pct_gdp,2012,0.42369151125933
NPL,Nepal,fdi_net_inflows_pct_gdp,2011,0.435814930594323
NPL,Nepal,fdi_net_inflows_pct_gdp,2010,0.548294665887946
NPL,Nepal,exports_pct_gdp,2025,8.82763359925247
NPL,Nepal,exports_pct_gdp,2024,7.55423347172655
NPL,Nepal,exports_pct_gdp,2023,7.00596728086136
NPL,Nepal,exports_pct_gdp,2022,6.7023908652401
NPL,Nepal,exports_pct_gdp,2021,5.11917148482606
NPL,Nepal,exports_pct_gdp,2020,6.80529835537229
NPL,Nepal,exports_pct_gdp,2019,7.77993647445109
NPL,Nepal,exports_pct_gdp,2018,7.81564102219889
NPL,Nepal,exports_pct_gdp,2017,7.8121886555374
NPL,Nepal,exports_pct_gdp,2016,8.17957803966234
NPL,Nepal,exports_pct_gdp,2015,10.2145885930146
NPL,Nepal,exports_pct_gdp,2014,10.124042118155
NPL,Nepal,exports_pct_gdp,2013,9.2946586776145
NPL,Nepal,exports_pct_gdp,2012,8.75029128721577
NPL,Nepal,exports_pct_gdp,2011,7.80613567968357
NPL,Nepal,exports_pct_gdp,2010,9.58253617198229
NPL,Nepal,imports_pct_gdp,2025,33.7244112435844
NPL,Nepal,imports_pct_gdp,2024,32.6157766909588
NPL,Nepal,imports_pct_gdp,2023,34.5641830123854
NPL,Nepal,imports_pct_gdp,2022,42.27101061478
NPL,Nepal,imports_pct_gdp,2021,37.9346333063959
NPL,Nepal,imports_pct_gdp,2020,34.1135757694721
NPL,Nepal,imports_pct_gdp,2019,41.4695901124501
NPL,Nepal,imports_pct_gdp,2018,40.6317459241789
NPL,Nepal,imports_pct_gdp,2017,36.8302219662053
NPL,Nepal,imports_pct_gdp,2016,33.9359080825022
NPL,Nepal,imports_pct_gdp,2015,36.4511417965013
NPL,Nepal,imports_pct_gdp,2014,35.8585994934377
NPL,Nepal,imports_pct_gdp,2013,32.5707170600577
NPL,Nepal,imports_pct_gdp,2012,29.1716147715423
NPL,Nepal,imports_pct_gdp,2011,28.4906232102531
NPL,Nepal,imports_pct_gdp,2010,36.4023696022884
NPL,Nepal,official_exchange_rate_lcu_usd,2025,139.115437592695
NPL,Nepal,official_exchange_rate_lcu_usd,2024,133.726644315443
NPL,Nepal,official_exchange_rate_lcu_usd,2023,132.115460088756
NPL,Nepal,official_exchange_rate_lcu_usd,2022,125.199457792609
NPL,Nepal,official_exchange_rate_lcu_usd,2021,118.134081604946
NPL,Nepal,official_exchange_rate_lcu_usd,2020,118.345187275985
NPL,Nepal,official_exchange_rate_lcu_usd,2019,112.60948275862
NPL,Nepal,official_exchange_rate_lcu_usd,2018,108.930134109272
NPL,Nepal,official_exchange_rate_lcu_usd,2017,104.511885242862
NPL,Nepal,official_exchange_rate_lcu_usd,2016,107.383815174653
NPL,Nepal,official_exchange_rate_lcu_usd,2015,102.405134331355
NPL,Nepal,official_exchange_rate_lcu_usd,2014,97.5548421567945
NPL,Nepal,official_exchange_rate_lcu_usd,2013,93.0843938075485
NPL,Nepal,official_exchange_rate_lcu_usd,2012,85.2257559923835
NPL,Nepal,official_exchange_rate_lcu_usd,2011,74.0199999999999
NPL,Nepal,official_exchange_rate_lcu_usd,2010,73.2623590158046
NPL,Nepal,gdp_current_usd,2025,45489810283.1132
NPL,Nepal,gdp_current_usd,2024,43298911699.9284
NPL,Nepal,gdp_current_usd,2023,41049329851.0546
NPL,Nepal,gdp_current_usd,2022,41182939519.8161
NPL,Nepal,gdp_current_usd,2021,36924841394.2605
NPL,Nepal,gdp_current_usd,2020,33433659301.2466
NPL,Nepal,gdp_current_usd,2019,34186180699.0255
NPL,Nepal,gdp_current_usd,2018,33111525237.149
NPL,Nepal,gdp_current_usd,2017,28971588940.364
NPL,Nepal,gdp_current_usd,2016,24524109483.5293
NPL,Nepal,gdp_current_usd,2015,24360801286.7638
NPL,Nepal,gdp_current_usd,2014,22731612922.1906
NPL,Nepal,gdp_current_usd,2013,22162204924.5726
NPL,Nepal,gdp_current_usd,2012,21703100877.1309
NPL,Nepal,gdp_current_usd,2011,21573872420.7008
NPL,Nepal,gdp_current_usd,2010,16002656434.4746
NPL,Nepal,gdp_per_capita_usd,2025,1535.87781246307
NPL,Nepal,gdp_per_capita_usd,2024,1460.28237984149
NPL,Nepal,gdp_per_capita_usd,2023,1382.38300895424
NPL,Nepal,gdp_per_capita_usd,2022,1385.91066002922
NPL,Nepal,gdp_per_capita_usd,2021,1252.75076731986
NPL,Nepal,gdp_per_capita_usd,2020,1154.21517578318
NPL,Nepal,gdp_per_capita_usd,2019,1203.14294706401
NPL,Nepal,gdp_per_capita_usd,2018,1179.19843190389
NPL,Nepal,gdp_per_capita_usd,2017,1034.28374906846
NPL,Nepal,gdp_per_capita_usd,2016,877.256454696737
NPL,Nepal,gdp_per_capita_usd,2015,875.543635474862
NPL,Nepal,gdp_per_capita_usd,2014,821.455224911731
NPL,Nepal,gdp_per_capita_usd,2013,803.269595420477
NPL,Nepal,gdp_per_capita_usd,2012,788.202937148377
NPL,Nepal,gdp_per_capita_usd,2011,785.518656222132
NPL,Nepal,gdp_per_capita_usd,2010,585.278491984574
NPL,Nepal,total_reserves_usd,2025,21100332321.6852
NPL,Nepal,total_reserves_usd,2024,15846781298.7499
NPL,Nepal,total_reserves_usd,2023,12456122668.8947
NPL,Nepal,total_reserves_usd,2022,9319150273.481
NPL,Nepal,total_reserves_usd,2021,9638842483.90471
NPL,Nepal,total_reserves_usd,2020,11467799301.6084
NPL,Nepal,total_reserves_usd,2019,8713166195.10834
NPL,Nepal,total_reserves_usd,2018,8335473017.41811
NPL,Nepal,total_reserves_usd,2017,9435255966.98232
NPL,Nepal,total_reserves_usd,2016,8734510298.83136
NPL,Nepal,total_reserves_usd,2015,8145463907.87798
NPL,Nepal,total_reserves_usd,2014,6216255070.07086
NPL,Nepal,total_reserves_usd,2013,5434181403.1191
NPL,Nepal,total_reserves_usd,2012,4417738496.06059
NPL,Nepal,total_reserves_usd,2011,3702502162.26324
NPL,Nepal,total_reserves_usd,2010,3002724838.4334
NPL,Nepal,unemployment_rate,2025,10.465
NPL,Nepal,unemployment_rate,2024,10.5
NPL,Nepal,unemployment_rate,2023,10.437
NPL,Nepal,unemployment_rate,2022,10.661
NPL,Nepal,unemployment_rate,2021,12.241
NPL,Nepal,unemployment_rate,2020,13.037
NPL,Nepal,unemployment_rate,2019,10.477
NPL,Nepal,unemployment_rate,2018,10.593
NPL,Nepal,unemployment_rate,2017,10.66
NPL,Nepal,unemployment_rate,2016,10.714
NPL,Nepal,unemployment_rate,2015,10.643
NPL,Nepal,unemployment_rate,2014,10.62
NPL,Nepal,unemployment_rate,2013,10.666
NPL,Nepal,unemployment_rate,2012,10.632
NPL,Nepal,unemployment_rate,2011,10.627
NPL,Nepal,unemployment_rate,2010,10.563
NPL,Nepal,youth_unemployment_rate,2025,20.559
NPL,Nepal,youth_unemployment_rate,2024,20.638
NPL,Nepal,youth_unemployment_rate,2023,20.43
NPL,Nepal,youth_unemployment_rate,2022,20.607
NPL,Nepal,youth_unemployment_rate,2021,22.639
NPL,Nepal,youth_unemployment_rate,2020,24.072
NPL,Nepal,youth_unemployment_rate,2019,19.679
NPL,Nepal,youth_unemployment_rate,2018,19.604
NPL,Nepal,youth_unemployment_rate,2017,19.571
NPL,Nepal,youth_unemployment_rate,2016,19.548
NPL,Nepal,youth_unemployment_rate,2015,19.403
NPL,Nepal,youth_unemployment_rate,2014,19.348
NPL,Nepal,youth_unemployment_rate,2013,19.377
NPL,Nepal,youth_unemployment_rate,2012,19.306
NPL,Nepal,youth_unemployment_rate,2011,19.294
NPL,Nepal,youth_unemployment_rate,2010,19.207
NPL,Nepal,gini_index,2022,30.0
NPL,Nepal,gini_index,2010,32.8
PAK,Pakistan,current_account_pct_gdp,2025,-0.109990047825719
PAK,Pakistan,current_account_pct_gdp,2024,0.124893414067427
PAK,Pakistan,current_account_pct_gdp,2023,-0.308630136387274
PAK,Pakistan,current_account_pct_gdp,2022,-3.25858181478804
PAK,Pakistan,current_account_pct_gdp,2021,-3.52439577565177
PAK,Pakistan,current_account_pct_gdp,2020,-0.216650637871501
PAK,Pakistan,current_account_pct_gdp,2019,-2.66677325730292
PAK,Pakistan,current_account_pct_gdp,2018,-5.29556175645778
PAK,Pakistan,current_account_pct_gdp,2017,-4.76985760466006
PAK,Pakistan,current_account_pct_gdp,2016,-2.29279660651385
PAK,Pakistan,current_account_pct_gdp,2015,-0.934446742353906
PAK,Pakistan,current_account_pct_gdp,2014,-1.34787339235798
PAK,Pakistan,current_account_pct_gdp,2013,-1.70727876868057
PAK,Pakistan,current_account_pct_gdp,2012,-0.936399348037174
PAK,Pakistan,current_account_pct_gdp,2011,-0.957124213324854
PAK,Pakistan,current_account_pct_gdp,2010,-0.688324235118166
PAK,Pakistan,reserves_months_imports,2025,3.75530612459722
PAK,Pakistan,reserves_months_imports,2024,2.84569889190225
PAK,Pakistan,reserves_months_imports,2023,2.50011507119077
PAK,Pakistan,reserves_months_imports,2022,1.44062158684771
PAK,Pakistan,reserves_months_imports,2021,3.35726367831546
PAK,Pakistan,reserves_months_imports,2020,3.86890803903158
PAK,Pakistan,reserves_months_imports,2019,3.08190201214362
PAK,Pakistan,reserves_months_imports,2018,1.9052305254249
PAK,Pakistan,reserves_months_imports,2017,3.14740277594098
PAK,Pakistan,reserves_months_imports,2016,4.59066972648983
PAK,Pakistan,reserves_months_imports,2015,4.4278413083591
PAK,Pakistan,reserves_months_imports,2014,3.06826560863816
PAK,Pakistan,reserves_months_imports,2013,1.71197854264599
PAK,Pakistan,reserves_months_imports,2012,3.10654658664887
PAK,Pakistan,reserves_months_imports,2011,4.15696352930239
PAK,Pakistan,reserves_months_imports,2010,4.71850424926721
PAK,Pakistan,gdp_growth,2025,3.69842668749033
PAK,Pakistan,gdp_growth,2024,3.08176295579301
PAK,Pakistan,gdp_growth,2023,-0.414935997088406
PAK,Pakistan,gdp_growth,2022,4.7781068690358
PAK,Pakistan,gdp_growth,2021,6.51388575852702
PAK,Pakistan,gdp_growth,2020,-1.27408744338709
PAK,Pakistan,gdp_growth,2019,2.49763692943365
PAK,Pakistan,gdp_growth,2018,6.15170261099519
PAK,Pakistan,gdp_growth,2017,4.43262590683975
PAK,Pakistan,gdp_growth,2016,6.57383828511043
PAK,Pakistan,gdp_growth,2015,4.21794209572506
PAK,Pakistan,gdp_growth,2014,4.11642817161422
PAK,Pakistan,gdp_growth,2013,4.36686504978387
PAK,Pakistan,gdp_growth,2012,3.02758391088629
PAK,Pakistan,gdp_growth,2011,2.68011685421705
PAK,Pakistan,gdp_growth,2010,1.50171752152883
PAK,Pakistan,inflation,2025,3.54555214890892
PAK,Pakistan,inflation,2024,12.6325318530451
PAK,Pakistan,inflation,2023,30.7681280657005
PAK,Pakistan,inflation,2022,19.8738599646655
PAK,Pakistan,inflation,2021,9.49641577285205
PAK,Pakistan,inflation,2020,9.74011619320125
PAK,Pakistan,inflation,2019,10.5780305672024
PAK,Pakistan,inflation,2018,5.07805725868916
PAK,Pakistan,inflation,2017,4.08537368032608
PAK,Pakistan,inflation,2016,3.7651191635658
PAK,Pakistan,inflation,2015,2.52932817254228
PAK,Pakistan,inflation,2014,7.18938402847027
PAK,Pakistan,inflation,2013,7.69215611899564
PAK,Pakistan,inflation,2012,9.68235186055683
PAK,Pakistan,inflation,2011,11.9160927116277
PAK,Pakistan,inflation,2010,12.9388705634889
PAK,Pakistan,political_stability,2025,-1.9507331
PAK,Pakistan,political_stability,2024,-2.0007321
PAK,Pakistan,political_stability,2023,-1.9466079
PAK,Pakistan,political_stability,2022,-1.7775908
PAK,Pakistan,political_stability,2021,-1.6623272
PAK,Pakistan,political_stability,2020,-1.6006673
PAK,Pakistan,political_stability,2019,-1.9534042
PAK,Pakistan,political_stability,2018,-2.0030811
PAK,Pakistan,political_stability,2017,-2.2221179
PAK,Pakistan,political_stability,2016,-2.3371756
PAK,Pakistan,political_stability,2015,-2.4388483
PAK,Pakistan,political_stability,2014,-2.4643732
PAK,Pakistan,political_stability,2013,-2.6677461
PAK,Pakistan,political_stability,2012,-2.6735963
PAK,Pakistan,political_stability,2011,-2.7014186
PAK,Pakistan,political_stability,2010,-2.4570397
PAK,Pakistan,government_effectiveness,2025,-0.6059794
PAK,Pakistan,government_effectiveness,2024,-0.536968
PAK,Pakistan,government_effectiveness,2023,-0.6175111
PAK,Pakistan,government_effectiveness,2022,-0.5954833
PAK,Pakistan,government_effectiveness,2021,-0.420004
PAK,Pakistan,government_effectiveness,2020,-0.5194917
PAK,Pakistan,government_effectiveness,2019,-0.3933343
PAK,Pakistan,government_effectiveness,2018,-0.4172705
PAK,Pakistan,government_effectiveness,2017,-0.3299489
PAK,Pakistan,government_effectiveness,2016,-0.4229191
PAK,Pakistan,government_effectiveness,2015,-0.4846311
PAK,Pakistan,government_effectiveness,2014,-0.5649374
PAK,Pakistan,government_effectiveness,2013,-0.5502946
PAK,Pakistan,government_effectiveness,2012,-0.54207
PAK,Pakistan,government_effectiveness,2011,-0.6865727
PAK,Pakistan,government_effectiveness,2010,-0.6404318
PAK,Pakistan,rule_of_law,2025,-1.066575
PAK,Pakistan,rule_of_law,2024,-1.0508305
PAK,Pakistan,rule_of_law,2023,-1.0082319
PAK,Pakistan,rule_of_law,2022,-0.8990471
PAK,Pakistan,rule_of_law,2021,-0.800949
PAK,Pakistan,rule_of_law,2020,-0.7868327
PAK,Pakistan,rule_of_law,2019,-0.7889162
PAK,Pakistan,rule_of_law,2018,-0.8113711
PAK,Pakistan,rule_of_law,2017,-0.8418513
PAK,Pakistan,rule_of_law,2016,-0.883351
PAK,Pakistan,rule_of_law,2015,-0.8830979
PAK,Pakistan,rule_of_law,2014,-0.9445787
PAK,Pakistan,rule_of_law,2013,-1.0264086
PAK,Pakistan,rule_of_law,2012,-1.0465384
PAK,Pakistan,rule_of_law,2011,-1.117388
PAK,Pakistan,rule_of_law,2010,-0.7996749
PAK,Pakistan,regulatory_quality,2025,-0.9179055
PAK,Pakistan,regulatory_quality,2024,-0.8340977
PAK,Pakistan,regulatory_quality,2023,-0.8494273
PAK,Pakistan,regulatory_quality,2022,-0.7766323
PAK,Pakistan,regulatory_quality,2021,-0.6606933
PAK,Pakistan,regulatory_quality,2020,-0.6984861
PAK,Pakistan,regulatory_quality,2019,-0.625536
PAK,Pakistan,regulatory_quality,2018,-0.6638952
PAK,Pakistan,regulatory_quality,2017,-0.6574384
PAK,Pakistan,regulatory_quality,2016,-0.6514976
PAK,Pakistan,regulatory_quality,2015,-0.669347
PAK,Pakistan,regulatory_quality,2014,-0.726466
PAK,Pakistan,regulatory_quality,2013,-0.7850653
PAK,Pakistan,regulatory_quality,2012,-0.781666
PAK,Pakistan,regulatory_quality,2011,-0.7453691
PAK,Pakistan,regulatory_quality,2010,-0.6767011
PAK,Pakistan,control_of_corruption,2025,-1.0685743
PAK,Pakistan,control_of_corruption,2024,-1.0884877
PAK,Pakistan,control_of_corruption,2023,-1.048835
PAK,Pakistan,control_of_corruption,2022,-0.9541417
PAK,Pakistan,control_of_corruption,2021,-0.907028
PAK,Pakistan,control_of_corruption,2020,-0.9374698
PAK,Pakistan,control_of_corruption,2019,-0.9720798
PAK,Pakistan,control_of_corruption,2018,-0.9645888
PAK,Pakistan,control_of_corruption,2017,-0.9351368
PAK,Pakistan,control_of_corruption,2016,-0.9727031
PAK,Pakistan,control_of_corruption,2015,-0.9806985
PAK,Pakistan,control_of_corruption,2014,-1.0035884
PAK,Pakistan,control_of_corruption,2013,-1.1287039
PAK,Pakistan,control_of_corruption,2012,-1.2437876
PAK,Pakistan,control_of_corruption,2011,-1.219585
PAK,Pakistan,control_of_corruption,2010,-1.2021517
PAK,Pakistan,fdi_net_inflows_pct_gdp,2025,0.454693640126553
PAK,Pakistan,fdi_net_inflows_pct_gdp,2024,0.716885239403099
PAK,Pakistan,fdi_net_inflows_pct_gdp,2023,0.608281270820624
PAK,Pakistan,fdi_net_inflows_pct_gdp,2022,0.389980753542853
PAK,Pakistan,fdi_net_inflows_pct_gdp,2021,0.616039439073827
PAK,Pakistan,fdi_net_inflows_pct_gdp,2020,0.684695289874347
PAK,Pakistan,fdi_net_inflows_pct_gdp,2019,0.696146480411465
PAK,Pakistan,fdi_net_inflows_pct_gdp,2018,0.487745750658143
PAK,Pakistan,fdi_net_inflows_pct_gdp,2017,0.735837049658425
PAK,Pakistan,fdi_net_inflows_pct_gdp,2016,0.821349998064174
PAK,Pakistan,fdi_net_inflows_pct_gdp,2015,0.557734356032139
PAK,Pakistan,fdi_net_inflows_pct_gdp,2014,0.695308116834202
PAK,Pakistan,fdi_net_inflows_pct_gdp,2013,0.515353849332245
PAK,Pakistan,fdi_net_inflows_pct_gdp,2012,0.343453048660945
PAK,Pakistan,fdi_net_inflows_pct_gdp,2011,0.575055145839944
PAK,Pakistan,fdi_net_inflows_pct_gdp,2010,1.02791108080423
PAK,Pakistan,exports_pct_gdp,2025,9.98520671042165
PAK,Pakistan,exports_pct_gdp,2024,10.3855031331012
PAK,Pakistan,exports_pct_gdp,2023,10.4939587511564
PAK,Pakistan,exports_pct_gdp,2022,10.5405902721041
PAK,Pakistan,exports_pct_gdp,2021,9.05159988878188
PAK,Pakistan,exports_pct_gdp,2020,9.29855944234725
PAK,Pakistan,exports_pct_gdp,2019,9.3908635386027
PAK,Pakistan,exports_pct_gdp,2018,8.58179960556073
PAK,Pakistan,exports_pct_gdp,2017,8.22161134395559
PAK,Pakistan,exports_pct_gdp,2016,8.73671639116568
PAK,Pakistan,exports_pct_gdp,2015,9.97457095124036
PAK,Pakistan,exports_pct_gdp,2014,11.1949717426146
PAK,Pakistan,exports_pct_gdp,2013,12.1774992040696
PAK,Pakistan,exports_pct_gdp,2012,11.8739641473238
PAK,Pakistan,exports_pct_gdp,2011,13.4825548617217
PAK,Pakistan,exports_pct_gdp,2010,12.6372245592948
PAK,Pakistan,imports_pct_gdp,2025,17.2083306683448
PAK,Pakistan,imports_pct_gdp,2024,17.1798277774783
PAK,Pakistan,imports_pct_gdp,2023,17.9737337958273
PAK,Pakistan,imports_pct_gdp,2022,22.4907632059279
PAK,Pakistan,imports_pct_gdp,2021,17.9788205237729
PAK,Pakistan,imports_pct_gdp,2020,17.4177212905341
PAK,Pakistan,imports_pct_gdp,2019,19.5147134481005
PAK,Pakistan,imports_pct_gdp,2018,19.044257474073
PAK,Pakistan,imports_pct_gdp,2017,17.2504236583884
PAK,Pakistan,imports_pct_gdp,2016,15.9648616568916
PAK,Pakistan,imports_pct_gdp,2015,16.7136150659843
PAK,Pakistan,imports_pct_gdp,2014,18.2748539477852
PAK,Pakistan,imports_pct_gdp,2013,18.7127751361147
PAK,Pakistan,imports_pct_gdp,2012,19.4450091286838
PAK,Pakistan,imports_pct_gdp,2011,18.8800834134221
PAK,Pakistan,imports_pct_gdp,2010,19.3517774869368
PAK,Pakistan,official_exchange_rate_lcu_usd,2025,281.143001173202
PAK,Pakistan,official_exchange_rate_lcu_usd,2024,278.580716167562
PAK,Pakistan,official_exchange_rate_lcu_usd,2023,280.356111655149
PAK,Pakistan,official_exchange_rate_lcu_usd,2022,204.867187469982
PAK,Pakistan,official_exchange_rate_lcu_usd,2021,162.906253747418
PAK,Pakistan,official_exchange_rate_lcu_usd,2020,161.838479684718
PAK,Pakistan,official_exchange_rate_lcu_usd,2019,150.036253839864
PAK,Pakistan,official_exchange_rate_lcu_usd,2018,121.824068875756
PAK,Pakistan,official_exchange_rate_lcu_usd,2017,105.455162087937
PAK,Pakistan,official_exchange_rate_lcu_usd,2016,104.769117033301
PAK,Pakistan,official_exchange_rate_lcu_usd,2015,102.769271604674
PAK,Pakistan,official_exchange_rate_lcu_usd,2014,101.100088423521
PAK,Pakistan,official_exchange_rate_lcu_usd,2013,101.628899206349
PAK,Pakistan,official_exchange_rate_lcu_usd,2012,93.3951972222222
PAK,Pakistan,official_exchange_rate_lcu_usd,2011,86.3433833333333
PAK,Pakistan,official_exchange_rate_lcu_usd,2010,85.1938163257575
PAK,Pakistan,gdp_current_usd,2025,407307214476.222
PAK,Pakistan,gdp_current_usd,2024,371747087751.306
PAK,Pakistan,gdp_current_usd,2023,336686348609.266
PAK,Pakistan,gdp_current_usd,2022,374890295666.694
PAK,Pakistan,gdp_current_usd,2021,348516647445.148
PAK,Pakistan,gdp_current_usd,2020,300425609817.981
PAK,Pakistan,gdp_current_usd,2019,320909472770.669
PAK,Pakistan,gdp_current_usd,2018,356128166704.921
PAK,Pakistan,gdp_current_usd,2017,339205534861.1
PAK,Pakistan,gdp_current_usd,2016,313630000130.435
PAK,Pakistan,gdp_current_usd,2015,299963590534.773
PAK,Pakistan,gdp_current_usd,2014,271390474857.632
PAK,Pakistan,gdp_current_usd,2013,258657231672.412
PAK,Pakistan,gdp_current_usd,2012,250106966104.704
PAK,Pakistan,gdp_current_usd,2011,230586581059.665
PAK,Pakistan,gdp_current_usd,2010,196709621849.586
PAK,Pakistan,gdp_per_capita_usd,2025,1595.90912252837
PAK,Pakistan,gdp_per_capita_usd,2024,1479.47755241191
PAK,Pakistan,gdp_per_capita_usd,2023,1360.32417758419
PAK,Pakistan,gdp_per_capita_usd,2022,1538.3228133171
PAK,Pakistan,gdp_per_capita_usd,2021,1455.31922370186
PAK,Pakistan,gdp_per_capita_usd,2020,1278.39735206896
PAK,Pakistan,gdp_per_capita_usd,2019,1390.41690981745
PAK,Pakistan,gdp_per_capita_usd,2018,1569.33814626355
PAK,Pakistan,gdp_per_capita_usd,2017,1519.23459514248
PAK,Pakistan,gdp_per_capita_usd,2016,1424.69161195897
PAK,Pakistan,gdp_per_capita_usd,2015,1380.47020838317
PAK,Pakistan,gdp_per_capita_usd,2014,1266.61340849959
PAK,Pakistan,gdp_per_capita_usd,2013,1225.4340119198
PAK,Pakistan,gdp_per_capita_usd,2012,1204.36475491585
PAK,Pakistan,gdp_per_capita_usd,2011,1131.73513834324
PAK,Pakistan,gdp_per_capita_usd,2010,987.304571124485
PAK,Pakistan,total_reserves_usd,2025,26455819675.7311
PAK,Pakistan,total_reserves_usd,2024,18407745860.6666
PAK,Pakistan,total_reserves_usd,2023,13730353485.3453
PAK,Pakistan,total_reserves_usd,2022,9926587077.28489
PAK,Pakistan,total_reserves_usd,2021,22811522857.5294
PAK,Pakistan,total_reserves_usd,2020,18521734363.953
PAK,Pakistan,total_reserves_usd,2019,16586046186.217
PAK,Pakistan,total_reserves_usd,2018,11837177725.852
PAK,Pakistan,total_reserves_usd,2017,18455861310.286
PAK,Pakistan,total_reserves_usd,2016,22027605269.5237
PAK,Pakistan,total_reserves_usd,2015,20027864211.2596
PAK,Pakistan,total_reserves_usd,2014,14306811155.4783
PAK,Pakistan,total_reserves_usd,2013,7651260101.72057
PAK,Pakistan,total_reserves_usd,2012,13688479776.3038
PAK,Pakistan,total_reserves_usd,2011,17697925812.3775
PAK,Pakistan,total_reserves_usd,2010,17255570039.5702
PAK,Pakistan,unemployment_rate,2025,5.42
PAK,Pakistan,unemployment_rate,2024,5.492
PAK,Pakistan,unemployment_rate,2023,5.237
PAK,Pakistan,unemployment_rate,2022,5.291
PAK,Pakistan,unemployment_rate,2021,6.338
PAK,Pakistan,unemployment_rate,2020,5.994
PAK,Pakistan,unemployment_rate,2019,4.83
PAK,Pakistan,unemployment_rate,2018,4.083
PAK,Pakistan,unemployment_rate,2017,3.204
PAK,Pakistan,unemployment_rate,2016,2.285
PAK,Pakistan,unemployment_rate,2015,3.566
PAK,Pakistan,unemployment_rate,2014,1.827
PAK,Pakistan,unemployment_rate,2013,2.954
PAK,Pakistan,unemployment_rate,2012,3.667
PAK,Pakistan,unemployment_rate,2011,0.796
PAK,Pakistan,unemployment_rate,2010,0.653
PAK,Pakistan,youth_unemployment_rate,2025,9.594
PAK,Pakistan,youth_unemployment_rate,2024,9.521
PAK,Pakistan,youth_unemployment_rate,2023,9.423
PAK,Pakistan,youth_unemployment_rate,2022,9.448
PAK,Pakistan,youth_unemployment_rate,2021,11.053
PAK,Pakistan,youth_unemployment_rate,2020,10.739
PAK,Pakistan,youth_unemployment_rate,2019,9.599
PAK,Pakistan,youth_unemployment_rate,2018,7.864
PAK,Pakistan,youth_unemployment_rate,2017,6.519
PAK,Pakistan,youth_unemployment_rate,2016,5.165
PAK,Pakistan,youth_unemployment_rate,2015,6.682
PAK,Pakistan,youth_unemployment_rate,2014,4.052
PAK,Pakistan,youth_unemployment_rate,2013,5.98
PAK,Pakistan,youth_unemployment_rate,2012,7.556
PAK,Pakistan,youth_unemployment_rate,2011,1.719
PAK,Pakistan,youth_unemployment_rate,2010,1.287
PAK,Pakistan,gini_index,2024,33.5
PAK,Pakistan,gini_index,2018,29.6
PAK,Pakistan,gini_index,2015,31.3
PAK,Pakistan,gini_index,2013,29.5
PAK,Pakistan,gini_index,2011,29.7
PAK,Pakistan,gini_index,2010,28.8
LKA,Sri Lanka,debt_to_gdp,2015,73.5126591623625
LKA,Sri Lanka,debt_to_gdp,2014,68.5910423360777
LKA,Sri Lanka,debt_to_gdp,2013,68.353616559854
LKA,Sri Lanka,debt_to_gdp,2012,66.747235367261
LKA,Sri Lanka,debt_to_gdp,2011,68.5257394060365
LKA,Sri Lanka,debt_to_gdp,2010,69.2530251841062
LKA,Sri Lanka,current_account_pct_gdp,2025,1.57989637194729
LKA,Sri Lanka,current_account_pct_gdp,2024,1.21195613729145
LKA,Sri Lanka,current_account_pct_gdp,2023,1.71159541534781
LKA,Sri Lanka,current_account_pct_gdp,2022,-1.95359411068217
LKA,Sri Lanka,current_account_pct_gdp,2021,-3.70866603299244
LKA,Sri Lanka,current_account_pct_gdp,2020,-1.40761495020571
LKA,Sri Lanka,current_account_pct_gdp,2019,-2.07126631647204
LKA,Sri Lanka,current_account_pct_gdp,2018,-2.96352841915886
LKA,Sri Lanka,current_account_pct_gdp,2017,-2.44676434907529
LKA,Sri Lanka,current_account_pct_gdp,2016,-1.97999493165089
LKA,Sri Lanka,current_account_pct_gdp,2015,-2.21267766608825
LKA,Sri Lanka,current_account_pct_gdp,2014,-2.4084055719608
LKA,Sri Lanka,current_account_pct_gdp,2013,-3.30046822137756
LKA,Sri Lanka,current_account_pct_gdp,2012,-5.69099820826854
LKA,Sri Lanka,current_account_pct_gdp,2011,-6.81209765681019
LKA,Sri Lanka,current_account_pct_gdp,2010,-1.83339431574737
LKA,Sri Lanka,reserves_months_imports,2024,2.86510891041574
LKA,Sri Lanka,reserves_months_imports,2023,2.38312008892394
LKA,Sri Lanka,reserves_months_imports,2022,1.06429793828172
LKA,Sri Lanka,reserves_months_imports,2021,1.59499450325141
LKA,Sri Lanka,reserves_months_imports,2020,3.28744685628802
LKA,Sri Lanka,reserves_months_imports,2019,3.36492073802706
LKA,Sri Lanka,reserves_months_imports,2018,2.81773247932962
LKA,Sri Lanka,reserves_months_imports,2017,3.42413053355998
LKA,Sri Lanka,reserves_months_imports,2016,2.79773151721733
LKA,Sri Lanka,reserves_months_imports,2015,3.48457714580903
LKA,Sri Lanka,reserves_months_imports,2014,3.92468380375977
LKA,Sri Lanka,reserves_months_imports,2013,3.84760389405601
LKA,Sri Lanka,reserves_months_imports,2012,3.68897815263595
LKA,Sri Lanka,reserves_months_imports,2011,3.46079601554795
LKA,Sri Lanka,reserves_months_imports,2010,5.34354431776971
LKA,Sri Lanka,gdp_growth,2025,4.9534339114043
LKA,Sri Lanka,gdp_growth,2024,4.99241614398109
LKA,Sri Lanka,gdp_growth,2023,-2.0289296690344
LKA,Sri Lanka,gdp_growth,2022,-7.34919311146656
LKA,Sri Lanka,gdp_growth,2021,4.2074764950026
LKA,Sri Lanka,gdp_growth,2020,-4.62451503712715
LKA,Sri Lanka,gdp_growth,2019,-0.220483886824823
LKA,Sri Lanka,gdp_growth,2018,2.31008425504933
LKA,Sri Lanka,gdp_growth,2017,6.46068127080994
LKA,Sri Lanka,gdp_growth,2016,5.05362488993089
LKA,Sri Lanka,gdp_growth,2015,4.20595547501601
LKA,Sri Lanka,gdp_growth,2014,6.37797889684965
LKA,Sri Lanka,gdp_growth,2013,4.0517463303875
LKA,Sri Lanka,gdp_growth,2012,8.6321813769906
LKA,Sri Lanka,gdp_growth,2011,8.66948301160571
LKA,Sri Lanka,gdp_growth,2010,8.01596737040464
LKA,Sri Lanka,inflation,2025,-4.76386036960982
LKA,Sri Lanka,inflation,2024,-0.42936004906973
LKA,Sri Lanka,inflation,2023,16.5411742279831
LKA,Sri Lanka,inflation,2022,49.7211021114327
LKA,Sri Lanka,inflation,2021,7.01478071238194
LKA,Sri Lanka,inflation,2020,6.15394508391737
LKA,Sri Lanka,inflation,2019,3.52839358231811
LKA,Sri Lanka,inflation,2018,2.135037737132
LKA,Sri Lanka,inflation,2017,7.70413767850601
LKA,Sri Lanka,inflation,2016,3.95888846593069
LKA,Sri Lanka,inflation,2015,3.76836783062096
LKA,Sri Lanka,inflation,2014,3.17900228236059
LKA,Sri Lanka,inflation,2013,6.90845034828452
LKA,Sri Lanka,inflation,2012,7.54291373239437
LKA,Sri Lanka,inflation,2011,6.7167684358854
LKA,Sri Lanka,inflation,2010,6.2176488930462
LKA,Sri Lanka,political_stability,2025,-0.0428179
LKA,Sri Lanka,political_stability,2024,-0.2354926
LKA,Sri Lanka,political_stability,2023,-0.675161
LKA,Sri Lanka,political_stability,2022,-0.7805474
LKA,Sri Lanka,political_stability,2021,-0.513868
LKA,Sri Lanka,political_stability,2020,-0.1288383
LKA,Sri Lanka,political_stability,2019,-0.1896999
LKA,Sri Lanka,political_stability,2018,-0.2822441
LKA,Sri Lanka,political_stability,2017,-0.1902701
LKA,Sri Lanka,political_stability,2016,-0.1489029
LKA,Sri Lanka,political_stability,2015,-0.085112
LKA,Sri Lanka,political_stability,2014,-0.544605
LKA,Sri Lanka,political_stability,2013,-0.8393824
LKA,Sri Lanka,political_stability,2012,-0.9376308
LKA,Sri Lanka,political_stability,2011,-0.7483842
LKA,Sri Lanka,political_stability,2010,-0.7831169
LKA,Sri Lanka,government_effectiveness,2025,-0.128554
LKA,Sri Lanka,government_effectiveness,2024,-0.2398394
LKA,Sri Lanka,government_effectiveness,2023,-0.2656658
LKA,Sri Lanka,government_effectiveness,2022,-0.4156215
LKA,Sri Lanka,government_effectiveness,2021,-0.1566018
LKA,Sri Lanka,government_effectiveness,2020,-0.0522604
LKA,Sri Lanka,government_effectiveness,2019,0.0277236
LKA,Sri Lanka,government_effectiveness,2018,-0.0100755
LKA,Sri Lanka,government_effectiveness,2017,0.0807506
LKA,Sri Lanka,government_effectiveness,2016,0.0940735
LKA,Sri Lanka,government_effectiveness,2015,0.1918506
LKA,Sri Lanka,government_effectiveness,2014,0.1743908
LKA,Sri Lanka,government_effectiveness,2013,-0.0849538
LKA,Sri Lanka,government_effectiveness,2012,-0.1115063
LKA,Sri Lanka,government_effectiveness,2011,-0.069179
LKA,Sri Lanka,government_effectiveness,2010,-0.0885833
LKA,Sri Lanka,rule_of_law,2025,-0.207336
LKA,Sri Lanka,rule_of_law,2024,-0.2844558
LKA,Sri Lanka,rule_of_law,2023,-0.3276704
LKA,Sri Lanka,rule_of_law,2022,-0.3219215
LKA,Sri Lanka,rule_of_law,2021,-0.2185421
LKA,Sri Lanka,rule_of_law,2020,-0.1788215
LKA,Sri Lanka,rule_of_law,2019,-0.0479848
LKA,Sri Lanka,rule_of_law,2018,-0.0295819
LKA,Sri Lanka,rule_of_law,2017,-0.0782074
LKA,Sri Lanka,rule_of_law,2016,-0.0716009
LKA,Sri Lanka,rule_of_law,2015,-0.0841888
LKA,Sri Lanka,rule_of_law,2014,-0.3033218
LKA,Sri Lanka,rule_of_law,2013,-0.3268577
LKA,Sri Lanka,rule_of_law,2012,-0.1247081
LKA,Sri Lanka,rule_of_law,2011,-0.2666464
LKA,Sri Lanka,rule_of_law,2010,-0.2054136
LKA,Sri Lanka,regulatory_quality,2025,-0.3036811
LKA,Sri Lanka,regulatory_quality,2024,-0.3683022
LKA,Sri Lanka,regulatory_quality,2023,-0.4264574
LKA,Sri Lanka,regulatory_quality,2022,-0.4469157
LKA,Sri Lanka,regulatory_quality,2021,-0.1260378
LKA,Sri Lanka,regulatory_quality,2020,-0.0760605
LKA,Sri Lanka,regulatory_quality,2019,-0.1427553
LKA,Sri Lanka,regulatory_quality,2018,-0.1506977
LKA,Sri Lanka,regulatory_quality,2017,-0.08938
LKA,Sri Lanka,regulatory_quality,2016,-0.0187706
LKA,Sri Lanka,regulatory_quality,2015,0.0636701
LKA,Sri Lanka,regulatory_quality,2014,0.0189415
LKA,Sri Lanka,regulatory_quality,2013,-0.0356245
LKA,Sri Lanka,regulatory_quality,2012,0.0415223
LKA,Sri Lanka,regulatory_quality,2011,0.0451465
LKA,Sri Lanka,regulatory_quality,2010,-0.0436186
LKA,Sri Lanka,control_of_corruption,2025,-0.2831085
LKA,Sri Lanka,control_of_corruption,2024,-0.3930645
LKA,Sri Lanka,control_of_corruption,2023,-0.3838115
LKA,Sri Lanka,control_of_corruption,2022,-0.3538376
LKA,Sri Lanka,control_of_corruption,2021,-0.3366325
LKA,Sri Lanka,control_of_corruption,2020,-0.2770558
LKA,Sri Lanka,control_of_corruption,2019,-0.1647281
LKA,Sri Lanka,control_of_corruption,2018,-0.205123
LKA,Sri Lanka,control_of_corruption,2017,-0.3072083
LKA,Sri Lanka,control_of_corruption,2016,-0.2510184
LKA,Sri Lanka,control_of_corruption,2015,-0.3410786
LKA,Sri Lanka,control_of_corruption,2014,-0.4563367
LKA,Sri Lanka,control_of_corruption,2013,-0.3127763
LKA,Sri Lanka,control_of_corruption,2012,-0.3096357
LKA,Sri Lanka,control_of_corruption,2011,-0.2468095
LKA,Sri Lanka,control_of_corruption,2010,-0.2601128
LKA,Sri Lanka,fdi_net_inflows_pct_gdp,2025,0.959277643876202
LKA,Sri Lanka,fdi_net_inflows_pct_gdp,2024,0.76216622248177
LKA,Sri Lanka,fdi_net_inflows_pct_gdp,2023,0.848017076796717
LKA,Sri Lanka,fdi_net_inflows_pct_gdp,2022,1.19249322162632
LKA,Sri Lanka,fdi_net_inflows_pct_gdp,2021,0.668825708548416
LKA,Sri Lanka,fdi_net_inflows_pct_gdp,2020,0.514700553944402
LKA,Sri Lanka,fdi_net_inflows_pct_gdp,2019,0.835367460265196
LKA,Sri Lanka,fdi_net_inflows_pct_gdp,2018,1.70888696252064
LKA,Sri Lanka,fdi_net_inflows_pct_gdp,2017,1.45462805110061
LKA,Sri Lanka,fdi_net_inflows_pct_gdp,2016,1.01937184801285
LKA,Sri Lanka,fdi_net_inflows_pct_gdp,2015,0.798746316666859
LKA,Sri Lanka,fdi_net_inflows_pct_gdp,2014,1.08277813405104
LKA,Sri Lanka,fdi_net_inflows_pct_gdp,2013,1.21148000059153
LKA,Sri Lanka,fdi_net_inflows_pct_gdp,2012,1.33591734742632
LKA,Sri Lanka,fdi_net_inflows_pct_gdp,2011,1.41088360151362
LKA,Sri Lanka,fdi_net_inflows_pct_gdp,2010,0.814446067583227
LKA,Sri Lanka,exports_pct_gdp,2025,18.9673796128721
LKA,Sri Lanka,exports_pct_gdp,2024,19.7559774138192
LKA,Sri Lanka,exports_pct_gdp,2023,20.5995283672112
LKA,Sri Lanka,exports_pct_gdp,2022,21.5595624612904
LKA,Sri Lanka,exports_pct_gdp,2021,16.9214215897796
LKA,Sri Lanka,exports_pct_gdp,2020,15.4576399170356
LKA,Sri Lanka,exports_pct_gdp,2019,21.8235309246323
LKA,Sri Lanka,exports_pct_gdp,2018,21.4462486145463
LKA,Sri Lanka,exports_pct_gdp,2017,20.2242000359935
LKA,Sri Lanka,exports_pct_gdp,2016,19.824036042668
LKA,Sri Lanka,exports_pct_gdp,2015,19.893383820467
LKA,Sri Lanka,imports_pct_gdp,2025,22.8416230396327
LKA,Sri Lanka,imports_pct_gdp,2024,22.3636324192921
LKA,Sri Lanka,imports_pct_gdp,2023,22.7481397523022
LKA,Sri Lanka,imports_pct_gdp,2022,25.1230455566456
LKA,Sri Lanka,imports_pct_gdp,2021,24.3074247397182
LKA,Sri Lanka,imports_pct_gdp,2020,21.6314789397836
LKA,Sri Lanka,imports_pct_gdp,2019,27.6019929606444
LKA,Sri Lanka,imports_pct_gdp,2018,28.3631481374973
LKA,Sri Lanka,imports_pct_gdp,2017,26.9162097641559
LKA,Sri Lanka,imports_pct_gdp,2016,26.6475009824081
LKA,Sri Lanka,imports_pct_gdp,2015,27.0245869884029
LKA,Sri Lanka,official_exchange_rate_lcu_usd,2025,300.851958333333
LKA,Sri Lanka,official_exchange_rate_lcu_usd,2024,302.116066666666
LKA,Sri Lanka,official_exchange_rate_lcu_usd,2023,327.506533333333
LKA,Sri Lanka,official_exchange_rate_lcu_usd,2022,322.632674256474
LKA,Sri Lanka,official_exchange_rate_lcu_usd,2021,198.764316844656
LKA,Sri Lanka,official_exchange_rate_lcu_usd,2020,185.592557772212
LKA,Sri Lanka,official_exchange_rate_lcu_usd,2019,178.744925045847
LKA,Sri Lanka,official_exchange_rate_lcu_usd,2018,162.464858736778
LKA,Sri Lanka,official_exchange_rate_lcu_usd,2017,152.446413948767
LKA,Sri Lanka,official_exchange_rate_lcu_usd,2016,145.581667492025
LKA,Sri Lanka,official_exchange_rate_lcu_usd,2015,135.856912797088
LKA,Sri Lanka,official_exchange_rate_lcu_usd,2014,130.564685218829
LKA,Sri Lanka,official_exchange_rate_lcu_usd,2013,129.069030932887
LKA,Sri Lanka,official_exchange_rate_lcu_usd,2012,127.60335350681
LKA,Sri Lanka,official_exchange_rate_lcu_usd,2011,110.565207851396
LKA,Sri Lanka,official_exchange_rate_lcu_usd,2010,113.064480448821
LKA,Sri Lanka,gdp_current_usd,2025,108825231671.196
LKA,Sri Lanka,gdp_current_usd,2024,99616111265.7633
LKA,Sri Lanka,gdp_current_usd,2023,84080307355.5983
LKA,Sri Lanka,gdp_current_usd,2022,74143020303.663
LKA,Sri Lanka,gdp_current_usd,2021,88556699052.2008
LKA,Sri Lanka,gdp_current_usd,2020,84335574372.2997
LKA,Sri Lanka,gdp_current_usd,2019,88998706177.9986
LKA,Sri Lanka,gdp_current_usd,2018,94450015982.806
LKA,Sri Lanka,gdp_current_usd,2017,94369350439.4732
LKA,Sri Lanka,gdp_current_usd,2016,88000210878.1236
LKA,Sri Lanka,gdp_current_usd,2015,85090300895.6546
LKA,Sri Lanka,gdp_current_usd,2014,82531125461.843
LKA,Sri Lanka,gdp_current_usd,2013,76976204074.978
LKA,Sri Lanka,gdp_current_usd,2012,70447216891.3366
LKA,Sri Lanka,gdp_current_usd,2011,67753285882.299
LKA,Sri Lanka,gdp_current_usd,2010,58636049581.1712
LKA,Sri Lanka,gdp_per_capita_usd,2025,5002.07904353724
LKA,Sri Lanka,gdp_per_capita_usd,2024,4545.36006870612
LKA,Sri Lanka,gdp_per_capita_usd,2023,3815.41531767474
LKA,Sri Lanka,gdp_per_capita_usd,2022,3342.63650438046
LKA,Sri Lanka,gdp_per_capita_usd,2021,3996.96240531688
LKA,Sri Lanka,gdp_per_capita_usd,2020,3847.60136741182
LKA,Sri Lanka,gdp_per_capita_usd,2019,4081.94772178134
LKA,Sri Lanka,gdp_per_capita_usd,2018,4358.56095905888
LKA,Sri Lanka,gdp_per_capita_usd,2017,4398.88828786059
LKA,Sri Lanka,gdp_per_capita_usd,2016,4149.19189391879
LKA,Sri Lanka,gdp_per_capita_usd,2015,4057.71582716521
LKA,Sri Lanka,gdp_per_capita_usd,2014,3972.04377042271
LKA,Sri Lanka,gdp_per_capita_usd,2013,3739.43182292825
LKA,Sri Lanka,gdp_per_capita_usd,2012,3327.77612404326
LKA,Sri Lanka,gdp_per_capita_usd,2011,3224.95745082305
LKA,Sri Lanka,gdp_per_capita_usd,2010,2808.36245207687
LKA,Sri Lanka,total_reserves_usd,2024,6093946546.37436
LKA,Sri Lanka,total_reserves_usd,2023,4405117005.00662
LKA,Sri Lanka,total_reserves_usd,2022,1896231717.15846
LKA,Sri Lanka,total_reserves_usd,2021,3136991506.34787
LKA,Sri Lanka,total_reserves_usd,2020,5663994385.32783
LKA,Sri Lanka,total_reserves_usd,2019,7648305273.42442
LKA,Sri Lanka,total_reserves_usd,2018,6920825566.09992
LKA,Sri Lanka,total_reserves_usd,2017,7959047614.93675
LKA,Sri Lanka,total_reserves_usd,2016,6008199165.17799
LKA,Sri Lanka,total_reserves_usd,2015,7302096590.22384
LKA,Sri Lanka,total_reserves_usd,2014,8210750127.74158
LKA,Sri Lanka,total_reserves_usd,2013,7500000871.53902
LKA,Sri Lanka,total_reserves_usd,2012,7106460348.66884
LKA,Sri Lanka,total_reserves_usd,2011,6739196545.08981
LKA,Sri Lanka,total_reserves_usd,2010,7195358507.0
LKA,Sri Lanka,unemployment_rate,2025,4.005
LKA,Sri Lanka,unemployment_rate,2024,4.239
LKA,Sri Lanka,unemployment_rate,2023,4.528
LKA,Sri Lanka,unemployment_rate,2022,4.528
LKA,Sri Lanka,unemployment_rate,2021,4.981
LKA,Sri Lanka,unemployment_rate,2020,5.364
LKA,Sri Lanka,unemployment_rate,2019,4.67
LKA,Sri Lanka,unemployment_rate,2018,4.318
LKA,Sri Lanka,unemployment_rate,2017,4.046
LKA,Sri Lanka,unemployment_rate,2016,4.242
LKA,Sri Lanka,unemployment_rate,2015,4.519
LKA,Sri Lanka,unemployment_rate,2014,4.157
LKA,Sri Lanka,unemployment_rate,2013,4.186
LKA,Sri Lanka,unemployment_rate,2012,3.88
LKA,Sri Lanka,unemployment_rate,2011,4.118
LKA,Sri Lanka,unemployment_rate,2010,4.784
LKA,Sri Lanka,youth_unemployment_rate,2025,18.578
LKA,Sri Lanka,youth_unemployment_rate,2024,19.062
LKA,Sri Lanka,youth_unemployment_rate,2023,20.342
LKA,Sri Lanka,youth_unemployment_rate,2022,21.732
LKA,Sri Lanka,youth_unemployment_rate,2021,25.371
LKA,Sri Lanka,youth_unemployment_rate,2020,25.449
LKA,Sri Lanka,youth_unemployment_rate,2019,20.425
LKA,Sri Lanka,youth_unemployment_rate,2018,20.496
LKA,Sri Lanka,youth_unemployment_rate,2017,17.391
LKA,Sri Lanka,youth_unemployment_rate,2016,20.07
LKA,Sri Lanka,youth_unemployment_rate,2015,19.231
LKA,Sri Lanka,youth_unemployment_rate,2014,18.781
LKA,Sri Lanka,youth_unemployment_rate,2013,17.939
LKA,Sri Lanka,youth_unemployment_rate,2012,16.795
LKA,Sri Lanka,youth_unemployment_rate,2011,16.758
LKA,Sri Lanka,youth_unemployment_rate,2010,18.684
LKA,Sri Lanka,gini_index,2019,37.7
LKA,Sri Lanka,gini_index,2016,39.3
LKA,Sri Lanka,gini_index,2012,38.7
TUR,Turkey,debt_to_gdp,2024,25.5128667788107
TUR,Turkey,debt_to_gdp,2023,31.1237728765421
TUR,Turkey,debt_to_gdp,2022,35.3300843740665
TUR,Turkey,debt_to_gdp,2021,41.6375124693568
TUR,Turkey,debt_to_gdp,2020,41.0396523893444
TUR,Turkey,debt_to_gdp,2019,33.4600744570718
TUR,Turkey,debt_to_gdp,2018,29.3999927208091
TUR,Turkey,debt_to_gdp,2017,29.5734179673603
TUR,Turkey,debt_to_gdp,2016,30.075201418508
TUR,Turkey,debt_to_gdp,2015,29.145145266046
TUR,Turkey,debt_to_gdp,2014,31.1206735016751
TUR,Turkey,debt_to_gdp,2013,31.7836465280795
TUR,Turkey,debt_to_gdp,2012,37.6997174684634
TUR,Turkey,debt_to_gdp,2011,39.9693425323809
TUR,Turkey,debt_to_gdp,2010,45.1797411840038
TUR,Turkey,current_account_pct_gdp,2025,-1.89933817058389
TUR,Turkey,current_account_pct_gdp,2024,-0.958485187243091
TUR,Turkey,current_account_pct_gdp,2023,-3.66451360136676
TUR,Turkey,current_account_pct_gdp,2022,-5.03921035996332
TUR,Turkey,current_account_pct_gdp,2021,-0.841490012048298
TUR,Turkey,current_account_pct_gdp,2020,-4.22884480277712
TUR,Turkey,current_account_pct_gdp,2019,1.93503114755598
TUR,Turkey,current_account_pct_gdp,2018,-1.85296766104815
TUR,Turkey,current_account_pct_gdp,2017,-4.06783613710293
TUR,Turkey,current_account_pct_gdp,2016,-2.54530792537505
TUR,Turkey,current_account_pct_gdp,2015,-2.46712716353959
TUR,Turkey,current_account_pct_gdp,2014,-3.40767483615583
TUR,Turkey,current_account_pct_gdp,2013,-5.12686124176872
TUR,Turkey,current_account_pct_gdp,2012,-4.72096418758118
TUR,Turkey,current_account_pct_gdp,2011,-8.81351105932507
TUR,Turkey,current_account_pct_gdp,2010,-5.70254261669491
TUR,Turkey,reserves_months_imports,2025,5.127654800312
TUR,Turkey,reserves_months_imports,2024,4.69844515171534
TUR,Turkey,reserves_months_imports,2023,4.15418696554689
TUR,Turkey,reserves_months_imports,2022,3.87655812064327
TUR,Turkey,reserves_months_imports,2021,4.44640226544604
TUR,Turkey,reserves_months_imports,2020,4.6220883288877
TUR,Turkey,reserves_months_imports,2019,5.18427528714443
TUR,Turkey,reserves_months_imports,2018,4.21757739253257
TUR,Turkey,reserves_months_imports,2017,4.78794864952257
TUR,Turkey,reserves_months_imports,2016,5.43169973687983
TUR,Turkey,reserves_months_imports,2015,5.46405803059575
TUR,Turkey,reserves_months_imports,2014,5.46654268778751
TUR,Turkey,reserves_months_imports,2013,5.46467548164703
TUR,Turkey,reserves_months_imports,2012,5.52884305144565
TUR,Turkey,reserves_months_imports,2011,4.01504832644044
TUR,Turkey,reserves_months_imports,2010,4.98149669912826
TUR,Turkey,gdp_growth,2025,3.60462514082589
TUR,Turkey,gdp_growth,2024,3.3276230893799
TUR,Turkey,gdp_growth,2023,5.04512369812289
TUR,Turkey,gdp_growth,2022,5.44122511322401
TUR,Turkey,gdp_growth,2021,11.811094450607
TUR,Turkey,gdp_growth,2020,1.80306247087255
TUR,Turkey,gdp_growth,2019,1.30162365464503
TUR,Turkey,gdp_growth,2018,3.46815306092219
TUR,Turkey,gdp_growth,2017,7.82585730002594
TUR,Turkey,gdp_growth,2016,3.32366508200445
TUR,Turkey,gdp_growth,2015,5.80557386628684
TUR,Turkey,gdp_growth,2014,4.60079447270559
TUR,Turkey,gdp_growth,2013,8.48825689298511
TUR,Turkey,gdp_growth,2012,4.80762696633448
TUR,Turkey,gdp_growth,2011,10.9799625273598
TUR,Turkey,gdp_growth,2010,8.54219848467686
TUR,Turkey,inflation,2025,34.8811700293777
TUR,Turkey,inflation,2024,58.5064492168435
TUR,Turkey,inflation,2023,53.8594084019764
TUR,Turkey,inflation,2022,72.3088300496956
TUR,Turkey,inflation,2021,19.5964927532842
TUR,Turkey,inflation,2020,12.2789597724893
TUR,Turkey,inflation,2019,15.176809642769
TUR,Turkey,inflation,2018,16.3324781477783
TUR,Turkey,inflation,2017,11.1443085201022
TUR,Turkey,inflation,2016,7.7751335303658
TUR,Turkey,inflation,2015,7.67085521554052
TUR,Turkey,inflation,2014,8.8545718967802
TUR,Turkey,inflation,2013,7.49308913314732
TUR,Turkey,inflation,2012,8.89156955351783
TUR,Turkey,inflation,2011,6.4718820256722
TUR,Turkey,inflation,2010,8.56644062481412
TUR,Turkey,political_stability,2025,-0.8812265
TUR,Turkey,political_stability,2024,-0.886377
TUR,Turkey,political_stability,2023,-0.8971265
TUR,Turkey,political_stability,2022,-0.9496668
TUR,Turkey,political_stability,2021,-0.9854737
TUR,Turkey,political_stability,2020,-1.0648506
TUR,Turkey,political_stability,2019,-1.2029715
TUR,Turkey,political_stability,2018,-1.142298
TUR,Turkey,political_stability,2017,-1.7058986
TUR,Turkey,political_stability,2016,-1.7668706
TUR,Turkey,political_stability,2015,-1.0878373
TUR,Turkey,political_stability,2014,-0.7974653
TUR,Turkey,political_stability,2013,-1.0022018
TUR,Turkey,political_stability,2012,-0.8954819
TUR,Turkey,political_stability,2011,-0.6929244
TUR,Turkey,political_stability,2010,-0.5540597
TUR,Turkey,government_effectiveness,2025,0.0289387
TUR,Turkey,government_effectiveness,2024,-0.0527008
TUR,Turkey,government_effectiveness,2023,-0.085658
TUR,Turkey,government_effectiveness,2022,0.0024379
TUR,Turkey,government_effectiveness,2021,0.0643543
TUR,Turkey,government_effectiveness,2020,0.1256071
TUR,Turkey,government_effectiveness,2019,0.2160473
TUR,Turkey,government_effectiveness,2018,0.0724162
TUR,Turkey,government_effectiveness,2017,0.3578757
TUR,Turkey,government_effectiveness,2016,0.2835884
TUR,Turkey,government_effectiveness,2015,0.3932764
TUR,Turkey,government_effectiveness,2014,0.5221469
TUR,Turkey,government_effectiveness,2013,0.409084
TUR,Turkey,government_effectiveness,2012,0.5106743
TUR,Turkey,government_effectiveness,2011,0.4578849
TUR,Turkey,government_effectiveness,2010,0.4149281
TUR,Turkey,rule_of_law,2025,-0.8121093
TUR,Turkey,rule_of_law,2024,-0.8310313
TUR,Turkey,rule_of_law,2023,-0.7833876
TUR,Turkey,rule_of_law,2022,-0.7383873
TUR,Turkey,rule_of_law,2021,-0.7408787
TUR,Turkey,rule_of_law,2020,-0.6868905
TUR,Turkey,rule_of_law,2019,-0.5676882
TUR,Turkey,rule_of_law,2018,-0.6738236
TUR,Turkey,rule_of_law,2017,-0.5761393
TUR,Turkey,rule_of_law,2016,-0.5103199
TUR,Turkey,rule_of_law,2015,-0.443598
TUR,Turkey,rule_of_law,2014,-0.3418429
TUR,Turkey,rule_of_law,2013,-0.1068296
TUR,Turkey,rule_of_law,2012,-0.0970223
TUR,Turkey,rule_of_law,2011,-0.0727889
TUR,Turkey,rule_of_law,2010,0.0539591
TUR,Turkey,regulatory_quality,2025,-0.1718558
TUR,Turkey,regulatory_quality,2024,-0.1649602
TUR,Turkey,regulatory_quality,2023,-0.1666255
TUR,Turkey,regulatory_quality,2022,-0.1775484
TUR,Turkey,regulatory_quality,2021,-0.0683072
TUR,Turkey,regulatory_quality,2020,-0.1049635
TUR,Turkey,regulatory_quality,2019,0.026219
TUR,Turkey,regulatory_quality,2018,0.0183903
TUR,Turkey,regulatory_quality,2017,0.1110961
TUR,Turkey,regulatory_quality,2016,0.1203997
TUR,Turkey,regulatory_quality,2015,0.2034535
TUR,Turkey,regulatory_quality,2014,0.3883751
TUR,Turkey,regulatory_quality,2013,0.478805
TUR,Turkey,regulatory_quality,2012,0.4778445
TUR,Turkey,regulatory_quality,2011,0.3833109
TUR,Turkey,regulatory_quality,2010,0.3689441
TUR,Turkey,control_of_corruption,2025,-0.5280827
TUR,Turkey,control_of_corruption,2024,-0.5557808
TUR,Turkey,control_of_corruption,2023,-0.4274348
TUR,Turkey,control_of_corruption,2022,-0.4364161
TUR,Turkey,control_of_corruption,2021,-0.402684
TUR,Turkey,control_of_corruption,2020,-0.3275191
TUR,Turkey,control_of_corruption,2019,-0.1848387
TUR,Turkey,control_of_corruption,2018,-0.2349292
TUR,Turkey,control_of_corruption,2017,-0.0937917
TUR,Turkey,control_of_corruption,2016,-0.1119166
TUR,Turkey,control_of_corruption,2015,-0.1335672
TUR,Turkey,control_of_corruption,2014,-0.1354284
TUR,Turkey,control_of_corruption,2013,0.1458971
TUR,Turkey,control_of_corruption,2012,0.1627752
TUR,Turkey,control_of_corruption,2011,0.0521396
TUR,Turkey,control_of_corruption,2010,0.0560432
TUR,Turkey,fdi_net_inflows_pct_gdp,2025,0.812061289822783
TUR,Turkey,fdi_net_inflows_pct_gdp,2024,0.85805283285706
TUR,Turkey,fdi_net_inflows_pct_gdp,2023,0.930652039887051
TUR,Turkey,fdi_net_inflows_pct_gdp,2022,1.59551239133492
TUR,Turkey,fdi_net_inflows_pct_gdp,2021,1.53475491586228
TUR,Turkey,fdi_net_inflows_pct_gdp,2020,1.02531493703228
TUR,Turkey,fdi_net_inflows_pct_gdp,2019,1.22536076199392
TUR,Turkey,fdi_net_inflows_pct_gdp,2018,1.57923380202967
TUR,Turkey,fdi_net_inflows_pct_gdp,2017,1.29532700760314
TUR,Turkey,fdi_net_inflows_pct_gdp,2016,1.58873607703875
TUR,Turkey,fdi_net_inflows_pct_gdp,2015,2.225752648523
TUR,Turkey,fdi_net_inflows_pct_gdp,2014,1.41530142282668
TUR,Turkey,fdi_net_inflows_pct_gdp,2013,1.40962960980578
TUR,Turkey,fdi_net_inflows_pct_gdp,2012,1.55241965245755
TUR,Turkey,fdi_net_inflows_pct_gdp,2011,1.91686136260632
TUR,Turkey,fdi_net_inflows_pct_gdp,2010,1.16274364749147
TUR,Turkey,exports_pct_gdp,2025,24.8497719904256
TUR,Turkey,exports_pct_gdp,2024,27.5682232095509
TUR,Turkey,exports_pct_gdp,2023,31.9135926809724
TUR,Turkey,exports_pct_gdp,2022,38.1412107474416
TUR,Turkey,exports_pct_gdp,2021,35.0536332850518
TUR,Turkey,exports_pct_gdp,2020,28.7400043468285
TUR,Turkey,exports_pct_gdp,2019,33.0298811646869
TUR,Turkey,exports_pct_gdp,2018,31.7278536539697
TUR,Turkey,exports_pct_gdp,2017,26.5394989930636
TUR,Turkey,exports_pct_gdp,2016,23.6322024334399
TUR,Turkey,exports_pct_gdp,2015,25.280784580735
TUR,Turkey,exports_pct_gdp,2014,25.8173246854016
TUR,Turkey,exports_pct_gdp,2013,24.403259811358
TUR,Turkey,exports_pct_gdp,2012,24.9658181147838
TUR,Turkey,exports_pct_gdp,2011,23.4903574412774
TUR,Turkey,exports_pct_gdp,2010,21.5899457839207
TUR,Turkey,imports_pct_gdp,2025,25.0849063722672
TUR,Turkey,imports_pct_gdp,2024,27.0305829100406
TUR,Turkey,imports_pct_gdp,2023,33.7696157928943
TUR,Turkey,imports_pct_gdp,2022,41.7570614839925
TUR,Turkey,imports_pct_gdp,2021,34.5552643235919
TUR,Turkey,imports_pct_gdp,2020,31.6498487704686
TUR,Turkey,imports_pct_gdp,2019,29.548577767937
TUR,Turkey,imports_pct_gdp,2018,31.0972787311468
TUR,Turkey,imports_pct_gdp,2017,29.5961595228053
TUR,Turkey,imports_pct_gdp,2016,25.2379813745471
TUR,Turkey,imports_pct_gdp,2015,26.5941406789482
TUR,Turkey,imports_pct_gdp,2014,28.4894493558784
TUR,Turkey,imports_pct_gdp,2013,28.6650931929463
TUR,Turkey,imports_pct_gdp,2012,28.3619431820769
TUR,Turkey,imports_pct_gdp,2011,30.1612264563406
TUR,Turkey,imports_pct_gdp,2010,25.3533908870685
TUR,Turkey,official_exchange_rate_lcu_usd,2025,39.4548130977982
TUR,Turkey,official_exchange_rate_lcu_usd,2024,32.8058614432703
TUR,Turkey,official_exchange_rate_lcu_usd,2023,23.7385661219918
TUR,Turkey,official_exchange_rate_lcu_usd,2022,16.5488604173067
TUR,Turkey,official_exchange_rate_lcu_usd,2021,8.85040754928314
TUR,Turkey,official_exchange_rate_lcu_usd,2020,7.00860541558521
TUR,Turkey,official_exchange_rate_lcu_usd,2019,5.67381930843574
TUR,Turkey,official_exchange_rate_lcu_usd,2018,4.82837014720942
TUR,Turkey,official_exchange_rate_lcu_usd,2017,3.64813263536866
TUR,Turkey,official_exchange_rate_lcu_usd,2016,3.02013474808043
TUR,Turkey,official_exchange_rate_lcu_usd,2015,2.72000852790578
TUR,Turkey,official_exchange_rate_lcu_usd,2014,2.18854241775473
TUR,Turkey,official_exchange_rate_lcu_usd,2013,1.90376824244751
TUR,Turkey,official_exchange_rate_lcu_usd,2012,1.79600094441354
TUR,Turkey,official_exchange_rate_lcu_usd,2011,1.67495455197132
TUR,Turkey,official_exchange_rate_lcu_usd,2010,1.50284862967229
TUR,Turkey,gdp_current_usd,2025,1597293229287.0
TUR,Turkey,gdp_current_usd,2024,1359123768774.12
TUR,Turkey,gdp_current_usd,2023,1141242864657.45
TUR,Turkey,gdp_current_usd,2022,926097476913.818
TUR,Turkey,gdp_current_usd,2021,839938668172.134
TUR,Turkey,gdp_current_usd,2020,733628247119.077
TUR,Turkey,gdp_current_usd,2019,775853144222.613
TUR,Turkey,gdp_current_usd,2018,788356985773.667
TUR,Turkey,gdp_current_usd,2017,863874522365.276
TUR,Turkey,gdp_current_usd,2016,870818016909.84
TUR,Turkey,gdp_current_usd,2015,865460050683.656
TUR,Turkey,gdp_current_usd,2014,942343431928.654
TUR,Turkey,gdp_current_usd,2013,962167643588.925
TUR,Turkey,gdp_current_usd,2012,885327622479.052
TUR,Turkey,gdp_current_usd,2011,844192507380.795
TUR,Turkey,gdp_current_usd,2010,782545664268.333
TUR,Turkey,gdp_per_capita_usd,2025,18599.4420922378
TUR,Turkey,gdp_per_capita_usd,2024,15892.7157287241
TUR,Turkey,gdp_per_capita_usd,2023,13375.0947282864
TUR,Turkey,gdp_per_capita_usd,2022,10897.8397861365
TUR,Turkey,gdp_per_capita_usd,2021,9981.76398411336
TUR,Turkey,gdp_per_capita_usd,2020,8798.11791709313
TUR,Turkey,gdp_per_capita_usd,2019,9395.23378001368
TUR,Turkey,gdp_per_capita_usd,2018,9684.11819884721
TUR,Turkey,gdp_per_capita_usd,2017,10756.3877677883
TUR,Turkey,gdp_per_capita_usd,2016,10984.3643169061
TUR,Turkey,gdp_per_capita_usd,2015,11064.6494504662
TUR,Turkey,gdp_per_capita_usd,2014,12209.3862327674
TUR,Turkey,gdp_per_capita_usd,2013,12635.5570016068
TUR,Turkey,gdp_per_capita_usd,2012,11776.7593362033
TUR,Turkey,gdp_per_capita_usd,2011,11373.6355760885
TUR,Turkey,gdp_per_capita_usd,2010,10698.9699409757
TUR,Turkey,total_reserves_usd,2025,185567690700.458
TUR,Turkey,total_reserves_usd,2024,155548682878.168
TUR,Turkey,total_reserves_usd,2023,140868480001.695
TUR,Turkey,total_reserves_usd,2022,128735003395.892
TUR,Turkey,total_reserves_usd,2021,111184882382.133
TUR,Turkey,total_reserves_usd,2020,93584577917.0715
TUR,Turkey,total_reserves_usd,2019,105619672447.934
TUR,Turkey,total_reserves_usd,2018,92997230040.5605
TUR,Turkey,total_reserves_usd,2017,107657025384.515
TUR,Turkey,total_reserves_usd,2016,104810530764.478
TUR,Turkey,total_reserves_usd,2015,110489628113.015
TUR,Turkey,total_reserves_usd,2014,127421921235.759
TUR,Turkey,total_reserves_usd,2013,131053847400.859
TUR,Turkey,total_reserves_usd,2012,119182965975.409
TUR,Turkey,total_reserves_usd,2011,87937253858.3379
TUR,Turkey,total_reserves_usd,2010,85959461665.9825
TUR,Turkey,unemployment_rate,2025,8.52
TUR,Turkey,unemployment_rate,2024,8.8
TUR,Turkey,unemployment_rate,2023,9.388
TUR,Turkey,unemployment_rate,2022,10.465
TUR,Turkey,unemployment_rate,2021,11.969
TUR,Turkey,unemployment_rate,2020,13.148
TUR,Turkey,unemployment_rate,2019,13.73
TUR,Turkey,unemployment_rate,2018,10.956
TUR,Turkey,unemployment_rate,2017,10.919
TUR,Turkey,unemployment_rate,2016,10.899
TUR,Turkey,unemployment_rate,2015,10.304
TUR,Turkey,unemployment_rate,2014,9.901
TUR,Turkey,unemployment_rate,2013,9.713
TUR,Turkey,unemployment_rate,2012,9.21
TUR,Turkey,unemployment_rate,2011,9.789
TUR,Turkey,unemployment_rate,2010,11.879
TUR,Turkey,youth_unemployment_rate,2025,16.042
TUR,Turkey,youth_unemployment_rate,2024,16.287
TUR,Turkey,youth_unemployment_rate,2023,17.306
TUR,Turkey,youth_unemployment_rate,2022,19.289
TUR,Turkey,youth_unemployment_rate,2021,22.36
TUR,Turkey,youth_unemployment_rate,2020,24.919
TUR,Turkey,youth_unemployment_rate,2019,25.039
TUR,Turkey,youth_unemployment_rate,2018,20.011
TUR,Turkey,youth_unemployment_rate,2017,20.469
TUR,Turkey,youth_unemployment_rate,2016,19.369
TUR,Turkey,youth_unemployment_rate,2015,18.299
TUR,Turkey,youth_unemployment_rate,2014,17.698
TUR,Turkey,youth_unemployment_rate,2013,18.442
TUR,Turkey,youth_unemployment_rate,2012,17.342
TUR,Turkey,youth_unemployment_rate,2011,18.208
TUR,Turkey,youth_unemployment_rate,2010,21.578
TUR,Turkey,gini_index,2023,43.7
TUR,Turkey,gini_index,2022,44.5
TUR,Turkey,gini_index,2021,44.4
TUR,Turkey,gini_index,2020,43.0
TUR,Turkey,gini_index,2019,43.8
TUR,Turkey,gini_index,2018,42.4
TUR,Turkey,gini_index,2017,43.5
TUR,Turkey,gini_index,2016,41.9
TUR,Turkey,gini_index,2015,42.9
TUR,Turkey,gini_index,2014,41.2
TUR,Turkey,gini_index,2013,40.2
TUR,Turkey,gini_index,2012,40.2
TUR,Turkey,gini_index,2011,40.0
TUR,Turkey,gini_index,2010,38.8
SDN,Sudan,current_account_pct_gdp,2025,-8.46205728143248
SDN,Sudan,current_account_pct_gdp,2024,-4.65471960837971
SDN,Sudan,current_account_pct_gdp,2023,-5.19007706528547
SDN,Sudan,current_account_pct_gdp,2022,-8.59889945364703
SDN,Sudan,current_account_pct_gdp,2021,-7.65468962500371
SDN,Sudan,current_account_pct_gdp,2020,-21.6064794369516
SDN,Sudan,current_account_pct_gdp,2019,-14.7808388986177
SDN,Sudan,current_account_pct_gdp,2018,-14.4693934170139
SDN,Sudan,current_account_pct_gdp,2017,-11.1697054533751
SDN,Sudan,current_account_pct_gdp,2016,-9.88346111101847
SDN,Sudan,current_account_pct_gdp,2015,-10.5569345811594
SDN,Sudan,current_account_pct_gdp,2014,-7.1601361847383
SDN,Sudan,current_account_pct_gdp,2013,-13.5321488136858
SDN,Sudan,current_account_pct_gdp,2012,-16.6318777556219
SDN,Sudan,current_account_pct_gdp,2011,-4.82188496528231
SDN,Sudan,current_account_pct_gdp,2010,-2.92618988919934
SDN,Sudan,reserves_months_imports,2017,0.186146721322575
SDN,Sudan,reserves_months_imports,2016,0.206371176337176
SDN,Sudan,reserves_months_imports,2015,0.183852571194076
SDN,Sudan,reserves_months_imports,2014,0.194994810038633
SDN,Sudan,reserves_months_imports,2013,0.170670884074814
SDN,Sudan,reserves_months_imports,2012,0.188390712083207
SDN,Sudan,reserves_months_imports,2011,0.155870348159297
SDN,Sudan,reserves_months_imports,2010,0.793170652584922
SDN,Sudan,gdp_growth,2025,3.06427942935869
SDN,Sudan,gdp_growth,2024,-13.9643378424022
SDN,Sudan,gdp_growth,2023,-29.4332716274387
SDN,Sudan,gdp_growth,2022,-0.957816591119183
SDN,Sudan,gdp_growth,2021,-1.8685204827207
SDN,Sudan,gdp_growth,2020,-3.62980082410752
SDN,Sudan,gdp_growth,2019,-2.17825104530091
SDN,Sudan,gdp_growth,2018,-2.6809305497999
SDN,Sudan,gdp_growth,2017,0.70925628476644
SDN,Sudan,gdp_growth,2016,3.46764218409288
SDN,Sudan,gdp_growth,2015,1.91017689052751
SDN,Sudan,gdp_growth,2014,4.66137954229873
SDN,Sudan,gdp_growth,2013,1.95514463302422
SDN,Sudan,gdp_growth,2012,-17.0046884048945
SDN,Sudan,gdp_growth,2011,-3.21353209253371
SDN,Sudan,gdp_growth,2010,3.85824195230107
SDN,Sudan,inflation,2022,138.80846024176
SDN,Sudan,inflation,2021,359.093040778998
SDN,Sudan,inflation,2020,163.257782355457
SDN,Sudan,inflation,2019,50.9940515002964
SDN,Sudan,inflation,2018,63.2925073455887
SDN,Sudan,inflation,2017,32.3516260968436
SDN,Sudan,inflation,2016,17.7502538311959
SDN,Sudan,inflation,2015,16.9095706050977
SDN,Sudan,inflation,2014,36.9066427863595
SDN,Sudan,inflation,2013,36.5223449139154
SDN,Sudan,inflation,2012,35.5590574147024
SDN,Sudan,inflation,2011,18.0966171221351
SDN,Sudan,inflation,2010,12.9776663898014
SDN,Sudan,political_stability,2025,-2.0692829
SDN,Sudan,political_stability,2024,-2.0344983
SDN,Sudan,political_stability,2023,-2.0682158
SDN,Sudan,political_stability,2022,-1.9342198
SDN,Sudan,political_stability,2021,-1.7962832
SDN,Sudan,political_stability,2020,-1.4071804
SDN,Sudan,political_stability,2019,-1.6827368
SDN,Sudan,political_stability,2018,-1.7213647
SDN,Sudan,political_stability,2017,-1.9617608
SDN,Sudan,political_stability,2016,-2.1648921
SDN,Sudan,political_stability,2015,-2.0548186
SDN,Sudan,political_stability,2014,-2.230423
SDN,Sudan,political_stability,2013,-2.2549147
SDN,Sudan,political_stability,2012,-2.319579
SDN,Sudan,political_stability,2011,-2.3450248
SDN,Sudan,political_stability,2010,-2.4263714
SDN,Sudan,government_effectiveness,2025,-1.953554
SDN,Sudan,government_effectiveness,2024,-1.8961224
SDN,Sudan,government_effectiveness,2023,-1.8492766
SDN,Sudan,government_effectiveness,2022,-1.6127927
SDN,Sudan,government_effectiveness,2021,-1.5151898
SDN,Sudan,government_effectiveness,2020,-1.4833605
SDN,Sudan,government_effectiveness,2019,-1.4721394
SDN,Sudan,government_effectiveness,2018,-1.5561602
SDN,Sudan,government_effectiveness,2017,-1.2856361
SDN,Sudan,government_effectiveness,2016,-1.3336004
SDN,Sudan,government_effectiveness,2015,-1.3538917
SDN,Sudan,government_effectiveness,2014,-1.3710511
SDN,Sudan,government_effectiveness,2013,-1.3693333
SDN,Sudan,government_effectiveness,2012,-1.3719458
SDN,Sudan,government_effectiveness,2011,-1.3701442
SDN,Sudan,government_effectiveness,2010,-1.3836742
SDN,Sudan,rule_of_law,2025,-1.8570236
SDN,Sudan,rule_of_law,2024,-1.7846865
SDN,Sudan,rule_of_law,2023,-1.6614072
SDN,Sudan,rule_of_law,2022,-1.4133348
SDN,Sudan,rule_of_law,2021,-1.3456764
SDN,Sudan,rule_of_law,2020,-1.300604
SDN,Sudan,rule_of_law,2019,-1.3760783
SDN,Sudan,rule_of_law,2018,-1.3471178
SDN,Sudan,rule_of_law,2017,-1.3602999
SDN,Sudan,rule_of_law,2016,-1.4607714
SDN,Sudan,rule_of_law,2015,-1.4698076
SDN,Sudan,rule_of_law,2014,-1.4148253
SDN,Sudan,rule_of_law,2013,-1.4556121
SDN,Sudan,rule_of_law,2012,-1.4190497
SDN,Sudan,rule_of_law,2011,-1.4221368
SDN,Sudan,rule_of_law,2010,-1.3747616
SDN,Sudan,regulatory_quality,2025,-1.7438138
SDN,Sudan,regulatory_quality,2024,-1.6925314
SDN,Sudan,regulatory_quality,2023,-1.6432002
SDN,Sudan,regulatory_quality,2022,-1.5904961
SDN,Sudan,regulatory_quality,2021,-1.5286884
SDN,Sudan,regulatory_quality,2020,-1.5423433
SDN,Sudan,regulatory_quality,2019,-1.5690904
SDN,Sudan,regulatory_quality,2018,-1.5463824
SDN,Sudan,regulatory_quality,2017,-1.4658857
SDN,Sudan,regulatory_quality,2016,-1.4495328
SDN,Sudan,regulatory_quality,2015,-1.4987761
SDN,Sudan,regulatory_quality,2014,-1.4680782
SDN,Sudan,regulatory_quality,2013,-1.5081785
SDN,Sudan,regulatory_quality,2012,-1.4183356
SDN,Sudan,regulatory_quality,2011,-1.3203229
SDN,Sudan,regulatory_quality,2010,-1.3359218
SDN,Sudan,control_of_corruption,2025,-1.5713435
SDN,Sudan,control_of_corruption,2024,-1.5614972
SDN,Sudan,control_of_corruption,2023,-1.4546253
SDN,Sudan,control_of_corruption,2022,-1.4501624
SDN,Sudan,control_of_corruption,2021,-1.2975702
SDN,Sudan,control_of_corruption,2020,-1.4101872
SDN,Sudan,control_of_corruption,2019,-1.4992036
SDN,Sudan,control_of_corruption,2018,-1.5300189
SDN,Sudan,control_of_corruption,2017,-1.4880349
SDN,Sudan,control_of_corruption,2016,-1.4923567
SDN,Sudan,control_of_corruption,2015,-1.4920712
SDN,Sudan,control_of_corruption,2014,-1.5085107
SDN,Sudan,control_of_corruption,2013,-1.5309647
SDN,Sudan,control_of_corruption,2012,-1.5718298
SDN,Sudan,control_of_corruption,2011,-1.4653904
SDN,Sudan,control_of_corruption,2010,-1.4767397
SDN,Sudan,fdi_net_inflows_pct_gdp,2025,3.15777394629957e-06
SDN,Sudan,fdi_net_inflows_pct_gdp,2024,9.46748040723424e-06
SDN,Sudan,fdi_net_inflows_pct_gdp,2023,1.37399372870934
SDN,Sudan,fdi_net_inflows_pct_gdp,2022,1.11000421594226
SDN,Sudan,fdi_net_inflows_pct_gdp,2021,1.52754029838982
SDN,Sudan,fdi_net_inflows_pct_gdp,2020,2.65193447042229
SDN,Sudan,fdi_net_inflows_pct_gdp,2019,2.55226968828806
SDN,Sudan,fdi_net_inflows_pct_gdp,2018,3.51269523880448
SDN,Sudan,fdi_net_inflows_pct_gdp,2017,2.58043876395005
SDN,Sudan,fdi_net_inflows_pct_gdp,2016,2.49532759301928
SDN,Sudan,fdi_net_inflows_pct_gdp,2015,3.34135261447755
SDN,Sudan,fdi_net_inflows_pct_gdp,2014,2.52698516017576
SDN,Sudan,fdi_net_inflows_pct_gdp,2013,3.92312074519106
SDN,Sudan,fdi_net_inflows_pct_gdp,2012,6.14212434699966
SDN,Sudan,fdi_net_inflows_pct_gdp,2011,3.15234852962882
SDN,Sudan,fdi_net_inflows_pct_gdp,2010,3.50004539535844
SDN,Sudan,exports_pct_gdp,2025,1.1030420269355
SDN,Sudan,exports_pct_gdp,2024,0.720930190156301
SDN,Sudan,exports_pct_gdp,2023,1.10810859308483
SDN,Sudan,exports_pct_gdp,2022,1.57116183055586
SDN,Sudan,exports_pct_gdp,2021,2.2498704277993
SDN,Sudan,exports_pct_gdp,2020,5.12531269468598
SDN,Sudan,exports_pct_gdp,2019,8.45298341762853
SDN,Sudan,exports_pct_gdp,2018,7.65020198466392
SDN,Sudan,exports_pct_gdp,2017,6.11214425821293
SDN,Sudan,exports_pct_gdp,2016,5.00449100738247
SDN,Sudan,exports_pct_gdp,2015,6.42291092918573
SDN,Sudan,exports_pct_gdp,2014,7.60891112283276
SDN,Sudan,exports_pct_gdp,2013,9.50689116839014
SDN,Sudan,exports_pct_gdp,2012,6.85645263673087
SDN,Sudan,exports_pct_gdp,2011,12.4787060282521
SDN,Sudan,exports_pct_gdp,2010,17.4756063457453
SDN,Sudan,imports_pct_gdp,2025,1.27888825694147
SDN,Sudan,imports_pct_gdp,2024,1.27448191209378
SDN,Sudan,imports_pct_gdp,2023,1.36562018959182
SDN,Sudan,imports_pct_gdp,2022,1.12767260530269
SDN,Sudan,imports_pct_gdp,2021,1.87767821048496
SDN,Sudan,imports_pct_gdp,2020,4.82983238157553
SDN,Sudan,imports_pct_gdp,2019,17.666637037634
SDN,Sudan,imports_pct_gdp,2018,14.2177167427683
SDN,Sudan,imports_pct_gdp,2017,11.7192455714973
SDN,Sudan,imports_pct_gdp,2016,10.2771788829636
SDN,Sudan,imports_pct_gdp,2015,11.9553619254684
SDN,Sudan,imports_pct_gdp,2014,13.2361978812986
SDN,Sudan,imports_pct_gdp,2013,17.3516333336233
SDN,Sudan,imports_pct_gdp,2012,14.9997218879992
SDN,Sudan,imports_pct_gdp,2011,15.0336329952659
SDN,Sudan,imports_pct_gdp,2010,15.2527036042897
SDN,Sudan,official_exchange_rate_lcu_usd,2022,546.75885
SDN,Sudan,official_exchange_rate_lcu_usd,2021,370.790583333333
SDN,Sudan,official_exchange_rate_lcu_usd,2020,53.9960119047619
SDN,Sudan,official_exchange_rate_lcu_usd,2019,45.7670454545455
SDN,Sudan,official_exchange_rate_lcu_usd,2018,24.3289109018116
SDN,Sudan,official_exchange_rate_lcu_usd,2017,6.68336
SDN,Sudan,official_exchange_rate_lcu_usd,2016,6.21171364583333
SDN,Sudan,official_exchange_rate_lcu_usd,2015,6.02573259791667
SDN,Sudan,official_exchange_rate_lcu_usd,2014,5.73686666666667
SDN,Sudan,official_exchange_rate_lcu_usd,2013,4.75676054708821
SDN,Sudan,official_exchange_rate_lcu_usd,2012,3.57295833333333
SDN,Sudan,official_exchange_rate_lcu_usd,2011,2.66661962177469
SDN,Sudan,official_exchange_rate_lcu_usd,2010,2.30600092016667
SDN,Sudan,gdp_current_usd,2025,60162634574.4689
SDN,Sudan,gdp_current_usd,2024,49672435513.1126
SDN,Sudan,gdp_current_usd,2023,39898289820.7951
SDN,Sudan,gdp_current_usd,2022,51666875363.0963
SDN,Sudan,gdp_current_usd,2021,34229513774.9936
SDN,Sudan,gdp_current_usd,2020,27034593750.0
SDN,Sudan,gdp_current_usd,2019,32338079165.2893
SDN,Sudan,gdp_current_usd,2018,32333780383.2924
SDN,Sudan,gdp_current_usd,2017,41283617976.1905
SDN,Sudan,gdp_current_usd,2016,42630376000.0
SDN,Sudan,gdp_current_usd,2015,51726758676.7677
SDN,Sudan,gdp_current_usd,2014,49516748617.9775
SDN,Sudan,gdp_current_usd,2013,43024018082.1918
SDN,Sudan,gdp_current_usd,2012,37632919966.6667
SDN,Sudan,gdp_current_usd,2011,55018567210.5263
SDN,Sudan,gdp_current_usd,2010,58962978034.4828
SDN,Sudan,gdp_per_capita_usd,2025,1164.53991699219
SDN,Sudan,gdp_per_capita_usd,2024,984.607666015625
SDN,Sudan,gdp_per_capita_usd,2023,797.283447265625
SDN,Sudan,gdp_per_capita_usd,2022,1046.24084472656
SDN,Sudan,gdp_per_capita_usd,2021,712.122009277344
SDN,Sudan,gdp_per_capita_usd,2020,577.795227050781
SDN,Sudan,gdp_per_capita_usd,2019,709.975280761719
SDN,Sudan,gdp_per_capita_usd,2018,731.027465820313
SDN,Sudan,gdp_per_capita_usd,2017,966.505676269531
SDN,Sudan,gdp_per_capita_usd,2016,1033.21594238281
SDN,Sudan,gdp_per_capita_usd,2015,1292.37963867188
SDN,Sudan,gdp_per_capita_usd,2014,1275.43835449219
SDN,Sudan,gdp_per_capita_usd,2013,1138.62780761719
SDN,Sudan,gdp_per_capita_usd,2012,1019.22210693359
SDN,Sudan,gdp_per_capita_usd,2011,1332.6572265625
SDN,Sudan,gdp_per_capita_usd,2010,1305.63598632813
SDN,Sudan,total_reserves_usd,2017,177933851.813136
SDN,Sudan,total_reserves_usd,2016,168284353.053784
SDN,Sudan,total_reserves_usd,2015,173516490.886742
SDN,Sudan,total_reserves_usd,2014,181457168.977027
SDN,Sudan,total_reserves_usd,2013,192956941.623251
SDN,Sudan,total_reserves_usd,2012,192632614.669593
SDN,Sudan,total_reserves_usd,2011,192529339.697521
SDN,Sudan,total_reserves_usd,2010,1036244170.70595
SDN,Sudan,unemployment_rate,2022,7.53
SDN,Sudan,unemployment_rate,2021,11.087
SDN,Sudan,unemployment_rate,2020,11.995
SDN,Sudan,unemployment_rate,2019,11.697
SDN,Sudan,unemployment_rate,2018,12.347
SDN,Sudan,unemployment_rate,2017,13.0
SDN,Sudan,unemployment_rate,2016,13.656
SDN,Sudan,unemployment_rate,2015,14.39
SDN,Sudan,unemployment_rate,2014,15.41
SDN,Sudan,unemployment_rate,2013,16.273
SDN,Sudan,unemployment_rate,2012,16.973
SDN,Sudan,unemployment_rate,2011,17.44
SDN,Sudan,unemployment_rate,2010,15.168
SDN,Sudan,youth_unemployment_rate,2022,12.0
SDN,Sudan,youth_unemployment_rate,2021,17.406
SDN,Sudan,youth_unemployment_rate,2020,19.783
SDN,Sudan,youth_unemployment_rate,2019,19.37
SDN,Sudan,youth_unemployment_rate,2018,20.795
SDN,Sudan,youth_unemployment_rate,2017,22.198
SDN,Sudan,youth_unemployment_rate,2016,23.625
SDN,Sudan,youth_unemployment_rate,2015,25.229
SDN,Sudan,youth_unemployment_rate,2014,27.283
SDN,Sudan,youth_unemployment_rate,2013,29.155
SDN,Sudan,youth_unemployment_rate,2012,30.834
SDN,Sudan,youth_unemployment_rate,2011,32.17
SDN,Sudan,youth_unemployment_rate,2010,26.4
SDN,Sudan,gini_index,2014,34.2
SSD,South Sudan,current_account_pct_gdp,2023,7.93071136684621
SSD,South Sudan,current_account_pct_gdp,2022,-11.2233718358258
SSD,South Sudan,current_account_pct_gdp,2021,-0.13161314202058
SSD,South Sudan,current_account_pct_gdp,2020,-35.0491711578272
SSD,South Sudan,current_account_pct_gdp,2019,-4.15741601037528
SSD,South Sudan,current_account_pct_gdp,2018,-9.0382483224269
SSD,South Sudan,current_account_pct_gdp,2017,8.30684638743949
SSD,South Sudan,current_account_pct_gdp,2016,-5.76700049530002
SSD,South Sudan,current_account_pct_gdp,2015,-4.169014055128
SSD,South Sudan,current_account_pct_gdp,2014,-5.65945565697319
SSD,South Sudan,reserves_months_imports,2023,0.174842702708606
SSD,South Sudan,reserves_months_imports,2022,0.161236777638856
SSD,South Sudan,reserves_months_imports,2021,0.885919595057177
SSD,South Sudan,reserves_months_imports,2020,0.453781682593363
SSD,South Sudan,reserves_months_imports,2019,1.03609029459434
SSD,South Sudan,reserves_months_imports,2018,0.109546774819367
SSD,South Sudan,reserves_months_imports,2017,0.182679467354684
SSD,South Sudan,reserves_months_imports,2016,0.361618094817872
SSD,South Sudan,reserves_months_imports,2015,0.759703291939906
SSD,South Sudan,reserves_months_imports,2014,0.951484917211161
SSD,South Sudan,gdp_growth,2015,-10.7933646271143
SSD,South Sudan,gdp_growth,2014,3.37364847715736
SSD,South Sudan,gdp_growth,2013,13.1297311406943
SSD,South Sudan,gdp_growth,2012,-46.0821223743007
SSD,South Sudan,gdp_growth,2011,-4.64031673600859
SSD,South Sudan,gdp_growth,2010,5.49341639529945
SSD,South Sudan,inflation,2024,91.4408220769045
SSD,South Sudan,inflation,2023,2.38280434813754
SSD,South Sudan,inflation,2022,-6.68732094212667
SSD,South Sudan,inflation,2021,10.5167158294358
SSD,South Sudan,inflation,2020,29.6758435538571
SSD,South Sudan,inflation,2019,87.2413641500032
SSD,South Sudan,inflation,2018,83.5015294921999
SSD,South Sudan,inflation,2017,187.851630279441
SSD,South Sudan,inflation,2016,379.999585624026
SSD,South Sudan,inflation,2015,52.7663304192142
SSD,South Sudan,inflation,2014,1.6742990629552
SSD,South Sudan,inflation,2013,-0.0580909784225664
SSD,South Sudan,inflation,2012,45.5258978371705
SSD,South Sudan,inflation,2011,46.8521757193597
SSD,South Sudan,inflation,2010,1.16962180301108
SSD,South Sudan,political_stability,2025,-1.5151309
SSD,South Sudan,political_stability,2024,-1.489001
SSD,South Sudan,political_stability,2023,-1.5363185
SSD,South Sudan,political_stability,2022,-1.6422999
SSD,South Sudan,political_stability,2021,-2.2517854
SSD,South Sudan,political_stability,2020,-2.1447018
SSD,South Sudan,political_stability,2019,-2.4067246
SSD,South Sudan,political_stability,2018,-2.3554789
SSD,South Sudan,political_stability,2017,-2.4631259
SSD,South Sudan,political_stability,2016,-2.3578283
SSD,South Sudan,political_stability,2015,-2.3029662
SSD,South Sudan,political_stability,2014,-2.5119701
SSD,South Sudan,political_stability,2013,-2.0832353
SSD,South Sudan,political_stability,2012,-1.518745
SSD,South Sudan,political_stability,2011,-1.5337524
SSD,South Sudan,government_effectiveness,2025,-2.2509815
SSD,South Sudan,government_effectiveness,2024,-2.2230788
SSD,South Sudan,government_effectiveness,2023,-2.2727466
SSD,South Sudan,government_effectiveness,2022,-2.2851612
SSD,South Sudan,government_effectiveness,2021,-2.311628
SSD,South Sudan,government_effectiveness,2020,-2.222978
SSD,South Sudan,government_effectiveness,2019,-2.1508565
SSD,South Sudan,government_effectiveness,2018,-2.131209
SSD,South Sudan,government_effectiveness,2017,-2.1864554
SSD,South Sudan,government_effectiveness,2016,-2.1023846
SSD,South Sudan,government_effectiveness,2015,-2.0196
SSD,South Sudan,government_effectiveness,2014,-1.8645724
SSD,South Sudan,government_effectiveness,2013,-1.6798143
SSD,South Sudan,government_effectiveness,2012,-1.4901775
SSD,South Sudan,government_effectiveness,2011,-1.6621792
SSD,South Sudan,rule_of_law,2025,-2.0254361
SSD,South Sudan,rule_of_law,2024,-1.9947605
SSD,South Sudan,rule_of_law,2023,-2.0207137
SSD,South Sudan,rule_of_law,2022,-1.9497092
SSD,South Sudan,rule_of_law,2021,-1.9925941
SSD,South Sudan,rule_of_law,2020,-1.9212583
SSD,South Sudan,rule_of_law,2019,-1.8847296
SSD,South Sudan,rule_of_law,2018,-1.8827562
SSD,South Sudan,rule_of_law,2017,-1.7569175
SSD,South Sudan,rule_of_law,2016,-1.7594037
SSD,South Sudan,rule_of_law,2015,-1.6967585
SSD,South Sudan,rule_of_law,2014,-1.681994
SSD,South Sudan,rule_of_law,2013,-1.3401756
SSD,South Sudan,rule_of_law,2012,-1.1402304
SSD,South Sudan,rule_of_law,2011,-1.335347
SSD,South Sudan,regulatory_quality,2025,-1.9170395
SSD,South Sudan,regulatory_quality,2024,-1.9440217
SSD,South Sudan,regulatory_quality,2023,-2.0423296
SSD,South Sudan,regulatory_quality,2022,-1.9778883
SSD,South Sudan,regulatory_quality,2021,-1.9767346
SSD,South Sudan,regulatory_quality,2020,-1.9957163
SSD,South Sudan,regulatory_quality,2019,-1.9238445
SSD,South Sudan,regulatory_quality,2018,-1.9300768
SSD,South Sudan,regulatory_quality,2017,-1.8285019
SSD,South Sudan,regulatory_quality,2016,-1.7914203
SSD,South Sudan,regulatory_quality,2015,-1.6968255
SSD,South Sudan,regulatory_quality,2014,-1.6929465
SSD,South Sudan,regulatory_quality,2013,-1.5843854
SSD,South Sudan,regulatory_quality,2012,-1.4352987
SSD,South Sudan,regulatory_quality,2011,-1.6063525
SSD,South Sudan,control_of_corruption,2025,-2.0959669
SSD,South Sudan,control_of_corruption,2024,-2.0559272
SSD,South Sudan,control_of_corruption,2023,-1.8724899
SSD,South Sudan,control_of_corruption,2022,-1.8573218
SSD,South Sudan,control_of_corruption,2021,-1.8179758
SSD,South Sudan,control_of_corruption,2020,-1.8033368
SSD,South Sudan,control_of_corruption,2019,-1.882545
SSD,South Sudan,control_of_corruption,2018,-1.8265489
SSD,South Sudan,control_of_corruption,2017,-1.7524159
SSD,South Sudan,control_of_corruption,2016,-1.7883306
SSD,South Sudan,control_of_corruption,2015,-1.7670754
SSD,South Sudan,control_of_corruption,2014,-1.7143256
SSD,South Sudan,control_of_corruption,2013,-1.4201325
SSD,South Sudan,control_of_corruption,2012,-1.3388424
SSD,South Sudan,control_of_corruption,2011,-1.236088
SSD,South Sudan,control_of_corruption,2010,-0.2157375
SSD,South Sudan,fdi_net_inflows_pct_gdp,2015,0.0012502291294692
SSD,South Sudan,fdi_net_inflows_pct_gdp,2014,0.00741877910985015
SSD,South Sudan,fdi_net_inflows_pct_gdp,2013,-4.30359174766787
SSD,South Sudan,fdi_net_inflows_pct_gdp,2012,1.34937246395858
SSD,South Sudan,exports_pct_gdp,2015,36.6513492804707
SSD,South Sudan,exports_pct_gdp,2014,38.3916172930278
SSD,South Sudan,exports_pct_gdp,2013,9.74075785850552
SSD,South Sudan,exports_pct_gdp,2012,42.8320523585268
SSD,South Sudan,exports_pct_gdp,2011,66.0761203752424
SSD,South Sudan,exports_pct_gdp,2010,61.4344828173072
SSD,South Sudan,imports_pct_gdp,2015,28.8999999040295
SSD,South Sudan,imports_pct_gdp,2014,26.2429005140531
SSD,South Sudan,imports_pct_gdp,2013,41.0704887322407
SSD,South Sudan,imports_pct_gdp,2012,28.7877590362221
SSD,South Sudan,imports_pct_gdp,2011,27.1507393796766
SSD,South Sudan,imports_pct_gdp,2010,29.5089655488059
SSD,South Sudan,official_exchange_rate_lcu_usd,2024,2163.10387269883
SSD,South Sudan,official_exchange_rate_lcu_usd,2023,930.331429534051
SSD,South Sudan,official_exchange_rate_lcu_usd,2022,534.511188691756
SSD,South Sudan,official_exchange_rate_lcu_usd,2021,306.354619937276
SSD,South Sudan,official_exchange_rate_lcu_usd,2020,165.907316666666
SSD,South Sudan,official_exchange_rate_lcu_usd,2019,157.999166666666
SSD,South Sudan,official_exchange_rate_lcu_usd,2018,141.385833333333
SSD,South Sudan,official_exchange_rate_lcu_usd,2017,113.6475
SSD,South Sudan,official_exchange_rate_lcu_usd,2016,46.7291666666666
SSD,South Sudan,official_exchange_rate_lcu_usd,2015,3.60416666666666
SSD,South Sudan,official_exchange_rate_lcu_usd,2014,2.95
SSD,South Sudan,official_exchange_rate_lcu_usd,2013,2.95
SSD,South Sudan,official_exchange_rate_lcu_usd,2012,2.95
SSD,South Sudan,official_exchange_rate_lcu_usd,2011,2.98895
SSD,South Sudan,gdp_current_usd,2015,11997800760.2242
SSD,South Sudan,gdp_current_usd,2014,13962212847.4576
SSD,South Sudan,gdp_current_usd,2013,18426469016.9492
SSD,South Sudan,gdp_current_usd,2012,11931472169.4915
SSD,South Sudan,gdp_current_usd,2011,14907308932.7534
SSD,South Sudan,gdp_current_usd,2010,14602072410.9506
SSD,South Sudan,gdp_per_capita_usd,2015,1080.14718624765
SSD,South Sudan,gdp_per_capita_usd,2014,1242.73450181032
SSD,South Sudan,gdp_per_capita_usd,2013,1650.18943353528
SSD,South Sudan,gdp_per_capita_usd,2012,1109.26050083408
SSD,South Sudan,gdp_per_capita_usd,2011,1448.98435006408
SSD,South Sudan,gdp_per_capita_usd,2010,1498.27034985194
SSD,South Sudan,total_reserves_usd,2024,15961778.4894402
SSD,South Sudan,total_reserves_usd,2023,72880855.2161364
SSD,South Sudan,total_reserves_usd,2022,94914465.1760948
SSD,South Sudan,total_reserves_usd,2021,341932479.973585
SSD,South Sudan,total_reserves_usd,2020,183614816.681959
SSD,South Sudan,total_reserves_usd,2019,378281747.007865
SSD,South Sudan,total_reserves_usd,2018,36396368.1998606
SSD,South Sudan,total_reserves_usd,2017,33820210.95582
SSD,South Sudan,total_reserves_usd,2016,68159818.6400242
SSD,South Sudan,total_reserves_usd,2015,229880518.366326
SSD,South Sudan,total_reserves_usd,2014,416808670.07584
SSD,South Sudan,total_reserves_usd,2013,947810456.615822
SSD,South Sudan,total_reserves_usd,2012,1282090260.28818
SSD,South Sudan,unemployment_rate,2023,12.374
SSD,South Sudan,unemployment_rate,2022,12.475
SSD,South Sudan,unemployment_rate,2021,13.95
SSD,South Sudan,unemployment_rate,2020,14.246
SSD,South Sudan,unemployment_rate,2019,12.656
SSD,South Sudan,unemployment_rate,2018,12.853
SSD,South Sudan,unemployment_rate,2017,12.983
SSD,South Sudan,unemployment_rate,2016,12.854
SSD,South Sudan,unemployment_rate,2015,12.464
SSD,South Sudan,unemployment_rate,2014,12.561
SSD,South Sudan,unemployment_rate,2013,12.665
SSD,South Sudan,unemployment_rate,2012,12.803
SSD,South Sudan,unemployment_rate,2011,12.585
SSD,South Sudan,unemployment_rate,2010,12.473
SSD,South Sudan,youth_unemployment_rate,2023,18.524
SSD,South Sudan,youth_unemployment_rate,2022,18.717
SSD,South Sudan,youth_unemployment_rate,2021,20.797
SSD,South Sudan,youth_unemployment_rate,2020,21.846
SSD,South Sudan,youth_unemployment_rate,2019,19.263
SSD,South Sudan,youth_unemployment_rate,2018,19.555
SSD,South Sudan,youth_unemployment_rate,2017,19.849
SSD,South Sudan,youth_unemployment_rate,2016,19.847
SSD,South Sudan,youth_unemployment_rate,2015,19.419
SSD,South Sudan,youth_unemployment_rate,2014,19.576
SSD,South Sudan,youth_unemployment_rate,2013,19.733
SSD,South Sudan,youth_unemployment_rate,2012,19.907
SSD,South Sudan,youth_unemployment_rate,2011,19.605
SSD,South Sudan,youth_unemployment_rate,2010,19.401
SSD,South Sudan,gini_index,2016,44.0
ETH,Ethiopia,debt_to_gdp,2019,31.4488445666124
ETH,Ethiopia,debt_to_gdp,2018,32.5332245901733
ETH,Ethiopia,debt_to_gdp,2017,30.0951138170263
ETH,Ethiopia,debt_to_gdp,2016,29.0056817322355
ETH,Ethiopia,debt_to_gdp,2015,27.9431250379303
ETH,Ethiopia,debt_to_gdp,2014,26.9372797365191
ETH,Ethiopia,debt_to_gdp,2013,10.733283781495
ETH,Ethiopia,current_account_pct_gdp,2024,-2.53176480495897
ETH,Ethiopia,current_account_pct_gdp,2023,-3.52359702026291
ETH,Ethiopia,current_account_pct_gdp,2022,-4.19066632561125
ETH,Ethiopia,current_account_pct_gdp,2021,-4.13241831248994
ETH,Ethiopia,current_account_pct_gdp,2020,-2.75526110013781
ETH,Ethiopia,current_account_pct_gdp,2019,-5.47194445069538
ETH,Ethiopia,current_account_pct_gdp,2018,-5.53324917435326
ETH,Ethiopia,current_account_pct_gdp,2017,-7.76343039992896
ETH,Ethiopia,current_account_pct_gdp,2016,-11.5449209376397
ETH,Ethiopia,current_account_pct_gdp,2015,-12.1838327178752
ETH,Ethiopia,current_account_pct_gdp,2014,-10.3781721184147
ETH,Ethiopia,current_account_pct_gdp,2013,-6.36626399169653
ETH,Ethiopia,current_account_pct_gdp,2012,-7.1067486808021
ETH,Ethiopia,current_account_pct_gdp,2011,-3.30367964138338
ETH,Ethiopia,current_account_pct_gdp,2010,-2.1222608717343
ETH,Ethiopia,reserves_months_imports,2024,1.78062348919911
ETH,Ethiopia,reserves_months_imports,2023,1.04253332393312
ETH,Ethiopia,reserves_months_imports,2022,0.578588743645569
ETH,Ethiopia,reserves_months_imports,2021,0.92146131951932
ETH,Ethiopia,reserves_months_imports,2020,2.04857901561174
ETH,Ethiopia,reserves_months_imports,2019,1.80527864372518
ETH,Ethiopia,reserves_months_imports,2018,2.35373732912292
ETH,Ethiopia,reserves_months_imports,2017,1.84484716277073
ETH,Ethiopia,reserves_months_imports,2016,1.78101039203727
ETH,Ethiopia,reserves_months_imports,2015,2.28152768719769
ETH,Ethiopia,reserves_months_imports,2014,2.3002950163837
ETH,Ethiopia,reserves_months_imports,2013,1.97097009114638
ETH,Ethiopia,reserves_months_imports,2012,1.94022284437674
ETH,Ethiopia,reserves_months_imports,2011,2.87144325080089
ETH,Ethiopia,reserves_months_imports,2010,2.69323946325897
ETH,Ethiopia,gdp_growth,2025,9.7715182202934
ETH,Ethiopia,gdp_growth,2024,7.61277447616879
ETH,Ethiopia,gdp_growth,2023,6.59424599054353
ETH,Ethiopia,gdp_growth,2022,5.32175988485454
ETH,Ethiopia,gdp_growth,2021,5.64153069324176
ETH,Ethiopia,gdp_growth,2020,6.05953089248577
ETH,Ethiopia,gdp_growth,2019,8.36408573111346
ETH,Ethiopia,gdp_growth,2018,6.81614778557282
ETH,Ethiopia,gdp_growth,2017,9.56418965754014
ETH,Ethiopia,gdp_growth,2016,9.43348265981905
ETH,Ethiopia,gdp_growth,2015,10.3924630141307
ETH,Ethiopia,gdp_growth,2014,10.2574929627477
ETH,Ethiopia,gdp_growth,2013,10.5822700502552
ETH,Ethiopia,gdp_growth,2012,8.64781163513926
ETH,Ethiopia,gdp_growth,2011,11.1782962297008
ETH,Ethiopia,gdp_growth,2010,12.5505383347633
ETH,Ethiopia,inflation,2025,13.2296432836808
ETH,Ethiopia,inflation,2024,21.037746057771
ETH,Ethiopia,inflation,2023,30.2188278135278
ETH,Ethiopia,inflation,2022,33.8898797100898
ETH,Ethiopia,inflation,2021,26.8395221557722
ETH,Ethiopia,inflation,2020,20.3563468559061
ETH,Ethiopia,inflation,2019,15.8096321719344
ETH,Ethiopia,inflation,2018,13.8330356586661
ETH,Ethiopia,inflation,2017,10.6871150284238
ETH,Ethiopia,inflation,2016,6.62813337230924
ETH,Ethiopia,inflation,2015,9.56889955968623
ETH,Ethiopia,inflation,2014,6.89001951597191
ETH,Ethiopia,inflation,2013,7.46402192944517
ETH,Ethiopia,inflation,2012,23.600417677317
ETH,Ethiopia,inflation,2011,33.2499598823344
ETH,Ethiopia,inflation,2010,8.14926402965082
ETH,Ethiopia,political_stability,2025,-1.8541502
ETH,Ethiopia,political_stability,2024,-1.8381671
ETH,Ethiopia,political_stability,2023,-1.8676145
ETH,Ethiopia,political_stability,2022,-1.8558897
ETH,Ethiopia,political_stability,2021,-1.9894166
ETH,Ethiopia,political_stability,2020,-1.5886579
ETH,Ethiopia,political_stability,2019,-1.1841631
ETH,Ethiopia,political_stability,2018,-1.2097319
ETH,Ethiopia,political_stability,2017,-1.5144128
ETH,Ethiopia,political_stability,2016,-1.4445206
ETH,Ethiopia,political_stability,2015,-1.2651586
ETH,Ethiopia,political_stability,2014,-1.1741419
ETH,Ethiopia,political_stability,2013,-1.3652661
ETH,Ethiopia,political_stability,2012,-1.5764065
ETH,Ethiopia,political_stability,2011,-1.4980403
ETH,Ethiopia,political_stability,2010,-1.5517847
ETH,Ethiopia,government_effectiveness,2025,-0.6157847
ETH,Ethiopia,government_effectiveness,2024,-0.6946115
ETH,Ethiopia,government_effectiveness,2023,-0.6746613
ETH,Ethiopia,government_effectiveness,2022,-0.6948355
ETH,Ethiopia,government_effectiveness,2021,-0.6322164
ETH,Ethiopia,government_effectiveness,2020,-0.5236534
ETH,Ethiopia,government_effectiveness,2019,-0.4973012
ETH,Ethiopia,government_effectiveness,2018,-0.5040568
ETH,Ethiopia,government_effectiveness,2017,-0.4963557
ETH,Ethiopia,government_effectiveness,2016,-0.4475366
ETH,Ethiopia,government_effectiveness,2015,-0.49444
ETH,Ethiopia,government_effectiveness,2014,-0.4215038
ETH,Ethiopia,government_effectiveness,2013,-0.4872512
ETH,Ethiopia,government_effectiveness,2012,-0.3868219
ETH,Ethiopia,government_effectiveness,2011,-0.4733776
ETH,Ethiopia,government_effectiveness,2010,-0.4406727
ETH,Ethiopia,rule_of_law,2025,-0.9378974
ETH,Ethiopia,rule_of_law,2024,-1.0057629
ETH,Ethiopia,rule_of_law,2023,-0.9985767
ETH,Ethiopia,rule_of_law,2022,-0.878272
ETH,Ethiopia,rule_of_law,2021,-0.9097518
ETH,Ethiopia,rule_of_law,2020,-0.7673706
ETH,Ethiopia,rule_of_law,2019,-0.7266162
ETH,Ethiopia,rule_of_law,2018,-0.7465591
ETH,Ethiopia,rule_of_law,2017,-0.726609
ETH,Ethiopia,rule_of_law,2016,-0.7476119
ETH,Ethiopia,rule_of_law,2015,-0.7554235
ETH,Ethiopia,rule_of_law,2014,-0.7093836
ETH,Ethiopia,rule_of_law,2013,-0.8154689
ETH,Ethiopia,rule_of_law,2012,-0.7447399
ETH,Ethiopia,rule_of_law,2011,-0.8270093
ETH,Ethiopia,rule_of_law,2010,-0.8316617
ETH,Ethiopia,regulatory_quality,2025,-0.7298898
ETH,Ethiopia,regulatory_quality,2024,-0.8469336
ETH,Ethiopia,regulatory_quality,2023,-0.849905
ETH,Ethiopia,regulatory_quality,2022,-0.7962566
ETH,Ethiopia,regulatory_quality,2021,-0.7835559
ETH,Ethiopia,regulatory_quality,2020,-0.8332774
ETH,Ethiopia,regulatory_quality,2019,-0.8438178
ETH,Ethiopia,regulatory_quality,2018,-0.8623512
ETH,Ethiopia,regulatory_quality,2017,-0.9112314
ETH,Ethiopia,regulatory_quality,2016,-0.9880871
ETH,Ethiopia,regulatory_quality,2015,-0.9266766
ETH,Ethiopia,regulatory_quality,2014,-0.9312522
ETH,Ethiopia,regulatory_quality,2013,-1.1040483
ETH,Ethiopia,regulatory_quality,2012,-0.9343128
ETH,Ethiopia,regulatory_quality,2011,-0.8649325
ETH,Ethiopia,regulatory_quality,2010,-0.7288822
ETH,Ethiopia,control_of_corruption,2025,-0.3743932
ETH,Ethiopia,control_of_corruption,2024,-0.4336116
ETH,Ethiopia,control_of_corruption,2023,-0.4594787
ETH,Ethiopia,control_of_corruption,2022,-0.4057683
ETH,Ethiopia,control_of_corruption,2021,-0.3984992
ETH,Ethiopia,control_of_corruption,2020,-0.3668006
ETH,Ethiopia,control_of_corruption,2019,-0.4223939
ETH,Ethiopia,control_of_corruption,2018,-0.4565508
ETH,Ethiopia,control_of_corruption,2017,-0.5637871
ETH,Ethiopia,control_of_corruption,2016,-0.4359149
ETH,Ethiopia,control_of_corruption,2015,-0.5189941
ETH,Ethiopia,control_of_corruption,2014,-0.5413722
ETH,Ethiopia,control_of_corruption,2013,-0.5658734
ETH,Ethiopia,control_of_corruption,2012,-0.6097112
ETH,Ethiopia,control_of_corruption,2011,-0.6037083
ETH,Ethiopia,control_of_corruption,2010,-0.700356
ETH,Ethiopia,fdi_net_inflows_pct_gdp,2025,3.00394992132766
ETH,Ethiopia,fdi_net_inflows_pct_gdp,2024,2.68582028017543
ETH,Ethiopia,fdi_net_inflows_pct_gdp,2023,2.40146315356828
ETH,Ethiopia,fdi_net_inflows_pct_gdp,2022,2.98033315911234
ETH,Ethiopia,fdi_net_inflows_pct_gdp,2021,3.90520609775086
ETH,Ethiopia,fdi_net_inflows_pct_gdp,2020,2.4279259279615
ETH,Ethiopia,fdi_net_inflows_pct_gdp,2019,2.77536541538477
ETH,Ethiopia,fdi_net_inflows_pct_gdp,2018,4.03228222144798
ETH,Ethiopia,fdi_net_inflows_pct_gdp,2017,5.26039764214773
ETH,Ethiopia,fdi_net_inflows_pct_gdp,2016,6.0502150951561
ETH,Ethiopia,fdi_net_inflows_pct_gdp,2015,4.22926466080082
ETH,Ethiopia,fdi_net_inflows_pct_gdp,2014,3.33569111068815
ETH,Ethiopia,fdi_net_inflows_pct_gdp,2013,2.82040845857162
ETH,Ethiopia,fdi_net_inflows_pct_gdp,2012,0.643172898229037
ETH,Ethiopia,fdi_net_inflows_pct_gdp,2011,1.96735663905254
ETH,Ethiopia,fdi_net_inflows_pct_gdp,2010,0.963030625359937
ETH,Ethiopia,exports_pct_gdp,2025,13.2837545839474
ETH,Ethiopia,exports_pct_gdp,2024,5.53927082166771
ETH,Ethiopia,exports_pct_gdp,2023,6.59591829052029
ETH,Ethiopia,exports_pct_gdp,2022,8.24396037766464
ETH,Ethiopia,exports_pct_gdp,2021,7.63170919167145
ETH,Ethiopia,exports_pct_gdp,2020,7.12719989764702
ETH,Ethiopia,exports_pct_gdp,2019,7.93996502525176
ETH,Ethiopia,exports_pct_gdp,2018,8.37267815589761
ETH,Ethiopia,exports_pct_gdp,2017,7.62937471525016
ETH,Ethiopia,exports_pct_gdp,2016,7.8120625822914
ETH,Ethiopia,exports_pct_gdp,2015,9.36331359735926
ETH,Ethiopia,exports_pct_gdp,2014,11.6416199095703
ETH,Ethiopia,exports_pct_gdp,2013,12.484073558977
ETH,Ethiopia,exports_pct_gdp,2012,13.7672981990263
ETH,Ethiopia,exports_pct_gdp,2011,16.6868531997337
ETH,Ethiopia,imports_pct_gdp,2025,20.176028072184
ETH,Ethiopia,imports_pct_gdp,2024,11.8611650370138
ETH,Ethiopia,imports_pct_gdp,2023,14.0022832166203
ETH,Ethiopia,imports_pct_gdp,2022,18.351539318761
ETH,Ethiopia,imports_pct_gdp,2021,16.7133482738948
ETH,Ethiopia,imports_pct_gdp,2020,16.8789144437579
ETH,Ethiopia,imports_pct_gdp,2019,20.8753289040091
ETH,Ethiopia,imports_pct_gdp,2018,22.8266908218905
ETH,Ethiopia,imports_pct_gdp,2017,23.4742747776515
ETH,Ethiopia,imports_pct_gdp,2016,27.0869584993198
ETH,Ethiopia,imports_pct_gdp,2015,30.2928105475922
ETH,Ethiopia,imports_pct_gdp,2014,29.0994642402923
ETH,Ethiopia,imports_pct_gdp,2013,28.9877135217855
ETH,Ethiopia,imports_pct_gdp,2012,31.630605984481
ETH,Ethiopia,imports_pct_gdp,2011,31.5460822119553
ETH,Ethiopia,official_exchange_rate_lcu_usd,2024,82.6013363504764
ETH,Ethiopia,official_exchange_rate_lcu_usd,2023,54.6009480676569
ETH,Ethiopia,official_exchange_rate_lcu_usd,2022,51.7562150334169
ETH,Ethiopia,official_exchange_rate_lcu_usd,2021,43.73377831884
ETH,Ethiopia,official_exchange_rate_lcu_usd,2020,34.9271654040404
ETH,Ethiopia,official_exchange_rate_lcu_usd,2019,29.06975
ETH,Ethiopia,official_exchange_rate_lcu_usd,2018,27.4293865941666
ETH,Ethiopia,official_exchange_rate_lcu_usd,2017,23.8661044574125
ETH,Ethiopia,official_exchange_rate_lcu_usd,2016,21.7315472222222
ETH,Ethiopia,official_exchange_rate_lcu_usd,2015,20.57684875
ETH,Ethiopia,official_exchange_rate_lcu_usd,2014,19.5857899076949
ETH,Ethiopia,official_exchange_rate_lcu_usd,2013,18.6266289575478
ETH,Ethiopia,official_exchange_rate_lcu_usd,2012,17.7047613782674
ETH,Ethiopia,official_exchange_rate_lcu_usd,2011,16.8992257595275
ETH,Ethiopia,official_exchange_rate_lcu_usd,2010,14.4095898080065
ETH,Ethiopia,gdp_current_usd,2025,126358758448.356
ETH,Ethiopia,gdp_current_usd,2024,149740297952.375
ETH,Ethiopia,gdp_current_usd,2023,135874093203.18
ETH,Ethiopia,gdp_current_usd,2022,123140304665.399
ETH,Ethiopia,gdp_current_usd,2021,109070960370.972
ETH,Ethiopia,gdp_current_usd,2020,98676811061.9985
ETH,Ethiopia,gdp_current_usd,2019,91834517113.6386
ETH,Ethiopia,gdp_current_usd,2018,83337901071.9697
ETH,Ethiopia,gdp_current_usd,2017,76366081766.6667
ETH,Ethiopia,gdp_current_usd,2016,68475871209.607
ETH,Ethiopia,gdp_current_usd,2015,62103418181.8182
ETH,Ethiopia,gdp_current_usd,2014,55612228233.5179
ETH,Ethiopia,gdp_current_usd,2013,47648276605.0123
ETH,Ethiopia,gdp_current_usd,2012,43310721414.0829
ETH,Ethiopia,gdp_current_usd,2011,31952763089.33
ETH,Ethiopia,gdp_current_usd,2010,29933790334.3418
ETH,Ethiopia,gdp_per_capita_usd,2025,932.729352775179
ETH,Ethiopia,gdp_per_capita_usd,2024,1133.88279681256
ETH,Ethiopia,gdp_per_capita_usd,2023,1055.81091593061
ETH,Ethiopia,gdp_per_capita_usd,2022,982.103161502198
ETH,Ethiopia,gdp_per_capita_usd,2021,893.009835441784
ETH,Ethiopia,gdp_per_capita_usd,2020,829.790982552951
ETH,Ethiopia,gdp_per_capita_usd,2019,793.473247218996
ETH,Ethiopia,gdp_per_capita_usd,2018,739.702022272086
ETH,Ethiopia,gdp_per_capita_usd,2017,696.348429076216
ETH,Ethiopia,gdp_per_capita_usd,2016,641.651523286233
ETH,Ethiopia,gdp_per_capita_usd,2015,597.912113218663
ETH,Ethiopia,gdp_per_capita_usd,2014,549.986577082588
ETH,Ethiopia,gdp_per_capita_usd,2013,484.039833104062
ETH,Ethiopia,gdp_per_capita_usd,2012,452.101031885754
ETH,Ethiopia,gdp_per_capita_usd,2011,343.024942351887
ETH,Ethiopia,gdp_per_capita_usd,2010,330.619412798644
ETH,Ethiopia,total_reserves_usd,2024,3784387425.1912
ETH,Ethiopia,total_reserves_usd,2023,2028214254.61106
ETH,Ethiopia,total_reserves_usd,2022,1191712941.06265
ETH,Ethiopia,total_reserves_usd,2021,1644005887.02272
ETH,Ethiopia,total_reserves_usd,2020,3046114358.80765
ETH,Ethiopia,total_reserves_usd,2019,2992704274.8405
ETH,Ethiopia,total_reserves_usd,2018,3987464165.90058
ETH,Ethiopia,total_reserves_usd,2017,3045571314.7978
ETH,Ethiopia,total_reserves_usd,2016,3030943950.63995
ETH,Ethiopia,total_reserves_usd,2015,3835287576.46953
ETH,Ethiopia,total_reserves_usd,2014,3525244981.05226
ETH,Ethiopia,total_reserves_usd,2013,2363513607.3673
ETH,Ethiopia,total_reserves_usd,2012,2301655547.62419
ETH,Ethiopia,total_reserves_usd,2011,2837310958.49349
ETH,Ethiopia,total_reserves_usd,2010,2241164555.88825
ETH,Ethiopia,unemployment_rate,2025,3.323
ETH,Ethiopia,unemployment_rate,2024,3.357
ETH,Ethiopia,unemployment_rate,2023,3.375
ETH,Ethiopia,unemployment_rate,2022,3.386
ETH,Ethiopia,unemployment_rate,2021,3.935
ETH,Ethiopia,unemployment_rate,2020,3.998
ETH,Ethiopia,unemployment_rate,2019,2.928
ETH,Ethiopia,unemployment_rate,2018,2.811
ETH,Ethiopia,unemployment_rate,2017,2.665
ETH,Ethiopia,unemployment_rate,2016,2.556
ETH,Ethiopia,unemployment_rate,2015,2.442
ETH,Ethiopia,unemployment_rate,2014,2.361
ETH,Ethiopia,unemployment_rate,2013,2.251
ETH,Ethiopia,unemployment_rate,2012,2.252
ETH,Ethiopia,unemployment_rate,2011,2.27
ETH,Ethiopia,unemployment_rate,2010,2.295
ETH,Ethiopia,youth_unemployment_rate,2025,5.353
ETH,Ethiopia,youth_unemployment_rate,2024,5.449
ETH,Ethiopia,youth_unemployment_rate,2023,5.455
ETH,Ethiopia,youth_unemployment_rate,2022,5.45
ETH,Ethiopia,youth_unemployment_rate,2021,6.246
ETH,Ethiopia,youth_unemployment_rate,2020,6.356
ETH,Ethiopia,youth_unemployment_rate,2019,4.752
ETH,Ethiopia,youth_unemployment_rate,2018,4.515
ETH,Ethiopia,youth_unemployment_rate,2017,4.25
ETH,Ethiopia,youth_unemployment_rate,2016,4.031
ETH,Ethiopia,youth_unemployment_rate,2015,3.813
ETH,Ethiopia,youth_unemployment_rate,2014,3.634
ETH,Ethiopia,youth_unemployment_rate,2013,3.429
ETH,Ethiopia,youth_unemployment_rate,2012,3.414
ETH,Ethiopia,youth_unemployment_rate,2011,3.42
ETH,Ethiopia,youth_unemployment_rate,2010,3.435
ETH,Ethiopia,gini_index,2021,31.1
ETH,Ethiopia,gini_index,2015,35.0
ETH,Ethiopia,gini_index,2010,33.2
SOM,Somalia,debt_to_gdp,2024,12.6627391994652
SOM,Somalia,debt_to_gdp,2022,43.3780260707635
SOM,Somalia,debt_to_gdp,2021,47.306970368027
SOM,Somalia,gdp_growth,2025,2.99114404482197
SOM,Somalia,gdp_growth,2024,4.11139335779471
SOM,Somalia,gdp_growth,2023,4.17524257571303
SOM,Somalia,gdp_growth,2022,2.71821202053759
SOM,Somalia,gdp_growth,2021,3.44719850031242
SOM,Somalia,gdp_growth,2020,-2.76455696202532
SOM,Somalia,gdp_growth,2019,2.80033312513012
SOM,Somalia,gdp_growth,2018,2.05431507261069
SOM,Somalia,gdp_growth,2017,14.7357956045195
SOM,Somalia,gdp_growth,2016,7.03487260042162
SOM,Somalia,gdp_growth,2015,10.4621881235147
SOM,Somalia,gdp_growth,2014,8.97800590574617
SOM,Somalia,gdp_growth,2013,10.9592986164311
SOM,Somalia,gdp_growth,2012,6.69435192556698
SOM,Somalia,gdp_growth,2011,6.69435192567755
SOM,Somalia,gdp_growth,2010,6.69435192550543
SOM,Somalia,political_stability,2025,-2.1678755
SOM,Somalia,political_stability,2024,-2.2605446
SOM,Somalia,political_stability,2023,-2.1695778
SOM,Somalia,political_stability,2022,-2.0965067
SOM,Somalia,political_stability,2021,-2.6134632
SOM,Somalia,political_stability,2020,-2.3576818
SOM,Somalia,political_stability,2019,-2.0771187
SOM,Somalia,political_stability,2018,-2.0687514
SOM,Somalia,political_stability,2017,-2.0287209
SOM,Somalia,political_stability,2016,-2.2845795
SOM,Somalia,political_stability,2015,-2.2972723
SOM,Somalia,political_stability,2014,-2.4554802
SOM,Somalia,political_stability,2013,-2.8368719
SOM,Somalia,political_stability,2012,-2.8914996
SOM,Somalia,political_stability,2011,-3.0043776
SOM,Somalia,political_stability,2010,-2.9158932
SOM,Somalia,government_effectiveness,2025,-1.9067175
SOM,Somalia,government_effectiveness,2024,-1.971418
SOM,Somalia,government_effectiveness,2023,-1.9478909
SOM,Somalia,government_effectiveness,2022,-2.0241021
SOM,Somalia,government_effectiveness,2021,-2.0460794
SOM,Somalia,government_effectiveness,2020,-2.0294782
SOM,Somalia,government_effectiveness,2019,-2.0978976
SOM,Somalia,government_effectiveness,2018,-2.1199773
SOM,Somalia,government_effectiveness,2017,-2.0885665
SOM,Somalia,government_effectiveness,2016,-2.0737116
SOM,Somalia,government_effectiveness,2015,-2.1438215
SOM,Somalia,government_effectiveness,2014,-2.2925758
SOM,Somalia,government_effectiveness,2013,-2.1830708
SOM,Somalia,government_effectiveness,2012,-2.1530478
SOM,Somalia,government_effectiveness,2011,-2.1819576
SOM,Somalia,government_effectiveness,2010,-2.1759477
SOM,Somalia,rule_of_law,2025,-2.1669973
SOM,Somalia,rule_of_law,2024,-2.2303178
SOM,Somalia,rule_of_law,2023,-2.1571125
SOM,Somalia,rule_of_law,2022,-2.2269637
SOM,Somalia,rule_of_law,2021,-2.178324
SOM,Somalia,rule_of_law,2020,-2.1905875
SOM,Somalia,rule_of_law,2019,-2.2808494
SOM,Somalia,rule_of_law,2018,-2.3110628
SOM,Somalia,rule_of_law,2017,-2.3210992
SOM,Somalia,rule_of_law,2016,-2.2464929
SOM,Somalia,rule_of_law,2015,-2.203041
SOM,Somalia,rule_of_law,2014,-2.2388779
SOM,Somalia,rule_of_law,2013,-2.3727001
SOM,Somalia,rule_of_law,2012,-2.3746224
SOM,Somalia,rule_of_law,2011,-2.3984125
SOM,Somalia,rule_of_law,2010,-2.4025122
SOM,Somalia,regulatory_quality,2025,-1.7047566
SOM,Somalia,regulatory_quality,2024,-1.7585688
SOM,Somalia,regulatory_quality,2023,-1.7280218
SOM,Somalia,regulatory_quality,2022,-1.8100742
SOM,Somalia,regulatory_quality,2021,-1.8091521
SOM,Somalia,regulatory_quality,2020,-1.886329
SOM,Somalia,regulatory_quality,2019,-1.985669
SOM,Somalia,regulatory_quality,2018,-1.9906502
SOM,Somalia,regulatory_quality,2017,-2.0928324
SOM,Somalia,regulatory_quality,2016,-2.0895599
SOM,Somalia,regulatory_quality,2015,-2.0387572
SOM,Somalia,regulatory_quality,2014,-2.0806066
SOM,Somalia,regulatory_quality,2013,-2.2117429
SOM,Somalia,regulatory_quality,2012,-2.1078682
SOM,Somalia,regulatory_quality,2011,-2.1983104
SOM,Somalia,regulatory_quality,2010,-2.1688439
SOM,Somalia,control_of_corruption,2025,-1.6918555
SOM,Somalia,control_of_corruption,2024,-1.7858509
SOM,Somalia,control_of_corruption,2023,-1.6182971
SOM,Somalia,control_of_corruption,2022,-1.6008262
SOM,Somalia,control_of_corruption,2021,-1.6038474
SOM,Somalia,control_of_corruption,2020,-1.5508035
SOM,Somalia,control_of_corruption,2019,-1.6361012
SOM,Somalia,control_of_corruption,2018,-1.8075888
SOM,Somalia,control_of_corruption,2017,-1.7240273
SOM,Somalia,control_of_corruption,2016,-1.7388728
SOM,Somalia,control_of_corruption,2015,-1.7335954
SOM,Somalia,control_of_corruption,2014,-1.7438729
SOM,Somalia,control_of_corruption,2013,-1.6498656
SOM,Somalia,control_of_corruption,2012,-1.6534208
SOM,Somalia,control_of_corruption,2011,-1.6660647
SOM,Somalia,control_of_corruption,2010,-1.6893334
SOM,Somalia,fdi_net_inflows_pct_gdp,2025,6.41775424759099
SOM,Somalia,fdi_net_inflows_pct_gdp,2024,6.39257959388318
SOM,Somalia,fdi_net_inflows_pct_gdp,2023,6.17357181967512
SOM,Somalia,fdi_net_inflows_pct_gdp,2022,6.23346074683917
SOM,Somalia,fdi_net_inflows_pct_gdp,2021,6.33765685964357
SOM,Somalia,fdi_net_inflows_pct_gdp,2020,6.18915159944367
SOM,Somalia,fdi_net_inflows_pct_gdp,2019,5.16404805914972
SOM,Somalia,fdi_net_inflows_pct_gdp,2018,5.18226851263813
SOM,Somalia,fdi_net_inflows_pct_gdp,2017,4.84156553446397
SOM,Somalia,fdi_net_inflows_pct_gdp,2016,4.9896102178043
SOM,Somalia,fdi_net_inflows_pct_gdp,2015,4.92510820324606
SOM,Somalia,fdi_net_inflows_pct_gdp,2014,4.55624629490798
SOM,Somalia,fdi_net_inflows_pct_gdp,2013,5.09591217775954
SOM,Somalia,fdi_net_inflows_pct_gdp,2012,2.45906325256211
SOM,Somalia,fdi_net_inflows_pct_gdp,2011,3.50997923598382
SOM,Somalia,fdi_net_inflows_pct_gdp,2010,4.16696585149836
SOM,Somalia,exports_pct_gdp,2025,29.2484917491797
SOM,Somalia,exports_pct_gdp,2024,31.2108297819002
SOM,Somalia,exports_pct_gdp,2023,21.9383099105676
SOM,Somalia,exports_pct_gdp,2022,17.6810741938645
SOM,Somalia,exports_pct_gdp,2021,16.1552251397237
SOM,Somalia,exports_pct_gdp,2020,13.6532220676866
SOM,Somalia,exports_pct_gdp,2019,13.0660813308688
SOM,Somalia,exports_pct_gdp,2018,14.2131334942208
SOM,Somalia,exports_pct_gdp,2017,13.0465010418362
SOM,Somalia,exports_pct_gdp,2016,16.1359579394828
SOM,Somalia,exports_pct_gdp,2015,16.8715688310983
SOM,Somalia,exports_pct_gdp,2014,19.1628937165159
SOM,Somalia,exports_pct_gdp,2013,18.6178689226979
SOM,Somalia,exports_pct_gdp,2012,19.5524000374862
SOM,Somalia,imports_pct_gdp,2025,98.8149470599555
SOM,Somalia,imports_pct_gdp,2024,99.1142308013704
SOM,Somalia,imports_pct_gdp,2023,81.1826975725497
SOM,Somalia,imports_pct_gdp,2022,73.0765461138881
SOM,Somalia,imports_pct_gdp,2021,62.9442159654118
SOM,Somalia,imports_pct_gdp,2020,62.0421882243857
SOM,Somalia,imports_pct_gdp,2019,57.231977818854
SOM,Somalia,imports_pct_gdp,2018,59.6087895338499
SOM,Somalia,imports_pct_gdp,2017,55.6291480514478
SOM,Somalia,imports_pct_gdp,2016,58.225604612142
SOM,Somalia,imports_pct_gdp,2015,59.6077634074256
SOM,Somalia,imports_pct_gdp,2014,62.5381477394163
SOM,Somalia,imports_pct_gdp,2013,64.7231302031399
SOM,Somalia,imports_pct_gdp,2012,69.0212460407427
SOM,Somalia,official_exchange_rate_lcu_usd,2017,23097.9873219373
SOM,Somalia,official_exchange_rate_lcu_usd,2016,23061.7843138651
SOM,Somalia,official_exchange_rate_lcu_usd,2015,22254.2356837607
SOM,Somalia,official_exchange_rate_lcu_usd,2014,20230.9291310541
SOM,Somalia,official_exchange_rate_lcu_usd,2013,19283.7999504521
SOM,Somalia,official_exchange_rate_lcu_usd,2012,22516.0002967711
SOM,Somalia,official_exchange_rate_lcu_usd,2011,29966.8354404084
SOM,Somalia,official_exchange_rate_lcu_usd,2010,31269.6625712251
SOM,Somalia,gdp_current_usd,2025,12995200000.2658
SOM,Somalia,gdp_current_usd,2024,11967000000.0
SOM,Somalia,gdp_current_usd,2023,10958000000.0
SOM,Somalia,gdp_current_usd,2022,10203000000.0
SOM,Somalia,gdp_current_usd,2021,9483000000.0
SOM,Somalia,gdp_current_usd,2020,8628000000.0
SOM,Somalia,gdp_current_usd,2019,8656000000.0
SOM,Somalia,gdp_current_usd,2018,7873000000.0
SOM,Somalia,gdp_current_usd,2017,7621501710.0012
SOM,Somalia,gdp_current_usd,2016,6613743069.99912
SOM,Somalia,gdp_current_usd,2015,6152149099.99942
SOM,Somalia,gdp_current_usd,2014,5728399719.99958
SOM,Somalia,gdp_current_usd,2013,5062881600.00104
SOM,Somalia,gdp_current_usd,2012,4364670159.99578
SOM,Somalia,gdp_current_usd,2011,2906000096.93249
SOM,Somalia,gdp_current_usd,2010,2687807003.73935
SOM,Somalia,gdp_per_capita_usd,2025,661.173877723116
SOM,Somalia,gdp_per_capita_usd,2024,629.538899449007
SOM,Somalia,gdp_per_capita_usd,2023,596.885985135589
SOM,Somalia,gdp_per_capita_usd,2022,573.141165798229
SOM,Somalia,gdp_per_capita_usd,2021,549.056994756254
SOM,Somalia,gdp_per_capita_usd,2020,518.16113333875
SOM,Somalia,gdp_per_capita_usd,2019,539.954816211694
SOM,Somalia,gdp_per_capita_usd,2018,509.497273804534
SOM,Somalia,gdp_per_capita_usd,2017,510.939952317726
SOM,Somalia,gdp_per_capita_usd,2016,460.928490585175
SOM,Somalia,gdp_per_capita_usd,2015,445.583080073396
SOM,Somalia,gdp_per_capita_usd,2014,429.431656725102
SOM,Somalia,gdp_per_capita_usd,2013,393.398703952979
SOM,Somalia,gdp_per_capita_usd,2012,350.261946720512
SOM,Somalia,gdp_per_capita_usd,2011,235.325945610434
SOM,Somalia,gdp_per_capita_usd,2010,219.202453852397
SOM,Somalia,unemployment_rate,2025,18.948
SOM,Somalia,unemployment_rate,2024,18.949
SOM,Somalia,unemployment_rate,2023,18.96
SOM,Somalia,unemployment_rate,2022,19.112
SOM,Somalia,unemployment_rate,2021,19.662
SOM,Somalia,unemployment_rate,2020,19.414
SOM,Somalia,unemployment_rate,2019,18.828
SOM,Somalia,unemployment_rate,2018,18.7
SOM,Somalia,unemployment_rate,2017,18.455
SOM,Somalia,unemployment_rate,2016,18.611
SOM,Somalia,unemployment_rate,2015,18.495
SOM,Somalia,unemployment_rate,2014,18.595
SOM,Somalia,unemployment_rate,2013,18.655
SOM,Somalia,unemployment_rate,2012,18.771
SOM,Somalia,unemployment_rate,2011,18.761
SOM,Somalia,unemployment_rate,2010,18.741
SOM,Somalia,youth_unemployment_rate,2025,34.23
SOM,Somalia,youth_unemployment_rate,2024,34.137
SOM,Somalia,youth_unemployment_rate,2023,34.091
SOM,Somalia,youth_unemployment_rate,2022,34.286
SOM,Somalia,youth_unemployment_rate,2021,35.287
SOM,Somalia,youth_unemployment_rate,2020,35.91
SOM,Somalia,youth_unemployment_rate,2019,33.844
SOM,Somalia,youth_unemployment_rate,2018,33.602
SOM,Somalia,youth_unemployment_rate,2017,33.201
SOM,Somalia,youth_unemployment_rate,2016,33.467
SOM,Somalia,youth_unemployment_rate,2015,33.352
SOM,Somalia,youth_unemployment_rate,2014,33.548
SOM,Somalia,youth_unemployment_rate,2013,33.655
SOM,Somalia,youth_unemployment_rate,2012,33.826
SOM,Somalia,youth_unemployment_rate,2011,33.743
SOM,Somalia,youth_unemployment_rate,2010,33.644
DJI,Djibouti,current_account_pct_gdp,2024,14.6941756648345
DJI,Djibouti,current_account_pct_gdp,2023,18.5034837806032
DJI,Djibouti,current_account_pct_gdp,2022,18.418217152052
DJI,Djibouti,current_account_pct_gdp,2021,-6.63481531701169
DJI,Djibouti,current_account_pct_gdp,2020,11.6521171854969
DJI,Djibouti,current_account_pct_gdp,2019,18.2584391861665
DJI,Djibouti,current_account_pct_gdp,2018,14.711779905443
DJI,Djibouti,current_account_pct_gdp,2017,-4.79510874009852
DJI,Djibouti,current_account_pct_gdp,2016,-1.00034788975653
DJI,Djibouti,current_account_pct_gdp,2015,29.4599511791353
DJI,Djibouti,current_account_pct_gdp,2014,23.8932174835351
DJI,Djibouti,current_account_pct_gdp,2013,-30.7512096888003
DJI,Djibouti,current_account_pct_gdp,2012,-10.9311673573902
DJI,Djibouti,current_account_pct_gdp,2011,-13.8678242864019
DJI,Djibouti,current_account_pct_gdp,2010,4.47357137871551
DJI,Djibouti,reserves_months_imports,2024,0.850017224988692
DJI,Djibouti,reserves_months_imports,2023,1.10411747889346
DJI,Djibouti,reserves_months_imports,2022,1.34430440635494
DJI,Djibouti,reserves_months_imports,2021,1.25571117105207
DJI,Djibouti,reserves_months_imports,2020,2.29585382544443
DJI,Djibouti,reserves_months_imports,2019,1.21983600051018
DJI,Djibouti,reserves_months_imports,2018,1.24125456382954
DJI,Djibouti,reserves_months_imports,2017,1.49154157981283
DJI,Djibouti,reserves_months_imports,2016,1.64742258520207
DJI,Djibouti,reserves_months_imports,2015,1.43676965414637
DJI,Djibouti,reserves_months_imports,2014,1.48167498855892
DJI,Djibouti,reserves_months_imports,2013,1.28168987137256
DJI,Djibouti,reserves_months_imports,2012,4.01859282386055
DJI,Djibouti,reserves_months_imports,2011,4.17092204640401
DJI,Djibouti,reserves_months_imports,2010,5.87691030696574
DJI,Djibouti,gdp_growth,2025,6.4954610524268
DJI,Djibouti,gdp_growth,2024,6.98048467276334
DJI,Djibouti,gdp_growth,2023,6.80733529403308
DJI,Djibouti,gdp_growth,2022,5.16653702854374
DJI,Djibouti,gdp_growth,2021,4.40715667561153
DJI,Djibouti,gdp_growth,2020,1.2021151728969
DJI,Djibouti,gdp_growth,2019,5.54508081154978
DJI,Djibouti,gdp_growth,2018,4.77433934943193
DJI,Djibouti,gdp_growth,2017,5.458091517212
DJI,Djibouti,gdp_growth,2016,7.1234323372872
DJI,Djibouti,gdp_growth,2015,7.30898563450799
DJI,Djibouti,gdp_growth,2014,7.19298728463697
DJI,Djibouti,inflation,2025,-0.31373179953348
DJI,Djibouti,inflation,2024,2.1120116728497
DJI,Djibouti,inflation,2023,1.44905087029085
DJI,Djibouti,inflation,2022,5.17222088647605
DJI,Djibouti,inflation,2021,1.18086783934059
DJI,Djibouti,inflation,2020,1.77900535643955
DJI,Djibouti,inflation,2019,3.31763203299602
DJI,Djibouti,inflation,2018,0.138836400011405
DJI,Djibouti,inflation,2017,0.57728572456066
DJI,Djibouti,inflation,2016,2.40252905434889
DJI,Djibouti,inflation,2015,-0.522166521445793
DJI,Djibouti,inflation,2014,1.34186494340162
DJI,Djibouti,inflation,2013,-12.563149225034
DJI,Djibouti,inflation,2012,3.73120950756887
DJI,Djibouti,inflation,2011,5.0687139477798
DJI,Djibouti,inflation,2010,3.95007875923886
DJI,Djibouti,political_stability,2025,-0.4872592
DJI,Djibouti,political_stability,2024,-0.5144006
DJI,Djibouti,political_stability,2023,-0.4825406
DJI,Djibouti,political_stability,2022,-0.4961646
DJI,Djibouti,political_stability,2021,-0.5476907
DJI,Djibouti,political_stability,2020,-0.4948334
DJI,Djibouti,political_stability,2019,-0.4190221
DJI,Djibouti,political_stability,2018,-0.3380021
DJI,Djibouti,political_stability,2017,-0.7878024
DJI,Djibouti,political_stability,2016,-0.7369454
DJI,Djibouti,political_stability,2015,-0.513142
DJI,Djibouti,political_stability,2014,-0.3899529
DJI,Djibouti,political_stability,2013,-0.3234765
DJI,Djibouti,political_stability,2012,0.1022778
DJI,Djibouti,political_stability,2011,0.1035446
DJI,Djibouti,political_stability,2010,0.3546104
DJI,Djibouti,government_effectiveness,2025,-0.5284526
DJI,Djibouti,government_effectiveness,2024,-0.5083691
DJI,Djibouti,government_effectiveness,2023,-0.5869066
DJI,Djibouti,government_effectiveness,2022,-0.6229691
DJI,Djibouti,government_effectiveness,2021,-0.7189737
DJI,Djibouti,government_effectiveness,2020,-0.7485996
DJI,Djibouti,government_effectiveness,2019,-0.7268733
DJI,Djibouti,government_effectiveness,2018,-0.8222647
DJI,Djibouti,government_effectiveness,2017,-0.8440793
DJI,Djibouti,government_effectiveness,2016,-0.762098
DJI,Djibouti,government_effectiveness,2015,-0.7882613
DJI,Djibouti,government_effectiveness,2014,-0.7209989
DJI,Djibouti,government_effectiveness,2013,-0.7825654
DJI,Djibouti,government_effectiveness,2012,-0.8453024
DJI,Djibouti,government_effectiveness,2011,-0.8008157
DJI,Djibouti,government_effectiveness,2010,-0.8242967
DJI,Djibouti,rule_of_law,2025,-1.021781
DJI,Djibouti,rule_of_law,2024,-1.0243158
DJI,Djibouti,rule_of_law,2023,-1.0478192
DJI,Djibouti,rule_of_law,2022,-1.0299246
DJI,Djibouti,rule_of_law,2021,-1.0364673
DJI,Djibouti,rule_of_law,2020,-1.0509633
DJI,Djibouti,rule_of_law,2019,-1.0107872
DJI,Djibouti,rule_of_law,2018,-0.9865813
DJI,Djibouti,rule_of_law,2017,-1.0001517
DJI,Djibouti,rule_of_law,2016,-0.9953329
DJI,Djibouti,rule_of_law,2015,-0.9955798
DJI,Djibouti,rule_of_law,2014,-1.0215617
DJI,Djibouti,rule_of_law,2013,-0.9119411
DJI,Djibouti,rule_of_law,2012,-0.8569303
DJI,Djibouti,rule_of_law,2011,-0.8561644
DJI,Djibouti,rule_of_law,2010,-0.7728401
DJI,Djibouti,regulatory_quality,2025,-0.8711622
DJI,Djibouti,regulatory_quality,2024,-0.8549024
DJI,Djibouti,regulatory_quality,2023,-0.8065714
DJI,Djibouti,regulatory_quality,2022,-0.7814041
DJI,Djibouti,regulatory_quality,2021,-0.7805302
DJI,Djibouti,regulatory_quality,2020,-0.8459786
DJI,Djibouti,regulatory_quality,2019,-0.7852148
DJI,Djibouti,regulatory_quality,2018,-0.7608257
DJI,Djibouti,regulatory_quality,2017,-0.6975892
DJI,Djibouti,regulatory_quality,2016,-0.7315075
DJI,Djibouti,regulatory_quality,2015,-0.7470588
DJI,Djibouti,regulatory_quality,2014,-0.73838
DJI,Djibouti,regulatory_quality,2013,-0.7695262
DJI,Djibouti,regulatory_quality,2012,-0.707315
DJI,Djibouti,regulatory_quality,2011,-0.7714013
DJI,Djibouti,regulatory_quality,2010,-0.7825948
DJI,Djibouti,control_of_corruption,2025,-0.9311597
DJI,Djibouti,control_of_corruption,2024,-0.8850679
DJI,Djibouti,control_of_corruption,2023,-0.9038293
DJI,Djibouti,control_of_corruption,2022,-0.9084878
DJI,Djibouti,control_of_corruption,2021,-0.9069119
DJI,Djibouti,control_of_corruption,2020,-0.8130712
DJI,Djibouti,control_of_corruption,2019,-0.9277779
DJI,Djibouti,control_of_corruption,2018,-0.8215718
DJI,Djibouti,control_of_corruption,2017,-0.7645652
DJI,Djibouti,control_of_corruption,2016,-0.71138
DJI,Djibouti,control_of_corruption,2015,-0.7299812
DJI,Djibouti,control_of_corruption,2014,-0.7349063
DJI,Djibouti,control_of_corruption,2013,-0.6218926
DJI,Djibouti,control_of_corruption,2012,-0.5487698
DJI,Djibouti,control_of_corruption,2011,-0.5269463
DJI,Djibouti,control_of_corruption,2010,-0.527533
DJI,Djibouti,fdi_net_inflows_pct_gdp,2025,3.22283021928311
DJI,Djibouti,fdi_net_inflows_pct_gdp,2024,1.63337101411676
DJI,Djibouti,fdi_net_inflows_pct_gdp,2023,3.51446231641349
DJI,Djibouti,fdi_net_inflows_pct_gdp,2022,5.24930012962196
DJI,Djibouti,fdi_net_inflows_pct_gdp,2021,4.91482788768696
DJI,Djibouti,fdi_net_inflows_pct_gdp,2020,5.03254315668511
DJI,Djibouti,fdi_net_inflows_pct_gdp,2019,5.66550441566635
DJI,Djibouti,fdi_net_inflows_pct_gdp,2018,5.83497725047345
DJI,Djibouti,fdi_net_inflows_pct_gdp,2017,5.97013597143086
DJI,Djibouti,fdi_net_inflows_pct_gdp,2016,6.1420623506391
DJI,Djibouti,fdi_net_inflows_pct_gdp,2015,5.93271216592944
DJI,Djibouti,fdi_net_inflows_pct_gdp,2014,6.88983261287099
DJI,Djibouti,fdi_net_inflows_pct_gdp,2013,13.9893763417185
DJI,Djibouti,fdi_net_inflows_pct_gdp,2012,8.1261509172004
DJI,Djibouti,fdi_net_inflows_pct_gdp,2011,6.37538483893525
DJI,Djibouti,fdi_net_inflows_pct_gdp,2010,3.23415329697175
DJI,Djibouti,exports_pct_gdp,2025,110.493588636595
DJI,Djibouti,exports_pct_gdp,2024,126.415267144255
DJI,Djibouti,exports_pct_gdp,2023,150.741322598259
DJI,Djibouti,exports_pct_gdp,2022,159.250735528808
DJI,Djibouti,exports_pct_gdp,2021,142.728193974095
DJI,Djibouti,exports_pct_gdp,2020,117.134854035476
DJI,Djibouti,exports_pct_gdp,2019,166.717864481384
DJI,Djibouti,exports_pct_gdp,2018,156.619986522272
DJI,Djibouti,exports_pct_gdp,2017,150.098361470494
DJI,Djibouti,exports_pct_gdp,2016,103.764025112093
DJI,Djibouti,exports_pct_gdp,2015,145.421307480105
DJI,Djibouti,exports_pct_gdp,2014,157.949327841603
DJI,Djibouti,exports_pct_gdp,2013,156.414102493532
DJI,Djibouti,imports_pct_gdp,2025,95.8024545556204
DJI,Djibouti,imports_pct_gdp,2024,114.822195954032
DJI,Djibouti,imports_pct_gdp,2023,135.160721202385
DJI,Djibouti,imports_pct_gdp,2022,143.034673702738
DJI,Djibouti,imports_pct_gdp,2021,120.749534759797
DJI,Djibouti,imports_pct_gdp,2020,108.610017288247
DJI,Djibouti,imports_pct_gdp,2019,154.221365882795
DJI,Djibouti,imports_pct_gdp,2018,143.778914001572
DJI,Djibouti,imports_pct_gdp,2017,155.869604932974
DJI,Djibouti,imports_pct_gdp,2016,109.307973495828
DJI,Djibouti,imports_pct_gdp,2015,122.942148774525
DJI,Djibouti,imports_pct_gdp,2014,140.615207979648
DJI,Djibouti,imports_pct_gdp,2013,191.30621456487
DJI,Djibouti,official_exchange_rate_lcu_usd,2025,177.721
DJI,Djibouti,official_exchange_rate_lcu_usd,2024,177.721
DJI,Djibouti,official_exchange_rate_lcu_usd,2023,177.721
DJI,Djibouti,official_exchange_rate_lcu_usd,2022,177.721
DJI,Djibouti,official_exchange_rate_lcu_usd,2021,177.721
DJI,Djibouti,official_exchange_rate_lcu_usd,2020,177.721
DJI,Djibouti,official_exchange_rate_lcu_usd,2019,177.721
DJI,Djibouti,official_exchange_rate_lcu_usd,2018,177.721
DJI,Djibouti,official_exchange_rate_lcu_usd,2017,177.721
DJI,Djibouti,official_exchange_rate_lcu_usd,2016,177.721
DJI,Djibouti,official_exchange_rate_lcu_usd,2015,177.721
DJI,Djibouti,official_exchange_rate_lcu_usd,2014,177.721
DJI,Djibouti,official_exchange_rate_lcu_usd,2013,177.721
DJI,Djibouti,official_exchange_rate_lcu_usd,2012,177.721
DJI,Djibouti,official_exchange_rate_lcu_usd,2011,177.721
DJI,Djibouti,official_exchange_rate_lcu_usd,2010,177.721
DJI,Djibouti,gdp_current_usd,2025,4624533092.31886
DJI,Djibouti,gdp_current_usd,2024,4152145939.98458
DJI,Djibouti,gdp_current_usd,2023,3898447007.38798
DJI,Djibouti,gdp_current_usd,2022,3562814908.76149
DJI,Djibouti,gdp_current_usd,2021,3392796953.08939
DJI,Djibouti,gdp_current_usd,2020,3144136196.6228
DJI,Djibouti,gdp_current_usd,2019,3088851450.30694
DJI,Djibouti,gdp_current_usd,2018,2913464658.08768
DJI,Djibouti,gdp_current_usd,2017,2762581334.22612
DJI,Djibouti,gdp_current_usd,2016,2604955228.70117
DJI,Djibouti,gdp_current_usd,2015,2424391785.43897
DJI,Djibouti,gdp_current_usd,2014,2220637966.25047
DJI,Djibouti,gdp_current_usd,2013,2044440443.16654
DJI,Djibouti,gdp_current_usd,2012,1353632941.5207
DJI,Djibouti,gdp_current_usd,2011,1239144501.77525
DJI,Djibouti,gdp_current_usd,2010,1128611700.3618
DJI,Djibouti,gdp_per_capita_usd,2025,3905.604954681
DJI,Djibouti,gdp_per_capita_usd,2024,3552.72335079222
DJI,Djibouti,gdp_per_capita_usd,2023,3381.29779710722
DJI,Djibouti,gdp_per_capita_usd,2022,3133.25779772463
DJI,Djibouti,gdp_per_capita_usd,2021,3025.91126413549
DJI,Djibouti,gdp_per_capita_usd,2020,2844.88810647853
DJI,Djibouti,gdp_per_capita_usd,2019,2837.16902340932
DJI,Djibouti,gdp_per_capita_usd,2018,2718.08338799203
DJI,Djibouti,gdp_per_capita_usd,2017,2618.95521147369
DJI,Djibouti,gdp_per_capita_usd,2016,2510.4300076241
DJI,Djibouti,gdp_per_capita_usd,2015,2376.12554719873
DJI,Djibouti,gdp_per_capita_usd,2014,2214.62084142432
DJI,Djibouti,gdp_per_capita_usd,2013,2075.94498424748
DJI,Djibouti,gdp_per_capita_usd,2012,1400.19357858954
DJI,Djibouti,gdp_per_capita_usd,2011,1306.34552844977
DJI,Djibouti,gdp_per_capita_usd,2010,1213.23352553429
DJI,Djibouti,total_reserves_usd,2025,655743660.361958
DJI,Djibouti,total_reserves_usd,2024,348725427.269845
DJI,Djibouti,total_reserves_usd,2023,502033555.759361
DJI,Djibouti,total_reserves_usd,2022,589437241.827389
DJI,Djibouti,total_reserves_usd,2021,588417559.788355
DJI,Djibouti,total_reserves_usd,2020,686339280.942119
DJI,Djibouti,total_reserves_usd,2019,501857934.384135
DJI,Djibouti,total_reserves_usd,2018,454193909.718601
DJI,Djibouti,total_reserves_usd,2017,556097628.852464
DJI,Djibouti,total_reserves_usd,2016,407414266.733581
DJI,Djibouti,total_reserves_usd,2015,364857284.064062
DJI,Djibouti,total_reserves_usd,2014,393148391.657683
DJI,Djibouti,total_reserves_usd,2013,424961509.881339
DJI,Djibouti,total_reserves_usd,2012,248630000.267239
DJI,Djibouti,total_reserves_usd,2011,244112095.169796
DJI,Djibouti,total_reserves_usd,2010,248997896.289132
DJI,Djibouti,unemployment_rate,2025,26.015
DJI,Djibouti,unemployment_rate,2024,26.007
DJI,Djibouti,unemployment_rate,2023,26.074
DJI,Djibouti,unemployment_rate,2022,26.272
DJI,Djibouti,unemployment_rate,2021,27.628
DJI,Djibouti,unemployment_rate,2020,27.701
DJI,Djibouti,unemployment_rate,2019,26.257
DJI,Djibouti,unemployment_rate,2018,26.18
DJI,Djibouti,unemployment_rate,2017,26.064
DJI,Djibouti,unemployment_rate,2016,25.982
DJI,Djibouti,unemployment_rate,2015,26.063
DJI,Djibouti,unemployment_rate,2014,26.16
DJI,Djibouti,unemployment_rate,2013,26.149
DJI,Djibouti,unemployment_rate,2012,26.179
DJI,Djibouti,unemployment_rate,2011,26.31
DJI,Djibouti,unemployment_rate,2010,26.368
DJI,Djibouti,youth_unemployment_rate,2025,76.766
DJI,Djibouti,youth_unemployment_rate,2024,76.494
DJI,Djibouti,youth_unemployment_rate,2023,76.393
DJI,Djibouti,youth_unemployment_rate,2022,76.609
DJI,Djibouti,youth_unemployment_rate,2021,79.377
DJI,Djibouti,youth_unemployment_rate,2020,81.882
DJI,Djibouti,youth_unemployment_rate,2019,75.906
DJI,Djibouti,youth_unemployment_rate,2018,74.98
DJI,Djibouti,youth_unemployment_rate,2017,73.951
DJI,Djibouti,youth_unemployment_rate,2016,73.014
DJI,Djibouti,youth_unemployment_rate,2015,72.492
DJI,Djibouti,youth_unemployment_rate,2014,72.035
DJI,Djibouti,youth_unemployment_rate,2013,71.343
DJI,Djibouti,youth_unemployment_rate,2012,70.783
DJI,Djibouti,youth_unemployment_rate,2011,70.486
DJI,Djibouti,youth_unemployment_rate,2010,70.021
DJI,Djibouti,gini_index,2017,41.6
DJI,Djibouti,gini_index,2013,44.1
DJI,Djibouti,gini_index,2012,45.1
ERI,Eritrea,gdp_growth,2011,8.67980010138049
ERI,Eritrea,gdp_growth,2010,2.19419034888082
ERI,Eritrea,political_stability,2025,-0.5998337
ERI,Eritrea,political_stability,2024,-0.7272543
ERI,Eritrea,political_stability,2023,-0.8154675
ERI,Eritrea,political_stability,2022,-1.0854455
ERI,Eritrea,political_stability,2021,-1.0526445
ERI,Eritrea,political_stability,2020,-1.0861367
ERI,Eritrea,political_stability,2019,-0.9989187
ERI,Eritrea,political_stability,2018,-0.9567018
ERI,Eritrea,political_stability,2017,-0.8718245
ERI,Eritrea,political_stability,2016,-0.7837766
ERI,Eritrea,political_stability,2015,-0.8265394
ERI,Eritrea,political_stability,2014,-0.6943411
ERI,Eritrea,political_stability,2013,-1.0089178
ERI,Eritrea,political_stability,2012,-0.9398053
ERI,Eritrea,political_stability,2011,-0.9208519
ERI,Eritrea,political_stability,2010,-0.9179813
ERI,Eritrea,government_effectiveness,2025,-1.5256834
ERI,Eritrea,government_effectiveness,2024,-1.5064461
ERI,Eritrea,government_effectiveness,2023,-1.4379639
ERI,Eritrea,government_effectiveness,2022,-1.4006724
ERI,Eritrea,government_effectiveness,2021,-1.4639941
ERI,Eritrea,government_effectiveness,2020,-1.4666642
ERI,Eritrea,government_effectiveness,2019,-1.524601
ERI,Eritrea,government_effectiveness,2018,-1.4852503
ERI,Eritrea,government_effectiveness,2017,-1.3224913
ERI,Eritrea,government_effectiveness,2016,-1.3150671
ERI,Eritrea,government_effectiveness,2015,-1.3226813
ERI,Eritrea,government_effectiveness,2014,-1.2850017
ERI,Eritrea,government_effectiveness,2013,-1.4076738
ERI,Eritrea,government_effectiveness,2012,-1.33184
ERI,Eritrea,government_effectiveness,2011,-1.2917148
ERI,Eritrea,government_effectiveness,2010,-1.2263572
ERI,Eritrea,rule_of_law,2025,-1.7691616
ERI,Eritrea,rule_of_law,2024,-1.7884378
ERI,Eritrea,rule_of_law,2023,-1.7857133
ERI,Eritrea,rule_of_law,2022,-1.7586081
ERI,Eritrea,rule_of_law,2021,-1.6490225
ERI,Eritrea,rule_of_law,2020,-1.6193965
ERI,Eritrea,rule_of_law,2019,-1.6838314
ERI,Eritrea,rule_of_law,2018,-1.6769398
ERI,Eritrea,rule_of_law,2017,-1.6226716
ERI,Eritrea,rule_of_law,2016,-1.6457494
ERI,Eritrea,rule_of_law,2015,-1.6458258
ERI,Eritrea,rule_of_law,2014,-1.6695602
ERI,Eritrea,rule_of_law,2013,-1.5469632
ERI,Eritrea,rule_of_law,2012,-1.4915355
ERI,Eritrea,rule_of_law,2011,-1.4855784
ERI,Eritrea,rule_of_law,2010,-1.4870913
ERI,Eritrea,regulatory_quality,2025,-2.1058454
ERI,Eritrea,regulatory_quality,2024,-2.078175
ERI,Eritrea,regulatory_quality,2023,-2.070505
ERI,Eritrea,regulatory_quality,2022,-2.0353368
ERI,Eritrea,regulatory_quality,2021,-2.0344629
ERI,Eritrea,regulatory_quality,2020,-2.0035189
ERI,Eritrea,regulatory_quality,2019,-2.0092667
ERI,Eritrea,regulatory_quality,2018,-1.9609054
ERI,Eritrea,regulatory_quality,2017,-1.9501417
ERI,Eritrea,regulatory_quality,2016,-1.9646888
ERI,Eritrea,regulatory_quality,2015,-1.926532
ERI,Eritrea,regulatory_quality,2014,-1.9472591
ERI,Eritrea,regulatory_quality,2013,-1.9960055
ERI,Eritrea,regulatory_quality,2012,-1.9364509
ERI,Eritrea,regulatory_quality,2011,-1.916884
ERI,Eritrea,regulatory_quality,2010,-1.9171897
ERI,Eritrea,control_of_corruption,2025,-1.6097625
ERI,Eritrea,control_of_corruption,2024,-1.6322886
ERI,Eritrea,control_of_corruption,2023,-1.4120711
ERI,Eritrea,control_of_corruption,2022,-1.3642445
ERI,Eritrea,control_of_corruption,2021,-1.3669486
ERI,Eritrea,control_of_corruption,2020,-1.3603745
ERI,Eritrea,control_of_corruption,2019,-1.4230728
ERI,Eritrea,control_of_corruption,2018,-1.4331409
ERI,Eritrea,control_of_corruption,2017,-1.3197447
ERI,Eritrea,control_of_corruption,2016,-1.352119
ERI,Eritrea,control_of_corruption,2015,-1.3512543
ERI,Eritrea,control_of_corruption,2014,-1.1262881
ERI,Eritrea,control_of_corruption,2013,-0.9929989
ERI,Eritrea,control_of_corruption,2012,-0.8757897
ERI,Eritrea,control_of_corruption,2011,-0.7529714
ERI,Eritrea,control_of_corruption,2010,-0.7211919
ERI,Eritrea,fdi_net_inflows_pct_gdp,2011,0.303892303082893
ERI,Eritrea,fdi_net_inflows_pct_gdp,2010,0.362776027771413
ERI,Eritrea,exports_pct_gdp,2011,18.1548372567671
ERI,Eritrea,exports_pct_gdp,2010,6.37837659786896
ERI,Eritrea,imports_pct_gdp,2011,29.2389528621013
ERI,Eritrea,imports_pct_gdp,2010,31.0930888587001
ERI,Eritrea,official_exchange_rate_lcu_usd,2025,15.075
ERI,Eritrea,official_exchange_rate_lcu_usd,2024,15.075
ERI,Eritrea,official_exchange_rate_lcu_usd,2023,15.075
ERI,Eritrea,official_exchange_rate_lcu_usd,2022,15.075
ERI,Eritrea,official_exchange_rate_lcu_usd,2021,15.075
ERI,Eritrea,official_exchange_rate_lcu_usd,2020,15.075
ERI,Eritrea,official_exchange_rate_lcu_usd,2019,15.075
ERI,Eritrea,official_exchange_rate_lcu_usd,2018,15.075
ERI,Eritrea,official_exchange_rate_lcu_usd,2017,15.075
ERI,Eritrea,official_exchange_rate_lcu_usd,2016,15.35
ERI,Eritrea,official_exchange_rate_lcu_usd,2015,15.375
ERI,Eritrea,official_exchange_rate_lcu_usd,2014,15.375
ERI,Eritrea,official_exchange_rate_lcu_usd,2013,15.375
ERI,Eritrea,official_exchange_rate_lcu_usd,2012,15.375
ERI,Eritrea,official_exchange_rate_lcu_usd,2011,15.375
ERI,Eritrea,official_exchange_rate_lcu_usd,2010,15.375
ERI,Eritrea,gdp_current_usd,2011,2065001626.01626
ERI,Eritrea,gdp_current_usd,2010,1589515447.15447
ERI,Eritrea,gdp_per_capita_usd,2011,688.68165957684
ERI,Eritrea,gdp_per_capita_usd,2010,539.699512069686
ERI,Eritrea,total_reserves_usd,2019,191694416.403147
ERI,Eritrea,total_reserves_usd,2018,163033689.39269
ERI,Eritrea,total_reserves_usd,2017,143412422.685211
ERI,Eritrea,total_reserves_usd,2016,145371150.939987
ERI,Eritrea,total_reserves_usd,2015,145070693.229695
ERI,Eritrea,total_reserves_usd,2014,151753160.388457
ERI,Eritrea,total_reserves_usd,2013,133338047.506369
ERI,Eritrea,total_reserves_usd,2012,132764717.792848
ERI,Eritrea,total_reserves_usd,2011,115328815.906209
ERI,Eritrea,total_reserves_usd,2010,114149602.728927
ERI,Eritrea,unemployment_rate,2025,5.978
ERI,Eritrea,unemployment_rate,2024,5.947
ERI,Eritrea,unemployment_rate,2023,5.909
ERI,Eritrea,unemployment_rate,2022,6.033
ERI,Eritrea,unemployment_rate,2021,6.489
ERI,Eritrea,unemployment_rate,2020,6.375
ERI,Eritrea,unemployment_rate,2019,5.812
ERI,Eritrea,unemployment_rate,2018,5.756
ERI,Eritrea,unemployment_rate,2017,5.804
ERI,Eritrea,unemployment_rate,2016,5.772
ERI,Eritrea,unemployment_rate,2015,5.751
ERI,Eritrea,unemployment_rate,2014,5.637
ERI,Eritrea,unemployment_rate,2013,5.624
ERI,Eritrea,unemployment_rate,2012,5.692
ERI,Eritrea,unemployment_rate,2011,5.801
ERI,Eritrea,unemployment_rate,2010,5.854
ERI,Eritrea,youth_unemployment_rate,2025,10.241
ERI,Eritrea,youth_unemployment_rate,2024,10.056
ERI,Eritrea,youth_unemployment_rate,2023,9.965
ERI,Eritrea,youth_unemployment_rate,2022,10.186
ERI,Eritrea,youth_unemployment_rate,2021,10.976
ERI,Eritrea,youth_unemployment_rate,2020,11.1
ERI,Eritrea,youth_unemployment_rate,2019,9.845
ERI,Eritrea,youth_unemployment_rate,2018,9.802
ERI,Eritrea,youth_unemployment_rate,2017,9.989
ERI,Eritrea,youth_unemployment_rate,2016,9.998
ERI,Eritrea,youth_unemployment_rate,2015,10.034
ERI,Eritrea,youth_unemployment_rate,2014,9.896
ERI,Eritrea,youth_unemployment_rate,2013,9.945
ERI,Eritrea,youth_unemployment_rate,2012,10.103
ERI,Eritrea,youth_unemployment_rate,2011,10.326
ERI,Eritrea,youth_unemployment_rate,2010,10.469
AFG,Afghanistan,currency_depreciation_pct,2011,0.634082093637926
AFG,Afghanistan,currency_depreciation_pct,2012,8.929752861965138
AFG,Afghanistan,currency_depreciation_pct,2013,8.750937719701342
AFG,Afghanistan,currency_depreciation_pct,2014,3.376822716807376
AFG,Afghanistan,currency_depreciation_pct,2015,6.805470180648414
AFG,Afghanistan,currency_depreciation_pct,2016,10.994837482308583
AFG,Afghanistan,currency_depreciation_pct,2017,0.23696417905584116
AFG,Afghanistan,currency_depreciation_pct,2018,5.96285124216366
AFG,Afghanistan,currency_depreciation_pct,2019,7.844682672415917
AFG,Afghanistan,currency_depreciation_pct,2020,-1.1891396063540838
ARE,UAE,currency_depreciation_pct,2011,0.0
ARE,UAE,currency_depreciation_pct,2012,0.0
ARE,UAE,currency_depreciation_pct,2013,0.0
ARE,UAE,currency_depreciation_pct,2014,0.0
ARE,UAE,currency_depreciation_pct,2015,0.0
ARE,UAE,currency_depreciation_pct,2016,0.0
ARE,UAE,currency_depreciation_pct,2017,0.0
ARE,UAE,currency_depreciation_pct,2018,0.0
ARE,UAE,currency_depreciation_pct,2019,0.0
ARE,UAE,currency_depreciation_pct,2020,0.0
ARE,UAE,currency_depreciation_pct,2021,0.0
ARE,UAE,currency_depreciation_pct,2022,0.0
ARE,UAE,currency_depreciation_pct,2023,0.0
ARE,UAE,currency_depreciation_pct,2024,0.0
ARE,UAE,currency_depreciation_pct,2025,0.0
BGD,Bangladesh,currency_depreciation_pct,2011,6.465404350247743
BGD,Bangladesh,currency_depreciation_pct,2012,10.397854059117844
BGD,Bangladesh,currency_depreciation_pct,2013,-4.592354328423414
BGD,Bangladesh,currency_depreciation_pct,2014,-0.5913028655812983
BGD,Bangladesh,currency_depreciation_pct,2015,0.39347560349293226
BGD,Bangladesh,currency_depreciation_pct,2016,0.6686388780225914
BGD,Bangladesh,currency_depreciation_pct,2017,2.5098737055646216
BGD,Bangladesh,currency_depreciation_pct,2018,3.765232237641943
BGD,Bangladesh,currency_depreciation_pct,2019,1.1828986591712287
BGD,Bangladesh,currency_depreciation_pct,2020,0.49479187403532066
BGD,Bangladesh,currency_depreciation_pct,2021,0.2502275256278339
BGD,Bangladesh,currency_depreciation_pct,2022,7.829568104694876
BGD,Bangladesh,currency_depreciation_pct,2023,15.874388487943856
BGD,Bangladesh,currency_depreciation_pct,2024,8.742559105222805
BGD,Bangladesh,currency_depreciation_pct,2025,5.464518292387368
BHR,Bahrain,currency_depreciation_pct,2011,0.0
BHR,Bahrain,currency_depreciation_pct,2012,0.0
BHR,Bahrain,currency_depreciation_pct,2013,0.0
BHR,Bahrain,currency_depreciation_pct,2014,0.0
BHR,Bahrain,currency_depreciation_pct,2015,0.0
BHR,Bahrain,currency_depreciation_pct,2016,0.0
BHR,Bahrain,currency_depreciation_pct,2017,0.0
BHR,Bahrain,currency_depreciation_pct,2018,0.0
BHR,Bahrain,currency_depreciation_pct,2019,0.0
BHR,Bahrain,currency_depreciation_pct,2020,0.0
BHR,Bahrain,currency_depreciation_pct,2021,0.0
BHR,Bahrain,currency_depreciation_pct,2022,0.0
BHR,Bahrain,currency_depreciation_pct,2023,0.0
BHR,Bahrain,currency_depreciation_pct,2024,0.0
BHR,Bahrain,currency_depreciation_pct,2025,0.0
BTN,Bhutan,currency_depreciation_pct,2011,2.065910919089558
BTN,Bhutan,currency_depreciation_pct,2012,14.499033650117163
BTN,Bhutan,currency_depreciation_pct,2013,9.657333962524197
BTN,Bhutan,currency_depreciation_pct,2014,4.149758454132639
BTN,Bhutan,currency_depreciation_pct,2015,5.116262238167855
BTN,Bhutan,currency_depreciation_pct,2016,4.74400015396691
BTN,Bhutan,currency_depreciation_pct,2017,-3.086144071190854
BTN,Bhutan,currency_depreciation_pct,2018,5.0181506933398925
BTN,Bhutan,currency_depreciation_pct,2019,2.969570503649506
BTN,Bhutan,currency_depreciation_pct,2020,5.224664237134258
BTN,Bhutan,currency_depreciation_pct,2021,-0.24501366985759046
BTN,Bhutan,currency_depreciation_pct,2022,6.340102485246729
BTN,Bhutan,currency_depreciation_pct,2023,5.082134409190228
BTN,Bhutan,currency_depreciation_pct,2024,1.2954170797865368
BTN,Bhutan,currency_depreciation_pct,2025,4.1701885134784025
DJI,Djibouti,currency_depreciation_pct,2011,0.0
DJI,Djibouti,currency_depreciation_pct,2012,0.0
DJI,Djibouti,currency_depreciation_pct,2013,0.0
DJI,Djibouti,currency_depreciation_pct,2014,0.0
DJI,Djibouti,currency_depreciation_pct,2015,0.0
DJI,Djibouti,currency_depreciation_pct,2016,0.0
DJI,Djibouti,currency_depreciation_pct,2017,0.0
DJI,Djibouti,currency_depreciation_pct,2018,0.0
DJI,Djibouti,currency_depreciation_pct,2019,0.0
DJI,Djibouti,currency_depreciation_pct,2020,0.0
DJI,Djibouti,currency_depreciation_pct,2021,0.0
DJI,Djibouti,currency_depreciation_pct,2022,0.0
DJI,Djibouti,currency_depreciation_pct,2023,0.0
DJI,Djibouti,currency_depreciation_pct,2024,0.0
DJI,Djibouti,currency_depreciation_pct,2025,0.0
DZA,Algeria,currency_depreciation_pct,2011,-1.9467377254540972
DZA,Algeria,currency_depreciation_pct,2012,6.304108541674563
DZA,Algeria,currency_depreciation_pct,2013,2.3633333175701257
DZA,Algeria,currency_depreciation_pct,2014,1.5253131808964397
DZA,Algeria,currency_depreciation_pct,2015,24.959868584480212
DZA,Algeria,currency_depreciation_pct,2016,8.691537148310564
DZA,Algeria,currency_depreciation_pct,2017,1.397941456318849
DZA,Algeria,currency_depreciation_pct,2018,5.064992525960917
DZA,Algeria,currency_depreciation_pct,2019,2.366992810866806
DZA,Algeria,currency_depreciation_pct,2020,6.219539467717602
DZA,Algeria,currency_depreciation_pct,2021,6.536888715705882
DZA,Algeria,currency_depreciation_pct,2022,5.131577380535806
DZA,Algeria,currency_depreciation_pct,2023,-4.332577027227198
DZA,Algeria,currency_depreciation_pct,2024,-1.3174713050957492
DZA,Algeria,currency_depreciation_pct,2025,-1.8256303512237548
EGY,Egypt,currency_depreciation_pct,2011,5.529845081329735
EGY,Egypt,currency_depreciation_pct,2012,2.0770986291285394
EGY,Egypt,currency_depreciation_pct,2013,13.44548915892752
EGY,Egypt,currency_depreciation_pct,2014,3.0170852267697765
EGY,Egypt,currency_depreciation_pct,2015,8.670298271973422
EGY,Egypt,currency_depreciation_pct,2016,30.347991889663522
EGY,Egypt,currency_depreciation_pct,2017,77.37478919924378
EGY,Egypt,currency_depreciation_pct,2018,-0.08571946871342197
EGY,Egypt,currency_depreciation_pct,2019,-5.609795051871103
EGY,Egypt,currency_depreciation_pct,2020,-6.030851736007717
EGY,Egypt,currency_depreciation_pct,2021,-0.7274851260376332
EGY,Egypt,currency_depreciation_pct,2022,22.47375328827103
EGY,Egypt,currency_depreciation_pct,2023,59.84191444282734
EGY,Egypt,currency_depreciation_pct,2024,47.90912330330183
EGY,Egypt,currency_depreciation_pct,2025,8.672317899527059
ERI,Eritrea,currency_depreciation_pct,2011,0.0
ERI,Eritrea,currency_depreciation_pct,2012,0.0
ERI,Eritrea,currency_depreciation_pct,2013,0.0
ERI,Eritrea,currency_depreciation_pct,2014,0.0
ERI,Eritrea,currency_depreciation_pct,2015,0.0
ERI,Eritrea,currency_depreciation_pct,2016,-0.1626016260162625
ERI,Eritrea,currency_depreciation_pct,2017,-1.7915309446254093
ERI,Eritrea,currency_depreciation_pct,2018,0.0
ERI,Eritrea,currency_depreciation_pct,2019,0.0
ERI,Eritrea,currency_depreciation_pct,2020,0.0
ERI,Eritrea,currency_depreciation_pct,2021,0.0
ERI,Eritrea,currency_depreciation_pct,2022,0.0
ERI,Eritrea,currency_depreciation_pct,2023,0.0
ERI,Eritrea,currency_depreciation_pct,2024,0.0
ERI,Eritrea,currency_depreciation_pct,2025,0.0
ETH,Ethiopia,currency_depreciation_pct,2011,17.277632359372692
ETH,Ethiopia,currency_depreciation_pct,2012,4.7667013282295
ETH,Ethiopia,currency_depreciation_pct,2013,5.206890731732735
ETH,Ethiopia,currency_depreciation_pct,2014,5.149407079150683
ETH,Ethiopia,currency_depreciation_pct,2015,5.060091254811899
ETH,Ethiopia,currency_depreciation_pct,2016,5.611639013589001
ETH,Ethiopia,currency_depreciation_pct,2017,9.822389604213495
ETH,Ethiopia,currency_depreciation_pct,2018,14.930304789005444
ETH,Ethiopia,currency_depreciation_pct,2019,5.980313851357702
ETH,Ethiopia,currency_depreciation_pct,2020,20.14952107961163
ETH,Ethiopia,currency_depreciation_pct,2021,25.214221689404106
ETH,Ethiopia,currency_depreciation_pct,2022,18.34379974236282
ETH,Ethiopia,currency_depreciation_pct,2023,5.4964085615674785
ETH,Ethiopia,currency_depreciation_pct,2024,51.28187197065475
IND,India,currency_depreciation_pct,2011,2.065910919089558
IND,India,currency_depreciation_pct,2012,14.499033650117163
IND,India,currency_depreciation_pct,2013,9.657333962524197
IND,India,currency_depreciation_pct,2014,4.149758454132639
IND,India,currency_depreciation_pct,2015,5.116262238167855
IND,India,currency_depreciation_pct,2016,4.74400015396691
IND,India,currency_depreciation_pct,2017,-3.086144071190854
IND,India,currency_depreciation_pct,2018,5.0181506933398925
IND,India,currency_depreciation_pct,2019,2.969570503649506
IND,India,currency_depreciation_pct,2020,5.224664237134258
IND,India,currency_depreciation_pct,2021,-0.24501366985759046
IND,India,currency_depreciation_pct,2022,6.340102485246729
IND,India,currency_depreciation_pct,2023,5.082134409190228
IND,India,currency_depreciation_pct,2024,1.2954170797865368
IND,India,currency_depreciation_pct,2025,4.1701885134784025
IRN,Iran,currency_depreciation_pct,2011,3.5315383411613652
IRN,Iran,currency_depreciation_pct,2012,14.687222502276907
IRN,Iran,currency_depreciation_pct,2013,51.24123519005512
IRN,Iran,currency_depreciation_pct,2014,40.876686232772144
IRN,Iran,currency_depreciation_pct,2015,11.833578660739237
IRN,Iran,currency_depreciation_pct,2016,6.560714285613374
IRN,Iran,currency_depreciation_pct,2017,7.476813033084591
IRN,Iran,currency_depreciation_pct,2018,22.987908018906676
IRN,Iran,currency_depreciation_pct,2019,2.779125505649167
IRN,Iran,currency_depreciation_pct,2020,0.0
IRN,Iran,currency_depreciation_pct,2021,0.0
IRN,Iran,currency_depreciation_pct,2022,0.0
IRN,Iran,currency_depreciation_pct,2023,0.0
IRQ,Iraq,currency_depreciation_pct,2011,0.0
IRQ,Iraq,currency_depreciation_pct,2012,-0.32763532763590414
IRQ,Iraq,currency_depreciation_pct,2013,-0.014291839359147252
IRQ,Iraq,currency_depreciation_pct,2014,0.0
IRQ,Iraq,currency_depreciation_pct,2015,0.11435105774700466
IRQ,Iraq,currency_depreciation_pct,2016,1.256424900057393
IRQ,Iraq,currency_depreciation_pct,2017,0.1692047377326565
IRQ,Iraq,currency_depreciation_pct,2018,-0.10557432432432433
IRQ,Iraq,currency_depreciation_pct,2019,-0.06341154090044387
IRQ,Iraq,currency_depreciation_pct,2020,0.8460236886632826
IRQ,Iraq,currency_depreciation_pct,2021,21.644295302013422
IRQ,Iraq,currency_depreciation_pct,2022,0.0
IRQ,Iraq,currency_depreciation_pct,2023,-9.482758620689655
IRQ,Iraq,currency_depreciation_pct,2024,-0.9523809523809524
IRQ,Iraq,currency_depreciation_pct,2025,0.0
ISR,Israel,currency_depreciation_pct,2011,-4.301865986798791
ISR,Israel,currency_depreciation_pct,2012,7.76362438031029
ISR,Israel,currency_depreciation_pct,2013,-6.3581032802256034
ISR,Israel,currency_depreciation_pct,2014,-0.9093196027610997
ISR,Israel,currency_depreciation_pct,2015,8.633728581044322
ISR,Israel,currency_depreciation_pct,2016,-1.1903434672613538
ISR,Israel,currency_depreciation_pct,2017,-6.275405153883202
ISR,Israel,currency_depreciation_pct,2018,-0.24995922715093755
ISR,Israel,currency_depreciation_pct,2019,-0.7249786626049906
ISR,Israel,currency_depreciation_pct,2020,-3.4260220990900923
ISR,Israel,currency_depreciation_pct,2021,-6.1645122220134105
ISR,Israel,currency_depreciation_pct,2022,4.006443758241609
ISR,Israel,currency_depreciation_pct,2023,9.16058444968567
ISR,Israel,currency_depreciation_pct,2024,0.881964243932224
ISR,Israel,currency_depreciation_pct,2025,-6.698561148052345
JOR,Jordan,currency_depreciation_pct,2011,0.0
JOR,Jordan,currency_depreciation_pct,2012,0.0
JOR,Jordan,currency_depreciation_pct,2013,0.0
JOR,Jordan,currency_depreciation_pct,2014,0.0
JOR,Jordan,currency_depreciation_pct,2015,0.0
JOR,Jordan,currency_depreciation_pct,2016,0.0
JOR,Jordan,currency_depreciation_pct,2017,0.0
JOR,Jordan,currency_depreciation_pct,2018,0.0
JOR,Jordan,currency_depreciation_pct,2019,0.0
JOR,Jordan,currency_depreciation_pct,2020,0.0
JOR,Jordan,currency_depreciation_pct,2021,0.0
JOR,Jordan,currency_depreciation_pct,2022,0.0
JOR,Jordan,currency_depreciation_pct,2023,0.0
JOR,Jordan,currency_depreciation_pct,2024,0.0
JOR,Jordan,currency_depreciation_pct,2025,0.0
KWT,Kuwait,currency_depreciation_pct,2011,-3.7080958816824356
KWT,Kuwait,currency_depreciation_pct,2012,1.4336651286400957
KWT,Kuwait,currency_depreciation_pct,2013,1.3052587370776736
KWT,Kuwait,currency_depreciation_pct,2014,0.3447589565584831
KWT,Kuwait,currency_depreciation_pct,2015,5.72268577389362
KWT,Kuwait,currency_depreciation_pct,2016,0.4272586094429576
KWT,Kuwait,currency_depreciation_pct,2017,0.4012469126991729
KWT,Kuwait,currency_depreciation_pct,2018,-0.4592931989828697
KWT,Kuwait,currency_depreciation_pct,2019,0.5479827548220995
KWT,Kuwait,currency_depreciation_pct,2020,0.8635910138294937
KWT,Kuwait,currency_depreciation_pct,2021,-1.4988617039317325
KWT,Kuwait,currency_depreciation_pct,2022,1.5273160510924502
KWT,Kuwait,currency_depreciation_pct,2023,0.305370240516284
KWT,Kuwait,currency_depreciation_pct,2024,-0.16104369945394084
KWT,Kuwait,currency_depreciation_pct,2025,-0.07690884399213217
LBN,Lebanon,currency_depreciation_pct,2011,0.0
LBN,Lebanon,currency_depreciation_pct,2012,0.0
LBN,Lebanon,currency_depreciation_pct,2013,0.0
LBN,Lebanon,currency_depreciation_pct,2014,0.0
LBN,Lebanon,currency_depreciation_pct,2015,0.0
LBN,Lebanon,currency_depreciation_pct,2016,0.0
LBN,Lebanon,currency_depreciation_pct,2017,0.0
LBN,Lebanon,currency_depreciation_pct,2018,0.0
LBN,Lebanon,currency_depreciation_pct,2019,0.0
LBN,Lebanon,currency_depreciation_pct,2020,0.0
LBN,Lebanon,currency_depreciation_pct,2021,0.0
LBN,Lebanon,currency_depreciation_pct,2022,0.0
LBN,Lebanon,currency_depreciation_pct,2023,820.4394693200663
LBN,Lebanon,currency_depreciation_pct,2024,545.0159902707085
LBN,Lebanon,currency_depreciation_pct,2025,0.0
LBY,Libya,currency_depreciation_pct,2011,-3.3657461194964515
LBY,Libya,currency_depreciation_pct,2012,3.063927392766524
LBY,Libya,currency_depreciation_pct,2013,0.7951576319818564
LBY,Libya,currency_depreciation_pct,2014,0.055850486677335394
LBY,Libya,currency_depreciation_pct,2015,8.551368725181348
LBY,Libya,currency_depreciation_pct,2016,0.6631012089519122
LBY,Libya,currency_depreciation_pct,2017,0.2482314207404748
LBY,Libya,currency_depreciation_pct,2018,-2.0700911116768186
LBY,Libya,currency_depreciation_pct,2019,2.439343869394373
LBY,Libya,currency_depreciation_pct,2020,-0.6862953971441661
LBY,Libya,currency_depreciation_pct,2021,225.0906105658666
LBY,Libya,currency_depreciation_pct,2022,6.617675562225534
LBY,Libya,currency_depreciation_pct,2023,-0.006059756120858514
LBY,Libya,currency_depreciation_pct,2024,0.4015264584985495
LBY,Libya,currency_depreciation_pct,2025,9.733817354039237
LKA,Sri Lanka,currency_depreciation_pct,2011,-2.2104843072765976
LKA,Sri Lanka,currency_depreciation_pct,2012,15.410042622371714
LKA,Sri Lanka,currency_depreciation_pct,2013,1.1486198330977035
LKA,Sri Lanka,currency_depreciation_pct,2014,1.158801824985977
LKA,Sri Lanka,currency_depreciation_pct,2015,4.053337676561716
LKA,Sri Lanka,currency_depreciation_pct,2016,7.158086029425389
LKA,Sri Lanka,currency_depreciation_pct,2017,4.715392106027405
LKA,Sri Lanka,currency_depreciation_pct,2018,6.571781210529445
LKA,Sri Lanka,currency_depreciation_pct,2019,10.020669353146449
LKA,Sri Lanka,currency_depreciation_pct,2020,3.8309522491945525
LKA,Sri Lanka,currency_depreciation_pct,2021,7.097137531026673
LKA,Sri Lanka,currency_depreciation_pct,2022,62.31921271292731
LKA,Sri Lanka,currency_depreciation_pct,2023,1.5106526603640151
LKA,Sri Lanka,currency_depreciation_pct,2024,-7.75265959070955
LKA,Sri Lanka,currency_depreciation_pct,2025,-0.4184181090665681
MAR,Morocco,currency_depreciation_pct,2011,-3.888287713885986
MAR,Morocco,currency_depreciation_pct,2012,6.657328862724466
MAR,Morocco,currency_depreciation_pct,2013,-2.583787430467617
MAR,Morocco,currency_depreciation_pct,2014,0.009907454989713687
MAR,Morocco,currency_depreciation_pct,2015,16.154618136291145
MAR,Morocco,currency_depreciation_pct,2016,0.44168592482450375
MAR,Morocco,currency_depreciation_pct,2017,-1.17745016457521
MAR,Morocco,currency_depreciation_pct,2018,-3.156165234639164
MAR,Morocco,currency_depreciation_pct,2019,2.4608050096802425
MAR,Morocco,currency_depreciation_pct,2020,-1.2501593628224423
MAR,Morocco,currency_depreciation_pct,2021,-5.3529690520441084
MAR,Morocco,currency_depreciation_pct,2022,13.04086668837899
MAR,Morocco,currency_depreciation_pct,2023,-0.28771895966345873
MAR,Morocco,currency_depreciation_pct,2024,-1.8661428162816085
MAR,Morocco,currency_depreciation_pct,2025,-5.955148400718945
MDV,Maldives,currency_depreciation_pct,2011,14.078190653878123
MDV,Maldives,currency_depreciation_pct,2012,5.224123227254782
MDV,Maldives,currency_depreciation_pct,2013,0.012201327809906412
MDV,Maldives,currency_depreciation_pct,2014,0.08904630710368014
MDV,Maldives,currency_depreciation_pct,2015,-0.09143002013998995
MDV,Maldives,currency_depreciation_pct,2016,0.013513053881952617
MDV,Maldives,currency_depreciation_pct,2017,0.12077261713236073
MDV,Maldives,currency_depreciation_pct,2018,0.025143091688850344
MDV,Maldives,currency_depreciation_pct,2019,-0.057146643474565516
MDV,Maldives,currency_depreciation_pct,2020,-0.005021406237756613
MDV,Maldives,currency_depreciation_pct,2021,-0.055724367591824704
MDV,Maldives,currency_depreciation_pct,2022,0.09059299107823307
MDV,Maldives,currency_depreciation_pct,2023,0.0011006626774896213
MDV,Maldives,currency_depreciation_pct,2024,0.015610622724318379
MDV,Maldives,currency_depreciation_pct,2025,0.1720766799105638
NPL,Nepal,currency_depreciation_pct,2011,1.0341476774339848
NPL,Nepal,currency_depreciation_pct,2012,15.138821929726584
NPL,Nepal,currency_depreciation_pct,2013,9.220965802717329
NPL,Nepal,currency_depreciation_pct,2014,4.802575562224363
NPL,Nepal,currency_depreciation_pct,2015,4.971862049415125
NPL,Nepal,currency_depreciation_pct,2016,4.861749243146681
NPL,Nepal,currency_depreciation_pct,2017,-2.6744532470931386
NPL,Nepal,currency_depreciation_pct,2018,4.227508532778831
NPL,Nepal,currency_depreciation_pct,2019,3.3777142380611638
NPL,Nepal,currency_depreciation_pct,2020,5.093447174124364
NPL,Nepal,currency_depreciation_pct,2021,-0.1783812894280927
NPL,Nepal,currency_depreciation_pct,2022,5.980811034101424
NPL,Nepal,currency_depreciation_pct,2023,5.523987418222902
NPL,Nepal,currency_depreciation_pct,2024,1.2195273933910409
NPL,Nepal,currency_depreciation_pct,2025,4.029707994870921
OMN,Oman,currency_depreciation_pct,2011,0.0
OMN,Oman,currency_depreciation_pct,2012,0.0
OMN,Oman,currency_depreciation_pct,2013,0.0
OMN,Oman,currency_depreciation_pct,2014,0.0
OMN,Oman,currency_depreciation_pct,2015,0.0
OMN,Oman,currency_depreciation_pct,2016,0.0
OMN,Oman,currency_depreciation_pct,2017,0.0
OMN,Oman,currency_depreciation_pct,2018,0.0
OMN,Oman,currency_depreciation_pct,2019,0.0
OMN,Oman,currency_depreciation_pct,2020,0.0
OMN,Oman,currency_depreciation_pct,2021,0.0
OMN,Oman,currency_depreciation_pct,2022,0.0
OMN,Oman,currency_depreciation_pct,2023,0.0
OMN,Oman,currency_depreciation_pct,2024,0.0
OMN,Oman,currency_depreciation_pct,2025,0.0
PAK,Pakistan,currency_depreciation_pct,2011,1.3493549850850515
PAK,Pakistan,currency_depreciation_pct,2012,8.167173460952968
PAK,Pakistan,currency_depreciation_pct,2013,8.81598008143368
PAK,Pakistan,currency_depreciation_pct,2014,-0.5203350493389652
PAK,Pakistan,currency_depreciation_pct,2015,1.6510204958086523
PAK,Pakistan,currency_depreciation_pct,2016,1.945956604927463
PAK,Pakistan,currency_depreciation_pct,2017,0.6548161080883566
PAK,Pakistan,currency_depreciation_pct,2018,15.522148431358238
PAK,Pakistan,currency_depreciation_pct,2019,23.15813715997337
PAK,Pakistan,currency_depreciation_pct,2020,7.866249351607181
PAK,Pakistan,currency_depreciation_pct,2021,0.6597776157933157
PAK,Pakistan,currency_depreciation_pct,2022,25.757718170613252
PAK,Pakistan,currency_depreciation_pct,2023,36.847737852713934
PAK,Pakistan,currency_depreciation_pct,2024,-0.6332644140002947
PAK,Pakistan,currency_depreciation_pct,2025,0.9197639523974818
QAT,Qatar,currency_depreciation_pct,2011,0.0
QAT,Qatar,currency_depreciation_pct,2012,0.0
QAT,Qatar,currency_depreciation_pct,2013,0.0
QAT,Qatar,currency_depreciation_pct,2014,0.0
QAT,Qatar,currency_depreciation_pct,2015,0.0
QAT,Qatar,currency_depreciation_pct,2016,0.0
QAT,Qatar,currency_depreciation_pct,2017,0.0
QAT,Qatar,currency_depreciation_pct,2018,0.0
QAT,Qatar,currency_depreciation_pct,2019,0.0
QAT,Qatar,currency_depreciation_pct,2020,0.0
QAT,Qatar,currency_depreciation_pct,2021,0.0
QAT,Qatar,currency_depreciation_pct,2022,0.0
QAT,Qatar,currency_depreciation_pct,2023,0.0
QAT,Qatar,currency_depreciation_pct,2024,0.0
QAT,Qatar,currency_depreciation_pct,2025,0.0
SAU,Saudi Arabia,currency_depreciation_pct,2011,0.0
SAU,Saudi Arabia,currency_depreciation_pct,2012,0.0
SAU,Saudi Arabia,currency_depreciation_pct,2013,0.0
SAU,Saudi Arabia,currency_depreciation_pct,2014,0.0
SAU,Saudi Arabia,currency_depreciation_pct,2015,0.0
SAU,Saudi Arabia,currency_depreciation_pct,2016,0.0
SAU,Saudi Arabia,currency_depreciation_pct,2017,0.0
SAU,Saudi Arabia,currency_depreciation_pct,2018,0.0
SAU,Saudi Arabia,currency_depreciation_pct,2019,0.0
SAU,Saudi Arabia,currency_depreciation_pct,2020,0.0
SAU,Saudi Arabia,currency_depreciation_pct,2021,0.0
SAU,Saudi Arabia,currency_depreciation_pct,2022,0.0
SAU,Saudi Arabia,currency_depreciation_pct,2023,0.0
SAU,Saudi Arabia,currency_depreciation_pct,2024,0.0
SAU,Saudi Arabia,currency_depreciation_pct,2025,0.0
SDN,Sudan,currency_depreciation_pct,2011,15.638272233731609
SDN,Sudan,currency_depreciation_pct,2012,33.98830129943518
SDN,Sudan,currency_depreciation_pct,2013,33.1322703293456
SDN,Sudan,currency_depreciation_pct,2014,20.604487231933916
SDN,Sudan,currency_depreciation_pct,2015,5.035256143016497
SDN,Sudan,currency_depreciation_pct,2016,3.0864470816538008
SDN,Sudan,currency_depreciation_pct,2017,7.592854098853046
SDN,Sudan,currency_depreciation_pct,2018,264.0221520584197
SDN,Sudan,currency_depreciation_pct,2019,88.11793770487917
SDN,Sudan,currency_depreciation_pct,2020,17.98011291419099
SDN,Sudan,currency_depreciation_pct,2021,586.6999436686787
SDN,Sudan,currency_depreciation_pct,2022,47.45758780731366
SOM,Somalia,currency_depreciation_pct,2011,-4.16642529432213
SOM,Somalia,currency_depreciation_pct,2012,-24.863603494115743
SOM,Somalia,currency_depreciation_pct,2013,-14.355126593165457
SOM,Somalia,currency_depreciation_pct,2014,4.911527722936147
SOM,Somalia,currency_depreciation_pct,2015,10.001056004891348
SOM,Somalia,currency_depreciation_pct,2016,3.628741249890161
SOM,Somalia,currency_depreciation_pct,2017,0.15698268433823628
SSD,South Sudan,currency_depreciation_pct,2012,-1.303133207313599
SSD,South Sudan,currency_depreciation_pct,2013,0.0
SSD,South Sudan,currency_depreciation_pct,2014,0.0
SSD,South Sudan,currency_depreciation_pct,2015,22.175141242937617
SSD,South Sudan,currency_depreciation_pct,2016,1196.531791907515
SSD,South Sudan,currency_depreciation_pct,2017,143.20463664734763
SSD,South Sudan,currency_depreciation_pct,2018,24.407341413874498
SSD,South Sudan,currency_depreciation_pct,2019,11.750352168710707
SSD,South Sudan,currency_depreciation_pct,2020,5.005184626501201
SSD,South Sudan,currency_depreciation_pct,2021,84.65407439069782
SSD,South Sudan,currency_depreciation_pct,2022,74.47466233778145
SSD,South Sudan,currency_depreciation_pct,2023,74.05275122698285
SSD,South Sudan,currency_depreciation_pct,2024,132.50895369429827
SYR,Syria,currency_depreciation_pct,2011,330.61618411284365
SYR,Syria,currency_depreciation_pct,2012,33.60630301358511
SYR,Syria,currency_depreciation_pct,2013,68.3678077861074
SYR,Syria,currency_depreciation_pct,2014,41.75045984058903
SYR,Syria,currency_depreciation_pct,2015,53.7852245939577
SYR,Syria,currency_depreciation_pct,2016,94.18531474677829
SYR,Syria,currency_depreciation_pct,2017,7.025135290251678
SYR,Syria,currency_depreciation_pct,2018,-11.390499261587435
SYR,Syria,currency_depreciation_pct,2019,0.0
SYR,Syria,currency_depreciation_pct,2020,101.13293262223529
SYR,Syria,currency_depreciation_pct,2021,43.06131261808058
SYR,Syria,currency_depreciation_pct,2022,99.50214258429381
TUN,Tunisia,currency_depreciation_pct,2011,-1.6498998649343264
TUN,Tunisia,currency_depreciation_pct,2012,10.946878662672782
TUN,Tunisia,currency_depreciation_pct,2013,4.018631253768362
TUN,Tunisia,currency_depreciation_pct,2014,4.494278284152271
TUN,Tunisia,currency_depreciation_pct,2015,15.547734401460817
TUN,Tunisia,currency_depreciation_pct,2016,9.502750695639083
TUN,Tunisia,currency_depreciation_pct,2017,12.63442528824833
TUN,Tunisia,currency_depreciation_pct,2018,9.400649603383444
TUN,Tunisia,currency_depreciation_pct,2019,10.864418305921632
TUN,Tunisia,currency_depreciation_pct,2020,-4.160087694387342
TUN,Tunisia,currency_depreciation_pct,2021,-0.636180192780199
TUN,Tunisia,currency_depreciation_pct,2022,11.06233747644181
TUN,Tunisia,currency_depreciation_pct,2023,0.08269966060896844
TUN,Tunisia,currency_depreciation_pct,2024,0.041315662392229446
TUN,Tunisia,currency_depreciation_pct,2025,-3.5425616931355286
TUR,Turkey,currency_depreciation_pct,2011,11.451979853523856
TUR,Turkey,currency_depreciation_pct,2012,7.226846382175312
TUR,Turkey,currency_depreciation_pct,2013,6.000403194061786
TUR,Turkey,currency_depreciation_pct,2014,14.958447617610767
TUR,Turkey,currency_depreciation_pct,2015,24.28402144913837
TUR,Turkey,currency_depreciation_pct,2016,11.034017617795
TUR,Turkey,currency_depreciation_pct,2017,20.793704244069882
TUR,Turkey,currency_depreciation_pct,2018,32.35182570936027
TUR,Turkey,currency_depreciation_pct,2019,17.51003206982694
TUR,Turkey,currency_depreciation_pct,2020,23.525354520277588
TUR,Turkey,currency_depreciation_pct,2021,26.27915290540211
TUR,Turkey,currency_depreciation_pct,2022,86.98416231292211
TUR,Turkey,currency_depreciation_pct,2023,43.44532205472075
TUR,Turkey,currency_depreciation_pct,2024,38.19647435604129
TUR,Turkey,currency_depreciation_pct,2025,20.267572202076238
YEM,Yemen,currency_depreciation_pct,2011,-2.636732091625298
YEM,Yemen,currency_depreciation_pct,2012,0.25685999376332863
YEM,Yemen,currency_depreciation_pct,2013,0.2523141758582282
YEM,Yemen,currency_depreciation_pct,2014,0.0
YEM,Yemen,currency_depreciation_pct,2015,7.419299796795112
YEM,Yemen,currency_depreciation_pct,2016,22.98736462093865
YEM,Yemen,currency_depreciation_pct,2017,-0.5991047185732967
YEM,Yemen,currency_depreciation_pct,2018,-23.850528889597623
YEM,Yemen,currency_depreciation_pct,2019,126.50236071435062
YEM,Yemen,currency_depreciation_pct,2020,52.65230322124922
YEM,Yemen,currency_depreciation_pct,2021,38.371399914585766
YEM,Yemen,currency_depreciation_pct,2022,8.451899366748016
YEM,Yemen,currency_depreciation_pct,2023,21.534841029775258
